stage,dataset,split_seed,scheme,condition,exposures,model,seed,contrast,estimate,lower,upper,confidence,resamples,identity_clusters,bootstrap_seed
bounded_validation,MOBIO,91831,IoM-GRP,independent_unseen_keys,10,mean_mlp,601,ten_minus_one,0.016666666666666666,-0.0375,0.0875,0.95,2000,30,91223
bounded_validation,MOBIO,91831,IoM-GRP,independent_unseen_keys,10,mean_mlp,607,ten_minus_one,-0.0125,-0.05,0.03333333333333333,0.95,2000,30,91223
bounded_validation,MOBIO,91831,IoM-GRP,independent_unseen_keys,10,mean_mlp,613,ten_minus_one,0.0125,-0.041666666666666664,0.08333333333333333,0.95,2000,30,91223
bounded_validation,MOBIO,91831,IoM-GRP,independent_unseen_keys,10,deepsets,601,ten_minus_one,0.016666666666666666,-0.0375,0.0875,0.95,2000,30,91223
bounded_validation,MOBIO,91831,IoM-GRP,independent_unseen_keys,10,deepsets,607,ten_minus_one,-0.0125,-0.05,0.03333333333333333,0.95,2000,30,91223
bounded_validation,MOBIO,91831,IoM-GRP,independent_unseen_keys,10,deepsets,613,ten_minus_one,-0.004166666666666667,-0.041666666666666664,0.03333333333333333,0.95,2000,30,91223
bounded_validation,SCface,91831,IoM-GRP,independent_unseen_keys,10,mean_mlp,601,ten_minus_one,0.0,0.0,0.0,0.95,2000,26,91223
bounded_validation,SCface,91831,IoM-GRP,independent_unseen_keys,10,mean_mlp,607,ten_minus_one,0.0,0.0,0.0,0.95,2000,26,91223
bounded_validation,SCface,91831,IoM-GRP,independent_unseen_keys,10,mean_mlp,613,ten_minus_one,0.0,0.0,0.0,0.95,2000,26,91223
bounded_validation,SCface,91831,IoM-GRP,independent_unseen_keys,10,deepsets,601,ten_minus_one,0.0,0.0,0.0,0.95,2000,26,91223
bounded_validation,SCface,91831,IoM-GRP,independent_unseen_keys,10,deepsets,607,ten_minus_one,0.0,0.0,0.0,0.95,2000,26,91223
bounded_validation,SCface,91831,IoM-GRP,independent_unseen_keys,10,deepsets,613,ten_minus_one,0.0,0.0,0.0,0.95,2000,26,91223
bounded_validation,MOBIO,91843,IoM-GRP,independent_unseen_keys,10,mean_mlp,601,ten_minus_one,-0.016666666666666666,-0.06666666666666667,0.029166666666666667,0.95,2000,30,91223
bounded_validation,MOBIO,91843,IoM-GRP,independent_unseen_keys,10,mean_mlp,607,ten_minus_one,-0.0125,-0.07083333333333333,0.0625,0.95,2000,30,91223
bounded_validation,MOBIO,91843,IoM-GRP,independent_unseen_keys,10,mean_mlp,613,ten_minus_one,0.004166666666666667,-0.058333333333333334,0.0875,0.95,2000,30,91223
bounded_validation,MOBIO,91843,IoM-GRP,independent_unseen_keys,10,deepsets,601,ten_minus_one,-0.008333333333333333,-0.05416666666666667,0.05,0.95,2000,30,91223
bounded_validation,MOBIO,91843,IoM-GRP,independent_unseen_keys,10,deepsets,607,ten_minus_one,-0.008333333333333333,-0.07083333333333333,0.08333333333333333,0.95,2000,30,91223
bounded_validation,MOBIO,91843,IoM-GRP,independent_unseen_keys,10,deepsets,613,ten_minus_one,0.004166666666666667,-0.05,0.075,0.95,2000,30,91223
bounded_validation,SCface,91843,IoM-GRP,independent_unseen_keys,10,mean_mlp,601,ten_minus_one,-0.009615384615384616,-0.07211538461538461,0.04326923076923077,0.95,2000,26,91223
bounded_validation,SCface,91843,IoM-GRP,independent_unseen_keys,10,mean_mlp,607,ten_minus_one,0.0,0.0,0.0,0.95,2000,26,91223
bounded_validation,SCface,91843,IoM-GRP,independent_unseen_keys,10,mean_mlp,613,ten_minus_one,-0.004807692307692308,-0.08653846153846154,0.07211538461538461,0.95,2000,26,91223
bounded_validation,SCface,91843,IoM-GRP,independent_unseen_keys,10,deepsets,601,ten_minus_one,-0.004807692307692308,-0.057692307692307696,0.04326923076923077,0.95,2000,26,91223
bounded_validation,SCface,91843,IoM-GRP,independent_unseen_keys,10,deepsets,607,ten_minus_one,0.0,0.0,0.0,0.95,2000,26,91223
bounded_validation,SCface,91843,IoM-GRP,independent_unseen_keys,10,deepsets,613,ten_minus_one,-0.004807692307692308,-0.10096153846153846,0.08653846153846154,0.95,2000,26,91223
bounded_validation,MOBIO,91831,PolyProtect,independent_unseen_keys,10,mean_mlp,601,ten_minus_one,0.0375,0.0,0.09583333333333334,0.95,2000,30,91223
bounded_validation,MOBIO,91831,PolyProtect,independent_unseen_keys,10,mean_mlp,607,ten_minus_one,-0.008333333333333333,-0.0625,0.0375,0.95,2000,30,91223
bounded_validation,MOBIO,91831,PolyProtect,independent_unseen_keys,10,mean_mlp,613,ten_minus_one,0.025,-0.004166666666666667,0.0625,0.95,2000,30,91223
bounded_validation,MOBIO,91831,PolyProtect,independent_unseen_keys,10,deepsets,601,ten_minus_one,0.016666666666666666,-0.05,0.1,0.95,2000,30,91223
bounded_validation,MOBIO,91831,PolyProtect,independent_unseen_keys,10,deepsets,607,ten_minus_one,-0.004166666666666667,-0.05,0.0375,0.95,2000,30,91223
bounded_validation,MOBIO,91831,PolyProtect,independent_unseen_keys,10,deepsets,613,ten_minus_one,-0.004166666666666667,-0.05,0.04583333333333333,0.95,2000,30,91223
bounded_validation,SCface,91831,PolyProtect,independent_unseen_keys,10,mean_mlp,601,ten_minus_one,0.0,0.0,0.0,0.95,2000,26,91223
bounded_validation,SCface,91831,PolyProtect,independent_unseen_keys,10,mean_mlp,607,ten_minus_one,0.0,0.0,0.0,0.95,2000,26,91223
bounded_validation,SCface,91831,PolyProtect,independent_unseen_keys,10,mean_mlp,613,ten_minus_one,0.009615384615384616,0.0,0.028846153846153848,0.95,2000,26,91223
bounded_validation,SCface,91831,PolyProtect,independent_unseen_keys,10,deepsets,601,ten_minus_one,0.0,0.0,0.0,0.95,2000,26,91223
bounded_validation,SCface,91831,PolyProtect,independent_unseen_keys,10,deepsets,607,ten_minus_one,0.0,0.0,0.0,0.95,2000,26,91223
bounded_validation,SCface,91831,PolyProtect,independent_unseen_keys,10,deepsets,613,ten_minus_one,0.0,0.0,0.0,0.95,2000,26,91223
bounded_validation,MOBIO,91843,PolyProtect,independent_unseen_keys,10,mean_mlp,601,ten_minus_one,-0.029166666666666667,-0.12083333333333333,0.04593749999999943,0.95,2000,30,91223
bounded_validation,MOBIO,91843,PolyProtect,independent_unseen_keys,10,mean_mlp,607,ten_minus_one,0.008333333333333333,-0.016666666666666666,0.05,0.95,2000,30,91223
bounded_validation,MOBIO,91843,PolyProtect,independent_unseen_keys,10,mean_mlp,613,ten_minus_one,0.0,-0.05,0.05,0.95,2000,30,91223
bounded_validation,MOBIO,91843,PolyProtect,independent_unseen_keys,10,deepsets,601,ten_minus_one,-0.025,-0.075,0.008333333333333333,0.95,2000,30,91223
bounded_validation,MOBIO,91843,PolyProtect,independent_unseen_keys,10,deepsets,607,ten_minus_one,0.008333333333333333,-0.016666666666666666,0.05,0.95,2000,30,91223
bounded_validation,MOBIO,91843,PolyProtect,independent_unseen_keys,10,deepsets,613,ten_minus_one,0.0125,-0.0125,0.05,0.95,2000,30,91223
bounded_validation,SCface,91843,PolyProtect,independent_unseen_keys,10,mean_mlp,601,ten_minus_one,-0.009615384615384616,-0.04807692307692308,0.02403846153846154,0.95,2000,26,91223
bounded_validation,SCface,91843,PolyProtect,independent_unseen_keys,10,mean_mlp,607,ten_minus_one,0.009615384615384616,0.0,0.028846153846153848,0.95,2000,26,91223
bounded_validation,SCface,91843,PolyProtect,independent_unseen_keys,10,mean_mlp,613,ten_minus_one,0.0,0.0,0.0,0.95,2000,26,91223
bounded_validation,SCface,91843,PolyProtect,independent_unseen_keys,10,deepsets,601,ten_minus_one,-0.02403846153846154,-0.07692307692307693,0.009615384615384616,0.95,2000,26,91223
bounded_validation,SCface,91843,PolyProtect,independent_unseen_keys,10,deepsets,607,ten_minus_one,-0.004807692307692308,-0.028846153846153848,0.014423076923076924,0.95,2000,26,91223
bounded_validation,SCface,91843,PolyProtect,independent_unseen_keys,10,deepsets,613,ten_minus_one,0.009615384615384616,-0.014423076923076924,0.04326923076923077,0.95,2000,26,91223
bounded_validation,MOBIO,91831,IoM-GRP,random_key_pool_1,1,single_mlp,601,reuse_minus_fresh,0.975,0.9416666666666667,0.9958333333333333,0.95,2000,30,91223
bounded_validation,MOBIO,91831,IoM-GRP,random_key_pool_1,1,single_mlp,607,reuse_minus_fresh,0.9458333333333333,0.9041666666666667,0.9833333333333333,0.95,2000,30,91223
bounded_validation,MOBIO,91831,IoM-GRP,random_key_pool_1,1,single_mlp,613,reuse_minus_fresh,0.95,0.8958333333333334,0.9875,0.95,2000,30,91223
bounded_validation,MOBIO,91831,IoM-GRP,random_key_pool_1,2,mean_mlp,601,reuse_minus_fresh,0.9708333333333333,0.925,1.0,0.95,2000,30,91223
bounded_validation,MOBIO,91831,IoM-GRP,random_key_pool_1,2,mean_mlp,607,reuse_minus_fresh,0.9458333333333333,0.875,1.0,0.95,2000,30,91223
bounded_validation,MOBIO,91831,IoM-GRP,random_key_pool_1,2,mean_mlp,613,reuse_minus_fresh,0.9708333333333333,0.9125,1.0,0.95,2000,30,91223
bounded_validation,MOBIO,91831,IoM-GRP,random_key_pool_1,2,deepsets,601,reuse_minus_fresh,0.9166666666666666,0.825,0.9833333333333333,0.95,2000,30,91223
bounded_validation,MOBIO,91831,IoM-GRP,random_key_pool_1,2,deepsets,607,reuse_minus_fresh,0.9375,0.8625,0.9916666666666667,0.95,2000,30,91223
bounded_validation,MOBIO,91831,IoM-GRP,random_key_pool_1,2,deepsets,613,reuse_minus_fresh,0.9166666666666666,0.8333333333333334,0.9833333333333333,0.95,2000,30,91223
bounded_validation,MOBIO,91831,IoM-GRP,random_key_pool_1,5,mean_mlp,601,reuse_minus_fresh,0.9666666666666667,0.9083333333333333,1.0,0.95,2000,30,91223
bounded_validation,MOBIO,91831,IoM-GRP,random_key_pool_1,5,mean_mlp,607,reuse_minus_fresh,0.9666666666666667,0.9,1.0,0.95,2000,30,91223
bounded_validation,MOBIO,91831,IoM-GRP,random_key_pool_1,5,mean_mlp,613,reuse_minus_fresh,0.9666666666666667,0.9,1.0,0.95,2000,30,91223
bounded_validation,MOBIO,91831,IoM-GRP,random_key_pool_1,5,deepsets,601,reuse_minus_fresh,0.9083333333333333,0.8125,0.9833333333333333,0.95,2000,30,91223
bounded_validation,MOBIO,91831,IoM-GRP,random_key_pool_1,5,deepsets,607,reuse_minus_fresh,0.9291666666666667,0.8291666666666667,1.0,0.95,2000,30,91223
bounded_validation,MOBIO,91831,IoM-GRP,random_key_pool_1,5,deepsets,613,reuse_minus_fresh,0.8958333333333334,0.7833333333333333,0.975,0.95,2000,30,91223
bounded_validation,MOBIO,91831,IoM-GRP,random_key_pool_1,10,mean_mlp,601,ten_minus_one,0.008333333333333333,0.0,0.020833333333333332,0.95,2000,30,91223
bounded_validation,MOBIO,91831,IoM-GRP,random_key_pool_1,10,mean_mlp,601,reuse_minus_fresh,0.9666666666666667,0.9,1.0,0.95,2000,30,91223
bounded_validation,MOBIO,91831,IoM-GRP,random_key_pool_1,10,mean_mlp,607,ten_minus_one,0.008333333333333333,0.0,0.020833333333333332,0.95,2000,30,91223
bounded_validation,MOBIO,91831,IoM-GRP,random_key_pool_1,10,mean_mlp,607,reuse_minus_fresh,0.9666666666666667,0.9,1.0,0.95,2000,30,91223
bounded_validation,MOBIO,91831,IoM-GRP,random_key_pool_1,10,mean_mlp,613,ten_minus_one,0.0125,0.0,0.025,0.95,2000,30,91223
bounded_validation,MOBIO,91831,IoM-GRP,random_key_pool_1,10,mean_mlp,613,reuse_minus_fresh,0.95,0.8666666666666667,1.0,0.95,2000,30,91223
bounded_validation,MOBIO,91831,IoM-GRP,random_key_pool_1,10,deepsets,601,ten_minus_one,-0.04583333333333333,-0.13333333333333333,0.0125,0.95,2000,30,91223
bounded_validation,MOBIO,91831,IoM-GRP,random_key_pool_1,10,deepsets,601,reuse_minus_fresh,0.9125,0.8125,1.0,0.95,2000,30,91223
bounded_validation,MOBIO,91831,IoM-GRP,random_key_pool_1,10,deepsets,607,ten_minus_one,-0.0875,-0.2,0.0,0.95,2000,30,91223
bounded_validation,MOBIO,91831,IoM-GRP,random_key_pool_1,10,deepsets,607,reuse_minus_fresh,0.8708333333333333,0.7540625000000002,0.9666666666666667,0.95,2000,30,91223
bounded_validation,MOBIO,91831,IoM-GRP,random_key_pool_1,10,deepsets,613,ten_minus_one,-0.12083333333333333,-0.25,-0.020833333333333332,0.95,2000,30,91223
bounded_validation,MOBIO,91831,IoM-GRP,random_key_pool_1,10,deepsets,613,reuse_minus_fresh,0.8333333333333334,0.7,0.9341666666666621,0.95,2000,30,91223
bounded_validation,SCface,91831,IoM-GRP,random_key_pool_1,1,single_mlp,601,reuse_minus_fresh,0.5769230769230769,0.4567307692307692,0.6875,0.95,2000,26,91223
bounded_validation,SCface,91831,IoM-GRP,random_key_pool_1,1,single_mlp,607,reuse_minus_fresh,0.5625,0.44711538461538464,0.6730769230769231,0.95,2000,26,91223
bounded_validation,SCface,91831,IoM-GRP,random_key_pool_1,1,single_mlp,613,reuse_minus_fresh,0.6057692307692307,0.49038461538461536,0.7067307692307693,0.95,2000,26,91223
bounded_validation,SCface,91831,IoM-GRP,random_key_pool_1,2,mean_mlp,601,reuse_minus_fresh,0.6971153846153846,0.5673076923076923,0.8076923076923077,0.95,2000,26,91223
bounded_validation,SCface,91831,IoM-GRP,random_key_pool_1,2,mean_mlp,607,reuse_minus_fresh,0.7163461538461539,0.5912259615384617,0.8269230769230769,0.95,2000,26,91223
bounded_validation,SCface,91831,IoM-GRP,random_key_pool_1,2,mean_mlp,613,reuse_minus_fresh,0.7403846153846154,0.6153846153846154,0.8510817307692301,0.95,2000,26,91223
bounded_validation,SCface,91831,IoM-GRP,random_key_pool_1,2,deepsets,601,reuse_minus_fresh,0.6201923076923077,0.4855769230769231,0.7403846153846154,0.95,2000,26,91223
bounded_validation,SCface,91831,IoM-GRP,random_key_pool_1,2,deepsets,607,reuse_minus_fresh,0.5913461538461539,0.47596153846153844,0.6971153846153846,0.95,2000,26,91223
bounded_validation,SCface,91831,IoM-GRP,random_key_pool_1,2,deepsets,613,reuse_minus_fresh,0.6009615384615384,0.46634615384615385,0.7307692307692307,0.95,2000,26,91223
bounded_validation,SCface,91831,IoM-GRP,random_key_pool_1,5,mean_mlp,601,reuse_minus_fresh,0.8221153846153846,0.6923076923076923,0.9278846153846154,0.95,2000,26,91223
bounded_validation,SCface,91831,IoM-GRP,random_key_pool_1,5,mean_mlp,607,reuse_minus_fresh,0.8221153846153846,0.6875,0.9278846153846154,0.95,2000,26,91223
bounded_validation,SCface,91831,IoM-GRP,random_key_pool_1,5,mean_mlp,613,reuse_minus_fresh,0.8221153846153846,0.6875,0.9326923076923077,0.95,2000,26,91223
bounded_validation,SCface,91831,IoM-GRP,random_key_pool_1,5,deepsets,601,reuse_minus_fresh,0.7019230769230769,0.5625,0.8221153846153846,0.95,2000,26,91223
bounded_validation,SCface,91831,IoM-GRP,random_key_pool_1,5,deepsets,607,reuse_minus_fresh,0.6682692307692307,0.5240384615384616,0.7980769230769231,0.95,2000,26,91223
bounded_validation,SCface,91831,IoM-GRP,random_key_pool_1,5,deepsets,613,reuse_minus_fresh,0.6778846153846154,0.5288461538461539,0.8125,0.95,2000,26,91223
bounded_validation,SCface,91831,IoM-GRP,random_key_pool_1,10,mean_mlp,601,ten_minus_one,0.28365384615384615,0.20192307692307693,0.36538461538461536,0.95,2000,26,91223
bounded_validation,SCface,91831,IoM-GRP,random_key_pool_1,10,mean_mlp,601,reuse_minus_fresh,0.8605769230769231,0.7211538461538461,0.9663461538461539,0.95,2000,26,91223
bounded_validation,SCface,91831,IoM-GRP,random_key_pool_1,10,mean_mlp,607,ten_minus_one,0.28846153846153844,0.20673076923076922,0.3701923076923077,0.95,2000,26,91223
bounded_validation,SCface,91831,IoM-GRP,random_key_pool_1,10,mean_mlp,607,reuse_minus_fresh,0.8509615384615384,0.7115384615384616,0.9568509615384609,0.95,2000,26,91223
bounded_validation,SCface,91831,IoM-GRP,random_key_pool_1,10,mean_mlp,613,ten_minus_one,0.25,0.1778846153846154,0.31742788461538396,0.95,2000,26,91223
bounded_validation,SCface,91831,IoM-GRP,random_key_pool_1,10,mean_mlp,613,reuse_minus_fresh,0.8557692307692307,0.721033653846154,0.9615384615384616,0.95,2000,26,91223
bounded_validation,SCface,91831,IoM-GRP,random_key_pool_1,10,deepsets,601,ten_minus_one,0.14423076923076922,0.028846153846153848,0.2548076923076923,0.95,2000,26,91223
bounded_validation,SCface,91831,IoM-GRP,random_key_pool_1,10,deepsets,601,reuse_minus_fresh,0.7211538461538461,0.5625,0.8606971153846148,0.95,2000,26,91223
bounded_validation,SCface,91831,IoM-GRP,random_key_pool_1,10,deepsets,607,ten_minus_one,0.03365384615384615,-0.09627403846153826,0.16826923076923078,0.95,2000,26,91223
bounded_validation,SCface,91831,IoM-GRP,random_key_pool_1,10,deepsets,607,reuse_minus_fresh,0.5961538461538461,0.42776442307692325,0.7548076923076923,0.95,2000,26,91223
bounded_validation,SCface,91831,IoM-GRP,random_key_pool_1,10,deepsets,613,ten_minus_one,0.04807692307692308,-0.07692307692307693,0.17307692307692307,0.95,2000,26,91223
bounded_validation,SCface,91831,IoM-GRP,random_key_pool_1,10,deepsets,613,reuse_minus_fresh,0.6538461538461539,0.4855769230769231,0.8125,0.95,2000,26,91223
bounded_validation,MOBIO,91843,IoM-GRP,random_key_pool_1,1,single_mlp,601,reuse_minus_fresh,0.9458333333333333,0.8958333333333334,0.9833333333333333,0.95,2000,30,91223
bounded_validation,MOBIO,91843,IoM-GRP,random_key_pool_1,1,single_mlp,607,reuse_minus_fresh,0.9375,0.8875,0.9791666666666666,0.95,2000,30,91223
bounded_validation,MOBIO,91843,IoM-GRP,random_key_pool_1,1,single_mlp,613,reuse_minus_fresh,0.95,0.9,0.9916666666666667,0.95,2000,30,91223
bounded_validation,MOBIO,91843,IoM-GRP,random_key_pool_1,2,mean_mlp,601,reuse_minus_fresh,0.9541666666666667,0.8916666666666667,1.0,0.95,2000,30,91223
bounded_validation,MOBIO,91843,IoM-GRP,random_key_pool_1,2,mean_mlp,607,reuse_minus_fresh,0.95,0.8958333333333334,0.9875,0.95,2000,30,91223
bounded_validation,MOBIO,91843,IoM-GRP,random_key_pool_1,2,mean_mlp,613,reuse_minus_fresh,0.9583333333333334,0.9125,0.9916666666666667,0.95,2000,30,91223
bounded_validation,MOBIO,91843,IoM-GRP,random_key_pool_1,2,deepsets,601,reuse_minus_fresh,0.9041666666666667,0.8,0.9833333333333333,0.95,2000,30,91223
bounded_validation,MOBIO,91843,IoM-GRP,random_key_pool_1,2,deepsets,607,reuse_minus_fresh,0.8625,0.7457291666666669,0.9541666666666667,0.95,2000,30,91223
bounded_validation,MOBIO,91843,IoM-GRP,random_key_pool_1,2,deepsets,613,reuse_minus_fresh,0.9333333333333333,0.8416666666666667,0.9958333333333333,0.95,2000,30,91223
bounded_validation,MOBIO,91843,IoM-GRP,random_key_pool_1,5,mean_mlp,601,reuse_minus_fresh,0.9666666666666667,0.9,1.0,0.95,2000,30,91223
bounded_validation,MOBIO,91843,IoM-GRP,random_key_pool_1,5,mean_mlp,607,reuse_minus_fresh,0.9791666666666666,0.9375,1.0,0.95,2000,30,91223
bounded_validation,MOBIO,91843,IoM-GRP,random_key_pool_1,5,mean_mlp,613,reuse_minus_fresh,0.9583333333333334,0.9,1.0,0.95,2000,30,91223
bounded_validation,MOBIO,91843,IoM-GRP,random_key_pool_1,5,deepsets,601,reuse_minus_fresh,0.8958333333333334,0.7875,0.975,0.95,2000,30,91223
bounded_validation,MOBIO,91843,IoM-GRP,random_key_pool_1,5,deepsets,607,reuse_minus_fresh,0.8166666666666667,0.675,0.9333333333333333,0.95,2000,30,91223
bounded_validation,MOBIO,91843,IoM-GRP,random_key_pool_1,5,deepsets,613,reuse_minus_fresh,0.8708333333333333,0.75,0.9666666666666667,0.95,2000,30,91223
bounded_validation,MOBIO,91843,IoM-GRP,random_key_pool_1,10,mean_mlp,601,ten_minus_one,0.0125,0.0,0.0375,0.95,2000,30,91223
bounded_validation,MOBIO,91843,IoM-GRP,random_key_pool_1,10,mean_mlp,601,reuse_minus_fresh,0.975,0.925,1.0,0.95,2000,30,91223
bounded_validation,MOBIO,91843,IoM-GRP,random_key_pool_1,10,mean_mlp,607,ten_minus_one,0.020833333333333332,0.0,0.058333333333333334,0.95,2000,30,91223
bounded_validation,MOBIO,91843,IoM-GRP,random_key_pool_1,10,mean_mlp,607,reuse_minus_fresh,0.9708333333333333,0.9165625000000002,1.0,0.95,2000,30,91223
bounded_validation,MOBIO,91843,IoM-GRP,random_key_pool_1,10,mean_mlp,613,ten_minus_one,0.020833333333333332,0.0,0.058333333333333334,0.95,2000,30,91223
bounded_validation,MOBIO,91843,IoM-GRP,random_key_pool_1,10,mean_mlp,613,reuse_minus_fresh,0.9666666666666667,0.9,1.0,0.95,2000,30,91223
bounded_validation,MOBIO,91843,IoM-GRP,random_key_pool_1,10,deepsets,601,ten_minus_one,-0.020833333333333332,-0.1,0.0375,0.95,2000,30,91223
bounded_validation,MOBIO,91843,IoM-GRP,random_key_pool_1,10,deepsets,601,reuse_minus_fresh,0.9333333333333333,0.8333333333333334,1.0,0.95,2000,30,91223
bounded_validation,MOBIO,91843,IoM-GRP,random_key_pool_1,10,deepsets,607,ten_minus_one,-0.1125,-0.25,0.0,0.95,2000,30,91223
bounded_validation,MOBIO,91843,IoM-GRP,random_key_pool_1,10,deepsets,607,reuse_minus_fresh,0.8333333333333334,0.7,0.9666666666666667,0.95,2000,30,91223
bounded_validation,MOBIO,91843,IoM-GRP,random_key_pool_1,10,deepsets,613,ten_minus_one,-0.058333333333333334,-0.14166666666666666,0.0,0.95,2000,30,91223
bounded_validation,MOBIO,91843,IoM-GRP,random_key_pool_1,10,deepsets,613,reuse_minus_fresh,0.8875,0.7625,0.9833333333333333,0.95,2000,30,91223
bounded_validation,SCface,91843,IoM-GRP,random_key_pool_1,1,single_mlp,601,reuse_minus_fresh,0.6538461538461539,0.5384615384615384,0.7596153846153846,0.95,2000,26,91223
bounded_validation,SCface,91843,IoM-GRP,random_key_pool_1,1,single_mlp,607,reuse_minus_fresh,0.6538461538461539,0.5336538461538461,0.7548076923076923,0.95,2000,26,91223
bounded_validation,SCface,91843,IoM-GRP,random_key_pool_1,1,single_mlp,613,reuse_minus_fresh,0.6586538461538461,0.5480769230769231,0.7596153846153846,0.95,2000,26,91223
bounded_validation,SCface,91843,IoM-GRP,random_key_pool_1,2,mean_mlp,601,reuse_minus_fresh,0.8028846153846154,0.6826923076923077,0.8894230769230769,0.95,2000,26,91223
bounded_validation,SCface,91843,IoM-GRP,random_key_pool_1,2,mean_mlp,607,reuse_minus_fresh,0.8028846153846154,0.6875,0.8942307692307693,0.95,2000,26,91223
bounded_validation,SCface,91843,IoM-GRP,random_key_pool_1,2,mean_mlp,613,reuse_minus_fresh,0.7932692307692307,0.6873798076923079,0.8798076923076923,0.95,2000,26,91223
bounded_validation,SCface,91843,IoM-GRP,random_key_pool_1,2,deepsets,601,reuse_minus_fresh,0.7355769230769231,0.6009615384615384,0.8509615384615384,0.95,2000,26,91223
bounded_validation,SCface,91843,IoM-GRP,random_key_pool_1,2,deepsets,607,reuse_minus_fresh,0.6634615384615384,0.5480769230769231,0.7692307692307693,0.95,2000,26,91223
bounded_validation,SCface,91843,IoM-GRP,random_key_pool_1,2,deepsets,613,reuse_minus_fresh,0.6730769230769231,0.5384615384615384,0.7884615384615384,0.95,2000,26,91223
bounded_validation,SCface,91843,IoM-GRP,random_key_pool_1,5,mean_mlp,601,reuse_minus_fresh,0.8701923076923077,0.7548076923076923,0.9615384615384616,0.95,2000,26,91223
bounded_validation,SCface,91843,IoM-GRP,random_key_pool_1,5,mean_mlp,607,reuse_minus_fresh,0.8701923076923077,0.7451923076923077,0.9615384615384616,0.95,2000,26,91223
bounded_validation,SCface,91843,IoM-GRP,random_key_pool_1,5,mean_mlp,613,reuse_minus_fresh,0.8846153846153846,0.7740384615384616,0.9663461538461539,0.95,2000,26,91223
bounded_validation,SCface,91843,IoM-GRP,random_key_pool_1,5,deepsets,601,reuse_minus_fresh,0.8461538461538461,0.7211538461538461,0.9471153846153846,0.95,2000,26,91223
bounded_validation,SCface,91843,IoM-GRP,random_key_pool_1,5,deepsets,607,reuse_minus_fresh,0.7644230769230769,0.6298076923076923,0.8846153846153846,0.95,2000,26,91223
bounded_validation,SCface,91843,IoM-GRP,random_key_pool_1,5,deepsets,613,reuse_minus_fresh,0.7163461538461539,0.5769230769230769,0.8365384615384616,0.95,2000,26,91223
bounded_validation,SCface,91843,IoM-GRP,random_key_pool_1,10,mean_mlp,601,ten_minus_one,0.2403846153846154,0.16346153846153846,0.32211538461538464,0.95,2000,26,91223
bounded_validation,SCface,91843,IoM-GRP,random_key_pool_1,10,mean_mlp,601,reuse_minus_fresh,0.9038461538461539,0.7932692307692307,0.9903846153846154,0.95,2000,26,91223
bounded_validation,SCface,91843,IoM-GRP,random_key_pool_1,10,mean_mlp,607,ten_minus_one,0.2692307692307692,0.20180288461538484,0.34615384615384615,0.95,2000,26,91223
bounded_validation,SCface,91843,IoM-GRP,random_key_pool_1,10,mean_mlp,607,reuse_minus_fresh,0.9230769230769231,0.8076923076923077,1.0,0.95,2000,26,91223
bounded_validation,SCface,91843,IoM-GRP,random_key_pool_1,10,mean_mlp,613,ten_minus_one,0.24519230769230768,0.16826923076923078,0.3173076923076923,0.95,2000,26,91223
bounded_validation,SCface,91843,IoM-GRP,random_key_pool_1,10,mean_mlp,613,reuse_minus_fresh,0.9086538461538461,0.797956730769231,0.9903846153846154,0.95,2000,26,91223
bounded_validation,SCface,91843,IoM-GRP,random_key_pool_1,10,deepsets,601,ten_minus_one,0.22115384615384615,0.1346153846153846,0.3125,0.95,2000,26,91223
bounded_validation,SCface,91843,IoM-GRP,random_key_pool_1,10,deepsets,601,reuse_minus_fresh,0.8798076923076923,0.75,0.9759615384615384,0.95,2000,26,91223
bounded_validation,SCface,91843,IoM-GRP,random_key_pool_1,10,deepsets,607,ten_minus_one,0.08653846153846154,-0.004807692307692308,0.17307692307692307,0.95,2000,26,91223
bounded_validation,SCface,91843,IoM-GRP,random_key_pool_1,10,deepsets,607,reuse_minus_fresh,0.7403846153846154,0.5913461538461539,0.8798076923076923,0.95,2000,26,91223
bounded_validation,SCface,91843,IoM-GRP,random_key_pool_1,10,deepsets,613,ten_minus_one,0.0673076923076923,-0.04326923076923077,0.16826923076923078,0.95,2000,26,91223
bounded_validation,SCface,91843,IoM-GRP,random_key_pool_1,10,deepsets,613,reuse_minus_fresh,0.7307692307692307,0.5817307692307693,0.8605769230769231,0.95,2000,26,91223
bounded_validation,MOBIO,91831,PolyProtect,random_key_pool_1,1,single_mlp,601,reuse_minus_fresh,0.9625,0.9166666666666666,1.0,0.95,2000,30,91223
bounded_validation,MOBIO,91831,PolyProtect,random_key_pool_1,1,single_mlp,607,reuse_minus_fresh,0.95,0.8875,1.0,0.95,2000,30,91223
bounded_validation,MOBIO,91831,PolyProtect,random_key_pool_1,1,single_mlp,613,reuse_minus_fresh,0.9625,0.9125,1.0,0.95,2000,30,91223
bounded_validation,MOBIO,91831,PolyProtect,random_key_pool_1,2,mean_mlp,601,reuse_minus_fresh,0.9875,0.9707291666666669,1.0,0.95,2000,30,91223
bounded_validation,MOBIO,91831,PolyProtect,random_key_pool_1,2,mean_mlp,607,reuse_minus_fresh,0.9625,0.9125,0.9958333333333333,0.95,2000,30,91223
bounded_validation,MOBIO,91831,PolyProtect,random_key_pool_1,2,mean_mlp,613,reuse_minus_fresh,0.9666666666666667,0.9166666666666666,1.0,0.95,2000,30,91223
bounded_validation,MOBIO,91831,PolyProtect,random_key_pool_1,2,deepsets,601,reuse_minus_fresh,0.7583333333333333,0.6207291666666669,0.8751041666666661,0.95,2000,30,91223
bounded_validation,MOBIO,91831,PolyProtect,random_key_pool_1,2,deepsets,607,reuse_minus_fresh,0.9125,0.8291666666666667,0.9708333333333333,0.95,2000,30,91223
bounded_validation,MOBIO,91831,PolyProtect,random_key_pool_1,2,deepsets,613,reuse_minus_fresh,0.8708333333333333,0.7583333333333333,0.9583333333333334,0.95,2000,30,91223
bounded_validation,MOBIO,91831,PolyProtect,random_key_pool_1,5,mean_mlp,601,reuse_minus_fresh,0.9541666666666667,0.9083333333333333,0.9916666666666667,0.95,2000,30,91223
bounded_validation,MOBIO,91831,PolyProtect,random_key_pool_1,5,mean_mlp,607,reuse_minus_fresh,0.95,0.8791666666666667,0.9958333333333333,0.95,2000,30,91223
bounded_validation,MOBIO,91831,PolyProtect,random_key_pool_1,5,mean_mlp,613,reuse_minus_fresh,0.95,0.8666666666666667,1.0,0.95,2000,30,91223
bounded_validation,MOBIO,91831,PolyProtect,random_key_pool_1,5,deepsets,601,reuse_minus_fresh,0.7166666666666667,0.5583333333333333,0.8542708333333328,0.95,2000,30,91223
bounded_validation,MOBIO,91831,PolyProtect,random_key_pool_1,5,deepsets,607,reuse_minus_fresh,0.8708333333333333,0.7583333333333333,0.9541666666666667,0.95,2000,30,91223
bounded_validation,MOBIO,91831,PolyProtect,random_key_pool_1,5,deepsets,613,reuse_minus_fresh,0.8625,0.7373958333333336,0.9666666666666667,0.95,2000,30,91223
bounded_validation,MOBIO,91831,PolyProtect,random_key_pool_1,10,mean_mlp,601,ten_minus_one,0.0,-0.03333333333333333,0.029166666666666667,0.95,2000,30,91223
bounded_validation,MOBIO,91831,PolyProtect,random_key_pool_1,10,mean_mlp,601,reuse_minus_fresh,0.925,0.8458333333333333,0.9916666666666667,0.95,2000,30,91223
bounded_validation,MOBIO,91831,PolyProtect,random_key_pool_1,10,mean_mlp,607,ten_minus_one,-0.075,-0.18333333333333332,0.008333333333333333,0.95,2000,30,91223
bounded_validation,MOBIO,91831,PolyProtect,random_key_pool_1,10,mean_mlp,607,reuse_minus_fresh,0.8833333333333333,0.7666666666666667,0.9833333333333333,0.95,2000,30,91223
bounded_validation,MOBIO,91831,PolyProtect,random_key_pool_1,10,mean_mlp,613,ten_minus_one,-0.0375,-0.10833333333333334,0.0,0.95,2000,30,91223
bounded_validation,MOBIO,91831,PolyProtect,random_key_pool_1,10,mean_mlp,613,reuse_minus_fresh,0.9,0.7875,0.9875,0.95,2000,30,91223
bounded_validation,MOBIO,91831,PolyProtect,random_key_pool_1,10,deepsets,601,ten_minus_one,-0.3,-0.4542708333333331,-0.15833333333333333,0.95,2000,30,91223
bounded_validation,MOBIO,91831,PolyProtect,random_key_pool_1,10,deepsets,601,reuse_minus_fresh,0.6458333333333334,0.475,0.8,0.95,2000,30,91223
bounded_validation,MOBIO,91831,PolyProtect,random_key_pool_1,10,deepsets,607,ten_minus_one,-0.1625,-0.2916666666666667,-0.058333333333333334,0.95,2000,30,91223
bounded_validation,MOBIO,91831,PolyProtect,random_key_pool_1,10,deepsets,607,reuse_minus_fresh,0.7916666666666666,0.6458333333333334,0.9125,0.95,2000,30,91223
bounded_validation,MOBIO,91831,PolyProtect,random_key_pool_1,10,deepsets,613,ten_minus_one,-0.13333333333333333,-0.26666666666666666,-0.03333333333333333,0.95,2000,30,91223
bounded_validation,MOBIO,91831,PolyProtect,random_key_pool_1,10,deepsets,613,reuse_minus_fresh,0.8333333333333334,0.7,0.9666666666666667,0.95,2000,30,91223
bounded_validation,SCface,91831,PolyProtect,random_key_pool_1,1,single_mlp,601,reuse_minus_fresh,0.5913461538461539,0.49038461538461536,0.6875,0.95,2000,26,91223
bounded_validation,SCface,91831,PolyProtect,random_key_pool_1,1,single_mlp,607,reuse_minus_fresh,0.5528846153846154,0.44711538461538464,0.6538461538461539,0.95,2000,26,91223
bounded_validation,SCface,91831,PolyProtect,random_key_pool_1,1,single_mlp,613,reuse_minus_fresh,0.5432692307692307,0.42788461538461536,0.6490384615384616,0.95,2000,26,91223
bounded_validation,SCface,91831,PolyProtect,random_key_pool_1,2,mean_mlp,601,reuse_minus_fresh,0.7403846153846154,0.6105769230769231,0.8557692307692307,0.95,2000,26,91223
bounded_validation,SCface,91831,PolyProtect,random_key_pool_1,2,mean_mlp,607,reuse_minus_fresh,0.7211538461538461,0.5961538461538461,0.8269230769230769,0.95,2000,26,91223
bounded_validation,SCface,91831,PolyProtect,random_key_pool_1,2,mean_mlp,613,reuse_minus_fresh,0.7451923076923077,0.625,0.8461538461538461,0.95,2000,26,91223
bounded_validation,SCface,91831,PolyProtect,random_key_pool_1,2,deepsets,601,reuse_minus_fresh,0.5721153846153846,0.4373798076923079,0.7019230769230769,0.95,2000,26,91223
bounded_validation,SCface,91831,PolyProtect,random_key_pool_1,2,deepsets,607,reuse_minus_fresh,0.6346153846153846,0.5144230769230769,0.7501201923076917,0.95,2000,26,91223
bounded_validation,SCface,91831,PolyProtect,random_key_pool_1,2,deepsets,613,reuse_minus_fresh,0.6009615384615384,0.47115384615384615,0.7211538461538461,0.95,2000,26,91223
bounded_validation,SCface,91831,PolyProtect,random_key_pool_1,5,mean_mlp,601,reuse_minus_fresh,0.7548076923076923,0.6105769230769231,0.8798076923076923,0.95,2000,26,91223
bounded_validation,SCface,91831,PolyProtect,random_key_pool_1,5,mean_mlp,607,reuse_minus_fresh,0.7163461538461539,0.5721153846153846,0.8413461538461539,0.95,2000,26,91223
bounded_validation,SCface,91831,PolyProtect,random_key_pool_1,5,mean_mlp,613,reuse_minus_fresh,0.7548076923076923,0.6200721153846156,0.875,0.95,2000,26,91223
bounded_validation,SCface,91831,PolyProtect,random_key_pool_1,5,deepsets,601,reuse_minus_fresh,0.5817307692307693,0.41814903846153867,0.7307692307692307,0.95,2000,26,91223
bounded_validation,SCface,91831,PolyProtect,random_key_pool_1,5,deepsets,607,reuse_minus_fresh,0.5961538461538461,0.4423076923076923,0.7403846153846154,0.95,2000,26,91223
bounded_validation,SCface,91831,PolyProtect,random_key_pool_1,5,deepsets,613,reuse_minus_fresh,0.6057692307692307,0.4375,0.7548076923076923,0.95,2000,26,91223
bounded_validation,SCface,91831,PolyProtect,random_key_pool_1,10,mean_mlp,601,ten_minus_one,0.15865384615384615,0.028846153846153848,0.27884615384615385,0.95,2000,26,91223
bounded_validation,SCface,91831,PolyProtect,random_key_pool_1,10,mean_mlp,601,reuse_minus_fresh,0.75,0.5769230769230769,0.8942307692307693,0.95,2000,26,91223
bounded_validation,SCface,91831,PolyProtect,random_key_pool_1,10,mean_mlp,607,ten_minus_one,0.11057692307692307,-0.03365384615384615,0.24531249999999932,0.95,2000,26,91223
bounded_validation,SCface,91831,PolyProtect,random_key_pool_1,10,mean_mlp,607,reuse_minus_fresh,0.6634615384615384,0.49038461538461536,0.8125,0.95,2000,26,91223
bounded_validation,SCface,91831,PolyProtect,random_key_pool_1,10,mean_mlp,613,ten_minus_one,0.20673076923076922,0.07692307692307693,0.32211538461538464,0.95,2000,26,91223
bounded_validation,SCface,91831,PolyProtect,random_key_pool_1,10,mean_mlp,613,reuse_minus_fresh,0.7403846153846154,0.5817307692307693,0.8798076923076923,0.95,2000,26,91223
bounded_validation,SCface,91831,PolyProtect,random_key_pool_1,10,deepsets,601,ten_minus_one,-0.09615384615384616,-0.25961538461538464,0.0625,0.95,2000,26,91223
bounded_validation,SCface,91831,PolyProtect,random_key_pool_1,10,deepsets,601,reuse_minus_fresh,0.4951923076923077,0.3173076923076923,0.6682692307692307,0.95,2000,26,91223
bounded_validation,SCface,91831,PolyProtect,random_key_pool_1,10,deepsets,607,ten_minus_one,0.028846153846153848,-0.11538461538461539,0.17307692307692307,0.95,2000,26,91223
bounded_validation,SCface,91831,PolyProtect,random_key_pool_1,10,deepsets,607,reuse_minus_fresh,0.5817307692307693,0.4133413461538463,0.75,0.95,2000,26,91223
bounded_validation,SCface,91831,PolyProtect,random_key_pool_1,10,deepsets,613,ten_minus_one,0.08653846153846154,-0.0673076923076923,0.23557692307692307,0.95,2000,26,91223
bounded_validation,SCface,91831,PolyProtect,random_key_pool_1,10,deepsets,613,reuse_minus_fresh,0.6298076923076923,0.4519230769230769,0.7885817307692301,0.95,2000,26,91223
bounded_validation,MOBIO,91843,PolyProtect,random_key_pool_1,1,single_mlp,601,reuse_minus_fresh,0.9333333333333333,0.85,0.9916666666666667,0.95,2000,30,91223
bounded_validation,MOBIO,91843,PolyProtect,random_key_pool_1,1,single_mlp,607,reuse_minus_fresh,0.9583333333333334,0.9166666666666666,0.9875,0.95,2000,30,91223
bounded_validation,MOBIO,91843,PolyProtect,random_key_pool_1,1,single_mlp,613,reuse_minus_fresh,0.9583333333333334,0.9125,0.9916666666666667,0.95,2000,30,91223
bounded_validation,MOBIO,91843,PolyProtect,random_key_pool_1,2,mean_mlp,601,reuse_minus_fresh,0.9583333333333334,0.8916666666666667,1.0,0.95,2000,30,91223
bounded_validation,MOBIO,91843,PolyProtect,random_key_pool_1,2,mean_mlp,607,reuse_minus_fresh,0.9708333333333333,0.9291666666666667,0.9958333333333333,0.95,2000,30,91223
bounded_validation,MOBIO,91843,PolyProtect,random_key_pool_1,2,mean_mlp,613,reuse_minus_fresh,0.9666666666666667,0.9291666666666667,0.9958333333333333,0.95,2000,30,91223
bounded_validation,MOBIO,91843,PolyProtect,random_key_pool_1,2,deepsets,601,reuse_minus_fresh,0.875,0.7666666666666667,0.9583333333333334,0.95,2000,30,91223
bounded_validation,MOBIO,91843,PolyProtect,random_key_pool_1,2,deepsets,607,reuse_minus_fresh,0.85,0.7166666666666667,0.9541666666666667,0.95,2000,30,91223
bounded_validation,MOBIO,91843,PolyProtect,random_key_pool_1,2,deepsets,613,reuse_minus_fresh,0.8916666666666667,0.775,0.975,0.95,2000,30,91223
bounded_validation,MOBIO,91843,PolyProtect,random_key_pool_1,5,mean_mlp,601,reuse_minus_fresh,0.9416666666666667,0.8791666666666667,0.9875,0.95,2000,30,91223
bounded_validation,MOBIO,91843,PolyProtect,random_key_pool_1,5,mean_mlp,607,reuse_minus_fresh,0.9458333333333333,0.8875,0.9875,0.95,2000,30,91223
bounded_validation,MOBIO,91843,PolyProtect,random_key_pool_1,5,mean_mlp,613,reuse_minus_fresh,0.9708333333333333,0.9333333333333333,1.0,0.95,2000,30,91223
bounded_validation,MOBIO,91843,PolyProtect,random_key_pool_1,5,deepsets,601,reuse_minus_fresh,0.8458333333333333,0.7125,0.9541666666666667,0.95,2000,30,91223
bounded_validation,MOBIO,91843,PolyProtect,random_key_pool_1,5,deepsets,607,reuse_minus_fresh,0.8416666666666667,0.7083333333333334,0.9583333333333334,0.95,2000,30,91223
bounded_validation,MOBIO,91843,PolyProtect,random_key_pool_1,5,deepsets,613,reuse_minus_fresh,0.8666666666666667,0.75,0.9583333333333334,0.95,2000,30,91223
bounded_validation,MOBIO,91843,PolyProtect,random_key_pool_1,10,mean_mlp,601,ten_minus_one,-0.058333333333333334,-0.15833333333333333,0.0125,0.95,2000,30,91223
bounded_validation,MOBIO,91843,PolyProtect,random_key_pool_1,10,mean_mlp,601,reuse_minus_fresh,0.9041666666666667,0.8041666666666667,0.9833333333333333,0.95,2000,30,91223
bounded_validation,MOBIO,91843,PolyProtect,random_key_pool_1,10,mean_mlp,607,ten_minus_one,-0.1,-0.22083333333333333,-0.008333333333333333,0.95,2000,30,91223
bounded_validation,MOBIO,91843,PolyProtect,random_key_pool_1,10,mean_mlp,607,reuse_minus_fresh,0.85,0.7166666666666667,0.9666666666666667,0.95,2000,30,91223
bounded_validation,MOBIO,91843,PolyProtect,random_key_pool_1,10,mean_mlp,613,ten_minus_one,-0.0125,-0.09166666666666666,0.04583333333333333,0.95,2000,30,91223
bounded_validation,MOBIO,91843,PolyProtect,random_key_pool_1,10,mean_mlp,613,reuse_minus_fresh,0.9458333333333333,0.8583333333333333,1.0,0.95,2000,30,91223
bounded_validation,MOBIO,91843,PolyProtect,random_key_pool_1,10,deepsets,601,ten_minus_one,-0.19166666666666668,-0.32916666666666666,-0.0625,0.95,2000,30,91223
bounded_validation,MOBIO,91843,PolyProtect,random_key_pool_1,10,deepsets,601,reuse_minus_fresh,0.7666666666666667,0.6083333333333333,0.9041666666666667,0.95,2000,30,91223
bounded_validation,MOBIO,91843,PolyProtect,random_key_pool_1,10,deepsets,607,ten_minus_one,-0.14166666666666666,-0.275,-0.025,0.95,2000,30,91223
bounded_validation,MOBIO,91843,PolyProtect,random_key_pool_1,10,deepsets,607,reuse_minus_fresh,0.8083333333333333,0.6666666666666666,0.9333333333333333,0.95,2000,30,91223
bounded_validation,MOBIO,91843,PolyProtect,random_key_pool_1,10,deepsets,613,ten_minus_one,-0.175,-0.32916666666666666,-0.0375,0.95,2000,30,91223
bounded_validation,MOBIO,91843,PolyProtect,random_key_pool_1,10,deepsets,613,reuse_minus_fresh,0.7708333333333334,0.6083333333333333,0.9041666666666667,0.95,2000,30,91223
bounded_validation,SCface,91843,PolyProtect,random_key_pool_1,1,single_mlp,601,reuse_minus_fresh,0.5721153846153846,0.46634615384615385,0.6634615384615384,0.95,2000,26,91223
bounded_validation,SCface,91843,PolyProtect,random_key_pool_1,1,single_mlp,607,reuse_minus_fresh,0.6586538461538461,0.5384615384615384,0.7692307692307693,0.95,2000,26,91223
bounded_validation,SCface,91843,PolyProtect,random_key_pool_1,1,single_mlp,613,reuse_minus_fresh,0.6153846153846154,0.5192307692307693,0.7019230769230769,0.95,2000,26,91223
bounded_validation,SCface,91843,PolyProtect,random_key_pool_1,2,mean_mlp,601,reuse_minus_fresh,0.7596153846153846,0.6442307692307693,0.8557692307692307,0.95,2000,26,91223
bounded_validation,SCface,91843,PolyProtect,random_key_pool_1,2,mean_mlp,607,reuse_minus_fresh,0.7644230769230769,0.6634615384615384,0.8509615384615384,0.95,2000,26,91223
bounded_validation,SCface,91843,PolyProtect,random_key_pool_1,2,mean_mlp,613,reuse_minus_fresh,0.7403846153846154,0.6394230769230769,0.8269230769230769,0.95,2000,26,91223
bounded_validation,SCface,91843,PolyProtect,random_key_pool_1,2,deepsets,601,reuse_minus_fresh,0.6394230769230769,0.5191105769230772,0.75,0.95,2000,26,91223
bounded_validation,SCface,91843,PolyProtect,random_key_pool_1,2,deepsets,607,reuse_minus_fresh,0.6057692307692307,0.46153846153846156,0.7355769230769231,0.95,2000,26,91223
bounded_validation,SCface,91843,PolyProtect,random_key_pool_1,2,deepsets,613,reuse_minus_fresh,0.6442307692307693,0.5096153846153846,0.7644230769230769,0.95,2000,26,91223
bounded_validation,SCface,91843,PolyProtect,random_key_pool_1,5,mean_mlp,601,reuse_minus_fresh,0.8461538461538461,0.7355769230769231,0.9375,0.95,2000,26,91223
bounded_validation,SCface,91843,PolyProtect,random_key_pool_1,5,mean_mlp,607,reuse_minus_fresh,0.8509615384615384,0.7306490384615386,0.9423076923076923,0.95,2000,26,91223
bounded_validation,SCface,91843,PolyProtect,random_key_pool_1,5,mean_mlp,613,reuse_minus_fresh,0.8509615384615384,0.7403846153846154,0.9326923076923077,0.95,2000,26,91223
bounded_validation,SCface,91843,PolyProtect,random_key_pool_1,5,deepsets,601,reuse_minus_fresh,0.7836538461538461,0.6682692307692307,0.8798076923076923,0.95,2000,26,91223
bounded_validation,SCface,91843,PolyProtect,random_key_pool_1,5,deepsets,607,reuse_minus_fresh,0.6634615384615384,0.5144230769230769,0.8028846153846154,0.95,2000,26,91223
bounded_validation,SCface,91843,PolyProtect,random_key_pool_1,5,deepsets,613,reuse_minus_fresh,0.7884615384615384,0.6490384615384616,0.9038461538461539,0.95,2000,26,91223
bounded_validation,SCface,91843,PolyProtect,random_key_pool_1,10,mean_mlp,601,ten_minus_one,0.25,0.15384615384615385,0.34615384615384615,0.95,2000,26,91223
bounded_validation,SCface,91843,PolyProtect,random_key_pool_1,10,mean_mlp,601,reuse_minus_fresh,0.8317307692307693,0.6923076923076923,0.9519230769230769,0.95,2000,26,91223
bounded_validation,SCface,91843,PolyProtect,random_key_pool_1,10,mean_mlp,607,ten_minus_one,0.20192307692307693,0.13942307692307693,0.2692307692307692,0.95,2000,26,91223
bounded_validation,SCface,91843,PolyProtect,random_key_pool_1,10,mean_mlp,607,reuse_minus_fresh,0.8509615384615384,0.7211538461538461,0.9520432692307685,0.95,2000,26,91223
bounded_validation,SCface,91843,PolyProtect,random_key_pool_1,10,mean_mlp,613,ten_minus_one,0.18269230769230768,0.09134615384615384,0.2548076923076923,0.95,2000,26,91223
bounded_validation,SCface,91843,PolyProtect,random_key_pool_1,10,mean_mlp,613,reuse_minus_fresh,0.7980769230769231,0.6730769230769231,0.9038461538461539,0.95,2000,26,91223
bounded_validation,SCface,91843,PolyProtect,random_key_pool_1,10,deepsets,601,ten_minus_one,0.23557692307692307,0.14423076923076922,0.3269230769230769,0.95,2000,26,91223
bounded_validation,SCface,91843,PolyProtect,random_key_pool_1,10,deepsets,601,reuse_minus_fresh,0.8317307692307693,0.6875,0.9471153846153846,0.95,2000,26,91223
bounded_validation,SCface,91843,PolyProtect,random_key_pool_1,10,deepsets,607,ten_minus_one,0.052884615384615384,-0.07692307692307693,0.16346153846153846,0.95,2000,26,91223
bounded_validation,SCface,91843,PolyProtect,random_key_pool_1,10,deepsets,607,reuse_minus_fresh,0.7163461538461539,0.5576923076923077,0.8606971153846148,0.95,2000,26,91223
bounded_validation,SCface,91843,PolyProtect,random_key_pool_1,10,deepsets,613,ten_minus_one,0.1875,0.11057692307692307,0.2644230769230769,0.95,2000,26,91223
bounded_validation,SCface,91843,PolyProtect,random_key_pool_1,10,deepsets,613,reuse_minus_fresh,0.7932692307692307,0.6346153846153846,0.9182692307692307,0.95,2000,26,91223
bounded_validation,MOBIO,91831,IoM-GRP,random_key_pool_4,1,single_mlp,601,reuse_minus_fresh,0.6,0.5166666666666667,0.6833333333333333,0.95,2000,30,91223
bounded_validation,MOBIO,91831,IoM-GRP,random_key_pool_4,1,single_mlp,607,reuse_minus_fresh,0.4875,0.4,0.575,0.95,2000,30,91223
bounded_validation,MOBIO,91831,IoM-GRP,random_key_pool_4,1,single_mlp,613,reuse_minus_fresh,0.575,0.475,0.6666666666666666,0.95,2000,30,91223
bounded_validation,MOBIO,91831,IoM-GRP,random_key_pool_4,2,mean_mlp,601,reuse_minus_fresh,0.7833333333333333,0.6958333333333333,0.8666666666666667,0.95,2000,30,91223
bounded_validation,MOBIO,91831,IoM-GRP,random_key_pool_4,2,mean_mlp,607,reuse_minus_fresh,0.7458333333333333,0.6416666666666667,0.8416666666666667,0.95,2000,30,91223
bounded_validation,MOBIO,91831,IoM-GRP,random_key_pool_4,2,mean_mlp,613,reuse_minus_fresh,0.8458333333333333,0.7708333333333334,0.9125,0.95,2000,30,91223
bounded_validation,MOBIO,91831,IoM-GRP,random_key_pool_4,2,deepsets,601,reuse_minus_fresh,0.5833333333333334,0.48333333333333334,0.6833333333333333,0.95,2000,30,91223
bounded_validation,MOBIO,91831,IoM-GRP,random_key_pool_4,2,deepsets,607,reuse_minus_fresh,0.6708333333333333,0.5375,0.7916666666666666,0.95,2000,30,91223
bounded_validation,MOBIO,91831,IoM-GRP,random_key_pool_4,2,deepsets,613,reuse_minus_fresh,0.6208333333333333,0.5,0.7333333333333333,0.95,2000,30,91223
bounded_validation,MOBIO,91831,IoM-GRP,random_key_pool_4,5,mean_mlp,601,reuse_minus_fresh,0.8875,0.8041666666666667,0.9583333333333334,0.95,2000,30,91223
bounded_validation,MOBIO,91831,IoM-GRP,random_key_pool_4,5,mean_mlp,607,reuse_minus_fresh,0.8416666666666667,0.7333333333333333,0.9375,0.95,2000,30,91223
bounded_validation,MOBIO,91831,IoM-GRP,random_key_pool_4,5,mean_mlp,613,reuse_minus_fresh,0.9291666666666667,0.8458333333333333,0.9833333333333333,0.95,2000,30,91223
bounded_validation,MOBIO,91831,IoM-GRP,random_key_pool_4,5,deepsets,601,reuse_minus_fresh,0.775,0.6625,0.8792708333333328,0.95,2000,30,91223
bounded_validation,MOBIO,91831,IoM-GRP,random_key_pool_4,5,deepsets,607,reuse_minus_fresh,0.8,0.675,0.9042708333333328,0.95,2000,30,91223
bounded_validation,MOBIO,91831,IoM-GRP,random_key_pool_4,5,deepsets,613,reuse_minus_fresh,0.6791666666666667,0.5208333333333334,0.8166666666666667,0.95,2000,30,91223
bounded_validation,MOBIO,91831,IoM-GRP,random_key_pool_4,10,mean_mlp,601,ten_minus_one,0.30416666666666664,0.21666666666666667,0.39166666666666666,0.95,2000,30,91223
bounded_validation,MOBIO,91831,IoM-GRP,random_key_pool_4,10,mean_mlp,601,reuse_minus_fresh,0.8875,0.7666666666666667,0.9875,0.95,2000,30,91223
bounded_validation,MOBIO,91831,IoM-GRP,random_key_pool_4,10,mean_mlp,607,ten_minus_one,0.32916666666666666,0.24166666666666667,0.4166666666666667,0.95,2000,30,91223
bounded_validation,MOBIO,91831,IoM-GRP,random_key_pool_4,10,mean_mlp,607,reuse_minus_fresh,0.8291666666666667,0.7083333333333334,0.9416666666666667,0.95,2000,30,91223
bounded_validation,MOBIO,91831,IoM-GRP,random_key_pool_4,10,mean_mlp,613,ten_minus_one,0.3416666666666667,0.25833333333333336,0.4209374999999994,0.95,2000,30,91223
bounded_validation,MOBIO,91831,IoM-GRP,random_key_pool_4,10,mean_mlp,613,reuse_minus_fresh,0.9041666666666667,0.7958333333333333,0.9833333333333333,0.95,2000,30,91223
bounded_validation,MOBIO,91831,IoM-GRP,random_key_pool_4,10,deepsets,601,ten_minus_one,0.0625,-0.07916666666666666,0.20833333333333334,0.95,2000,30,91223
bounded_validation,MOBIO,91831,IoM-GRP,random_key_pool_4,10,deepsets,601,reuse_minus_fresh,0.6458333333333334,0.48739583333333353,0.8083333333333333,0.95,2000,30,91223
bounded_validation,MOBIO,91831,IoM-GRP,random_key_pool_4,10,deepsets,607,ten_minus_one,0.30833333333333335,0.2,0.4083333333333333,0.95,2000,30,91223
bounded_validation,MOBIO,91831,IoM-GRP,random_key_pool_4,10,deepsets,607,reuse_minus_fresh,0.8083333333333333,0.675,0.9291666666666667,0.95,2000,30,91223
bounded_validation,MOBIO,91831,IoM-GRP,random_key_pool_4,10,deepsets,613,ten_minus_one,0.0625,-0.07916666666666666,0.2001041666666661,0.95,2000,30,91223
bounded_validation,MOBIO,91831,IoM-GRP,random_key_pool_4,10,deepsets,613,reuse_minus_fresh,0.6416666666666667,0.4832291666666669,0.7916666666666666,0.95,2000,30,91223
bounded_validation,SCface,91831,IoM-GRP,random_key_pool_4,1,single_mlp,601,reuse_minus_fresh,0.20192307692307693,0.1201923076923077,0.2980769230769231,0.95,2000,26,91223
bounded_validation,SCface,91831,IoM-GRP,random_key_pool_4,1,single_mlp,607,reuse_minus_fresh,0.16346153846153846,0.09603365384615406,0.23557692307692307,0.95,2000,26,91223
bounded_validation,SCface,91831,IoM-GRP,random_key_pool_4,1,single_mlp,613,reuse_minus_fresh,0.23076923076923078,0.13942307692307693,0.3317307692307692,0.95,2000,26,91223
bounded_validation,SCface,91831,IoM-GRP,random_key_pool_4,2,mean_mlp,601,reuse_minus_fresh,0.28846153846153844,0.18269230769230768,0.41346153846153844,0.95,2000,26,91223
bounded_validation,SCface,91831,IoM-GRP,random_key_pool_4,2,mean_mlp,607,reuse_minus_fresh,0.2980769230769231,0.19230769230769232,0.41346153846153844,0.95,2000,26,91223
bounded_validation,SCface,91831,IoM-GRP,random_key_pool_4,2,mean_mlp,613,reuse_minus_fresh,0.2980769230769231,0.1875,0.4230769230769231,0.95,2000,26,91223
bounded_validation,SCface,91831,IoM-GRP,random_key_pool_4,2,deepsets,601,reuse_minus_fresh,0.25,0.14903846153846154,0.3605769230769231,0.95,2000,26,91223
bounded_validation,SCface,91831,IoM-GRP,random_key_pool_4,2,deepsets,607,reuse_minus_fresh,0.2548076923076923,0.14903846153846154,0.375,0.95,2000,26,91223
bounded_validation,SCface,91831,IoM-GRP,random_key_pool_4,2,deepsets,613,reuse_minus_fresh,0.27403846153846156,0.15865384615384615,0.3942307692307692,0.95,2000,26,91223
bounded_validation,SCface,91831,IoM-GRP,random_key_pool_4,5,mean_mlp,601,reuse_minus_fresh,0.2980769230769231,0.16826923076923078,0.4375,0.95,2000,26,91223
bounded_validation,SCface,91831,IoM-GRP,random_key_pool_4,5,mean_mlp,607,reuse_minus_fresh,0.33653846153846156,0.19230769230769232,0.4855769230769231,0.95,2000,26,91223
bounded_validation,SCface,91831,IoM-GRP,random_key_pool_4,5,mean_mlp,613,reuse_minus_fresh,0.3125,0.17307692307692307,0.46153846153846156,0.95,2000,26,91223
bounded_validation,SCface,91831,IoM-GRP,random_key_pool_4,5,deepsets,601,reuse_minus_fresh,0.25,0.125,0.3798076923076923,0.95,2000,26,91223
bounded_validation,SCface,91831,IoM-GRP,random_key_pool_4,5,deepsets,607,reuse_minus_fresh,0.1971153846153846,0.0673076923076923,0.33653846153846156,0.95,2000,26,91223
bounded_validation,SCface,91831,IoM-GRP,random_key_pool_4,5,deepsets,613,reuse_minus_fresh,0.30288461538461536,0.16346153846153846,0.4519230769230769,0.95,2000,26,91223
bounded_validation,SCface,91831,IoM-GRP,random_key_pool_4,10,mean_mlp,601,ten_minus_one,0.125,0.014423076923076924,0.2403846153846154,0.95,2000,26,91223
bounded_validation,SCface,91831,IoM-GRP,random_key_pool_4,10,mean_mlp,601,reuse_minus_fresh,0.3269230769230769,0.1778846153846154,0.49038461538461536,0.95,2000,26,91223
bounded_validation,SCface,91831,IoM-GRP,random_key_pool_4,10,mean_mlp,607,ten_minus_one,0.20673076923076922,0.10096153846153846,0.3125,0.95,2000,26,91223
bounded_validation,SCface,91831,IoM-GRP,random_key_pool_4,10,mean_mlp,607,reuse_minus_fresh,0.3701923076923077,0.21634615384615385,0.5288461538461539,0.95,2000,26,91223
bounded_validation,SCface,91831,IoM-GRP,random_key_pool_4,10,mean_mlp,613,ten_minus_one,0.15384615384615385,0.052764423076923285,0.25961538461538464,0.95,2000,26,91223
bounded_validation,SCface,91831,IoM-GRP,random_key_pool_4,10,mean_mlp,613,reuse_minus_fresh,0.38461538461538464,0.22596153846153846,0.5528846153846154,0.95,2000,26,91223
bounded_validation,SCface,91831,IoM-GRP,random_key_pool_4,10,deepsets,601,ten_minus_one,0.057692307692307696,-0.07211538461538461,0.17800480769230703,0.95,2000,26,91223
bounded_validation,SCface,91831,IoM-GRP,random_key_pool_4,10,deepsets,601,reuse_minus_fresh,0.25961538461538464,0.11538461538461539,0.41346153846153844,0.95,2000,26,91223
bounded_validation,SCface,91831,IoM-GRP,random_key_pool_4,10,deepsets,607,ten_minus_one,0.08173076923076923,-0.02403846153846154,0.1971153846153846,0.95,2000,26,91223
bounded_validation,SCface,91831,IoM-GRP,random_key_pool_4,10,deepsets,607,reuse_minus_fresh,0.24519230769230768,0.10564903846153867,0.3942307692307692,0.95,2000,26,91223
bounded_validation,SCface,91831,IoM-GRP,random_key_pool_4,10,deepsets,613,ten_minus_one,0.07692307692307693,-0.04326923076923077,0.1971153846153846,0.95,2000,26,91223
bounded_validation,SCface,91831,IoM-GRP,random_key_pool_4,10,deepsets,613,reuse_minus_fresh,0.3076923076923077,0.16826923076923078,0.4519230769230769,0.95,2000,26,91223
bounded_validation,MOBIO,91843,IoM-GRP,random_key_pool_4,1,single_mlp,601,reuse_minus_fresh,0.5708333333333333,0.475,0.6666666666666666,0.95,2000,30,91223
bounded_validation,MOBIO,91843,IoM-GRP,random_key_pool_4,1,single_mlp,607,reuse_minus_fresh,0.6041666666666666,0.5,0.7083333333333334,0.95,2000,30,91223
bounded_validation,MOBIO,91843,IoM-GRP,random_key_pool_4,1,single_mlp,613,reuse_minus_fresh,0.625,0.5291666666666667,0.7208333333333333,0.95,2000,30,91223
bounded_validation,MOBIO,91843,IoM-GRP,random_key_pool_4,2,mean_mlp,601,reuse_minus_fresh,0.7458333333333333,0.6458333333333334,0.8333333333333334,0.95,2000,30,91223
bounded_validation,MOBIO,91843,IoM-GRP,random_key_pool_4,2,mean_mlp,607,reuse_minus_fresh,0.7333333333333333,0.6333333333333333,0.8208333333333333,0.95,2000,30,91223
bounded_validation,MOBIO,91843,IoM-GRP,random_key_pool_4,2,mean_mlp,613,reuse_minus_fresh,0.7458333333333333,0.6416666666666667,0.8333333333333334,0.95,2000,30,91223
bounded_validation,MOBIO,91843,IoM-GRP,random_key_pool_4,2,deepsets,601,reuse_minus_fresh,0.5416666666666666,0.42916666666666664,0.6458333333333334,0.95,2000,30,91223
bounded_validation,MOBIO,91843,IoM-GRP,random_key_pool_4,2,deepsets,607,reuse_minus_fresh,0.6083333333333333,0.4625,0.7458333333333333,0.95,2000,30,91223
bounded_validation,MOBIO,91843,IoM-GRP,random_key_pool_4,2,deepsets,613,reuse_minus_fresh,0.7083333333333334,0.5583333333333333,0.8333333333333334,0.95,2000,30,91223
bounded_validation,MOBIO,91843,IoM-GRP,random_key_pool_4,5,mean_mlp,601,reuse_minus_fresh,0.8583333333333333,0.7498958333333335,0.9541666666666667,0.95,2000,30,91223
bounded_validation,MOBIO,91843,IoM-GRP,random_key_pool_4,5,mean_mlp,607,reuse_minus_fresh,0.9,0.8,0.975,0.95,2000,30,91223
bounded_validation,MOBIO,91843,IoM-GRP,random_key_pool_4,5,mean_mlp,613,reuse_minus_fresh,0.8375,0.7291666666666666,0.925,0.95,2000,30,91223
bounded_validation,MOBIO,91843,IoM-GRP,random_key_pool_4,5,deepsets,601,reuse_minus_fresh,0.5333333333333333,0.375,0.6833333333333333,0.95,2000,30,91223
bounded_validation,MOBIO,91843,IoM-GRP,random_key_pool_4,5,deepsets,607,reuse_minus_fresh,0.675,0.5291666666666667,0.8041666666666667,0.95,2000,30,91223
bounded_validation,MOBIO,91843,IoM-GRP,random_key_pool_4,5,deepsets,613,reuse_minus_fresh,0.7916666666666666,0.6583333333333333,0.9083333333333333,0.95,2000,30,91223
bounded_validation,MOBIO,91843,IoM-GRP,random_key_pool_4,10,mean_mlp,601,ten_minus_one,0.2791666666666667,0.1625,0.4001041666666661,0.95,2000,30,91223
bounded_validation,MOBIO,91843,IoM-GRP,random_key_pool_4,10,mean_mlp,601,reuse_minus_fresh,0.8666666666666667,0.75,0.9666666666666667,0.95,2000,30,91223
bounded_validation,MOBIO,91843,IoM-GRP,random_key_pool_4,10,mean_mlp,607,ten_minus_one,0.2875,0.15416666666666667,0.4083333333333333,0.95,2000,30,91223
bounded_validation,MOBIO,91843,IoM-GRP,random_key_pool_4,10,mean_mlp,607,reuse_minus_fresh,0.9041666666666667,0.7916666666666666,0.9958333333333333,0.95,2000,30,91223
bounded_validation,MOBIO,91843,IoM-GRP,random_key_pool_4,10,mean_mlp,613,ten_minus_one,0.25,0.14166666666666666,0.3541666666666667,0.95,2000,30,91223
bounded_validation,MOBIO,91843,IoM-GRP,random_key_pool_4,10,mean_mlp,613,reuse_minus_fresh,0.8708333333333333,0.75,0.9666666666666667,0.95,2000,30,91223
bounded_validation,MOBIO,91843,IoM-GRP,random_key_pool_4,10,deepsets,601,ten_minus_one,-0.12916666666666668,-0.29583333333333334,0.03333333333333333,0.95,2000,30,91223
bounded_validation,MOBIO,91843,IoM-GRP,random_key_pool_4,10,deepsets,601,reuse_minus_fresh,0.45,0.26666666666666666,0.6209374999999995,0.95,2000,30,91223
bounded_validation,MOBIO,91843,IoM-GRP,random_key_pool_4,10,deepsets,607,ten_minus_one,0.041666666666666664,-0.08333333333333333,0.17083333333333334,0.95,2000,30,91223
bounded_validation,MOBIO,91843,IoM-GRP,random_key_pool_4,10,deepsets,607,reuse_minus_fresh,0.6541666666666667,0.49166666666666664,0.8125,0.95,2000,30,91223
bounded_validation,MOBIO,91843,IoM-GRP,random_key_pool_4,10,deepsets,613,ten_minus_one,0.1125,-0.0125,0.22083333333333333,0.95,2000,30,91223
bounded_validation,MOBIO,91843,IoM-GRP,random_key_pool_4,10,deepsets,613,reuse_minus_fresh,0.7333333333333333,0.5666666666666667,0.8666666666666667,0.95,2000,30,91223
bounded_validation,SCface,91843,IoM-GRP,random_key_pool_4,1,single_mlp,601,reuse_minus_fresh,0.27403846153846156,0.19218750000000023,0.3557692307692308,0.95,2000,26,91223
bounded_validation,SCface,91843,IoM-GRP,random_key_pool_4,1,single_mlp,607,reuse_minus_fresh,0.21634615384615385,0.11057692307692307,0.3269230769230769,0.95,2000,26,91223
bounded_validation,SCface,91843,IoM-GRP,random_key_pool_4,1,single_mlp,613,reuse_minus_fresh,0.2692307692307692,0.1778846153846154,0.3605769230769231,0.95,2000,26,91223
bounded_validation,SCface,91843,IoM-GRP,random_key_pool_4,2,mean_mlp,601,reuse_minus_fresh,0.3605769230769231,0.24519230769230768,0.47596153846153844,0.95,2000,26,91223
bounded_validation,SCface,91843,IoM-GRP,random_key_pool_4,2,mean_mlp,607,reuse_minus_fresh,0.3605769230769231,0.2403846153846154,0.47596153846153844,0.95,2000,26,91223
bounded_validation,SCface,91843,IoM-GRP,random_key_pool_4,2,mean_mlp,613,reuse_minus_fresh,0.40384615384615385,0.28365384615384615,0.5240384615384616,0.95,2000,26,91223
bounded_validation,SCface,91843,IoM-GRP,random_key_pool_4,2,deepsets,601,reuse_minus_fresh,0.3798076923076923,0.2546875000000002,0.5096153846153846,0.95,2000,26,91223
bounded_validation,SCface,91843,IoM-GRP,random_key_pool_4,2,deepsets,607,reuse_minus_fresh,0.34615384615384615,0.235456730769231,0.4568509615384609,0.95,2000,26,91223
bounded_validation,SCface,91843,IoM-GRP,random_key_pool_4,2,deepsets,613,reuse_minus_fresh,0.3125,0.20192307692307693,0.4230769230769231,0.95,2000,26,91223
bounded_validation,SCface,91843,IoM-GRP,random_key_pool_4,5,mean_mlp,601,reuse_minus_fresh,0.5865384615384616,0.44711538461538464,0.7163461538461539,0.95,2000,26,91223
bounded_validation,SCface,91843,IoM-GRP,random_key_pool_4,5,mean_mlp,607,reuse_minus_fresh,0.5240384615384616,0.3701923076923077,0.6683894230769224,0.95,2000,26,91223
bounded_validation,SCface,91843,IoM-GRP,random_key_pool_4,5,mean_mlp,613,reuse_minus_fresh,0.5192307692307693,0.3701923076923077,0.6730769230769231,0.95,2000,26,91223
bounded_validation,SCface,91843,IoM-GRP,random_key_pool_4,5,deepsets,601,reuse_minus_fresh,0.4423076923076923,0.28846153846153844,0.5961538461538461,0.95,2000,26,91223
bounded_validation,SCface,91843,IoM-GRP,random_key_pool_4,5,deepsets,607,reuse_minus_fresh,0.46153846153846156,0.29795673076923096,0.629927884615384,0.95,2000,26,91223
bounded_validation,SCface,91843,IoM-GRP,random_key_pool_4,5,deepsets,613,reuse_minus_fresh,0.40865384615384615,0.25961538461538464,0.5576923076923077,0.95,2000,26,91223
bounded_validation,SCface,91843,IoM-GRP,random_key_pool_4,10,mean_mlp,601,ten_minus_one,0.3173076923076923,0.1875,0.44711538461538464,0.95,2000,26,91223
bounded_validation,SCface,91843,IoM-GRP,random_key_pool_4,10,mean_mlp,601,reuse_minus_fresh,0.6009615384615384,0.4375,0.7644230769230769,0.95,2000,26,91223
bounded_validation,SCface,91843,IoM-GRP,random_key_pool_4,10,mean_mlp,607,ten_minus_one,0.3798076923076923,0.2450721153846156,0.5240384615384616,0.95,2000,26,91223
bounded_validation,SCface,91843,IoM-GRP,random_key_pool_4,10,mean_mlp,607,reuse_minus_fresh,0.5961538461538461,0.4133413461538463,0.7645432692307685,0.95,2000,26,91223
bounded_validation,SCface,91843,IoM-GRP,random_key_pool_4,10,mean_mlp,613,ten_minus_one,0.3317307692307692,0.19230769230769232,0.47596153846153844,0.95,2000,26,91223
bounded_validation,SCface,91843,IoM-GRP,random_key_pool_4,10,mean_mlp,613,reuse_minus_fresh,0.6057692307692307,0.4375,0.7788461538461539,0.95,2000,26,91223
bounded_validation,SCface,91843,IoM-GRP,random_key_pool_4,10,deepsets,601,ten_minus_one,0.1875,0.04807692307692308,0.34134615384615385,0.95,2000,26,91223
bounded_validation,SCface,91843,IoM-GRP,random_key_pool_4,10,deepsets,601,reuse_minus_fresh,0.46634615384615385,0.2932692307692308,0.6443509615384609,0.95,2000,26,91223
bounded_validation,SCface,91843,IoM-GRP,random_key_pool_4,10,deepsets,607,ten_minus_one,0.27403846153846156,0.14411057692307713,0.4230769230769231,0.95,2000,26,91223
bounded_validation,SCface,91843,IoM-GRP,random_key_pool_4,10,deepsets,607,reuse_minus_fresh,0.49038461538461536,0.3125,0.6730769230769231,0.95,2000,26,91223
bounded_validation,SCface,91843,IoM-GRP,random_key_pool_4,10,deepsets,613,ten_minus_one,0.27403846153846156,0.15865384615384615,0.39903846153846156,0.95,2000,26,91223
bounded_validation,SCface,91843,IoM-GRP,random_key_pool_4,10,deepsets,613,reuse_minus_fresh,0.5480769230769231,0.3798076923076923,0.7163461538461539,0.95,2000,26,91223
bounded_validation,MOBIO,91831,PolyProtect,random_key_pool_4,1,single_mlp,601,reuse_minus_fresh,0.0125,0.0,0.03333333333333333,0.95,2000,30,91223
bounded_validation,MOBIO,91831,PolyProtect,random_key_pool_4,1,single_mlp,607,reuse_minus_fresh,0.0125,-0.0125,0.0375,0.95,2000,30,91223
bounded_validation,MOBIO,91831,PolyProtect,random_key_pool_4,1,single_mlp,613,reuse_minus_fresh,0.008333333333333333,-0.0125,0.0375,0.95,2000,30,91223
bounded_validation,MOBIO,91831,PolyProtect,random_key_pool_4,2,mean_mlp,601,reuse_minus_fresh,0.04583333333333333,-0.0001041666666664831,0.10843749999999944,0.95,2000,30,91223
bounded_validation,MOBIO,91831,PolyProtect,random_key_pool_4,2,mean_mlp,607,reuse_minus_fresh,0.03333333333333333,0.0,0.075,0.95,2000,30,91223
bounded_validation,MOBIO,91831,PolyProtect,random_key_pool_4,2,mean_mlp,613,reuse_minus_fresh,0.04583333333333333,0.008333333333333333,0.0875,0.95,2000,30,91223
bounded_validation,MOBIO,91831,PolyProtect,random_key_pool_4,2,deepsets,601,reuse_minus_fresh,0.0,0.0,0.0,0.95,2000,30,91223
bounded_validation,MOBIO,91831,PolyProtect,random_key_pool_4,2,deepsets,607,reuse_minus_fresh,0.020833333333333332,-0.016666666666666666,0.07083333333333333,0.95,2000,30,91223
bounded_validation,MOBIO,91831,PolyProtect,random_key_pool_4,2,deepsets,613,reuse_minus_fresh,0.020833333333333332,-0.0375,0.1,0.95,2000,30,91223
bounded_validation,MOBIO,91831,PolyProtect,random_key_pool_4,5,mean_mlp,601,reuse_minus_fresh,0.5166666666666667,0.4083333333333333,0.625,0.95,2000,30,91223
bounded_validation,MOBIO,91831,PolyProtect,random_key_pool_4,5,mean_mlp,607,reuse_minus_fresh,0.45416666666666666,0.325,0.5833333333333334,0.95,2000,30,91223
bounded_validation,MOBIO,91831,PolyProtect,random_key_pool_4,5,mean_mlp,613,reuse_minus_fresh,0.4041666666666667,0.275,0.5416666666666666,0.95,2000,30,91223
bounded_validation,MOBIO,91831,PolyProtect,random_key_pool_4,5,deepsets,601,reuse_minus_fresh,0.30833333333333335,0.16239583333333352,0.4583333333333333,0.95,2000,30,91223
bounded_validation,MOBIO,91831,PolyProtect,random_key_pool_4,5,deepsets,607,reuse_minus_fresh,0.4375,0.29583333333333334,0.5834374999999995,0.95,2000,30,91223
bounded_validation,MOBIO,91831,PolyProtect,random_key_pool_4,5,deepsets,613,reuse_minus_fresh,0.37916666666666665,0.25833333333333336,0.5083333333333333,0.95,2000,30,91223
bounded_validation,MOBIO,91831,PolyProtect,random_key_pool_4,10,mean_mlp,601,ten_minus_one,0.5875,0.42916666666666664,0.7417708333333328,0.95,2000,30,91223
bounded_validation,MOBIO,91831,PolyProtect,random_key_pool_4,10,mean_mlp,601,reuse_minus_fresh,0.5625,0.38333333333333336,0.7333333333333333,0.95,2000,30,91223
bounded_validation,MOBIO,91831,PolyProtect,random_key_pool_4,10,mean_mlp,607,ten_minus_one,0.6541666666666667,0.5208333333333334,0.775,0.95,2000,30,91223
bounded_validation,MOBIO,91831,PolyProtect,random_key_pool_4,10,mean_mlp,607,reuse_minus_fresh,0.675,0.5375,0.8041666666666667,0.95,2000,30,91223
bounded_validation,MOBIO,91831,PolyProtect,random_key_pool_4,10,mean_mlp,613,ten_minus_one,0.5041666666666667,0.3416666666666667,0.6625,0.95,2000,30,91223
bounded_validation,MOBIO,91831,PolyProtect,random_key_pool_4,10,mean_mlp,613,reuse_minus_fresh,0.4875,0.32489583333333355,0.65,0.95,2000,30,91223
bounded_validation,MOBIO,91831,PolyProtect,random_key_pool_4,10,deepsets,601,ten_minus_one,0.4083333333333333,0.24583333333333332,0.5791666666666667,0.95,2000,30,91223
bounded_validation,MOBIO,91831,PolyProtect,random_key_pool_4,10,deepsets,601,reuse_minus_fresh,0.4041666666666667,0.24166666666666667,0.575,0.95,2000,30,91223
bounded_validation,MOBIO,91831,PolyProtect,random_key_pool_4,10,deepsets,607,ten_minus_one,0.5708333333333333,0.4083333333333333,0.7375,0.95,2000,30,91223
bounded_validation,MOBIO,91831,PolyProtect,random_key_pool_4,10,deepsets,607,reuse_minus_fresh,0.5875,0.4207291666666669,0.7459374999999995,0.95,2000,30,91223
bounded_validation,MOBIO,91831,PolyProtect,random_key_pool_4,10,deepsets,613,ten_minus_one,0.43333333333333335,0.2833333333333333,0.5875,0.95,2000,30,91223
bounded_validation,MOBIO,91831,PolyProtect,random_key_pool_4,10,deepsets,613,reuse_minus_fresh,0.44583333333333336,0.2916666666666667,0.6041666666666666,0.95,2000,30,91223
bounded_validation,SCface,91831,PolyProtect,random_key_pool_4,1,single_mlp,601,reuse_minus_fresh,0.004807692307692308,0.0,0.014423076923076924,0.95,2000,26,91223
bounded_validation,SCface,91831,PolyProtect,random_key_pool_4,1,single_mlp,607,reuse_minus_fresh,0.009615384615384616,0.0,0.02403846153846154,0.95,2000,26,91223
bounded_validation,SCface,91831,PolyProtect,random_key_pool_4,1,single_mlp,613,reuse_minus_fresh,0.0,0.0,0.0,0.95,2000,26,91223
bounded_validation,SCface,91831,PolyProtect,random_key_pool_4,2,mean_mlp,601,reuse_minus_fresh,0.004807692307692308,0.0,0.014423076923076924,0.95,2000,26,91223
bounded_validation,SCface,91831,PolyProtect,random_key_pool_4,2,mean_mlp,607,reuse_minus_fresh,0.014423076923076924,0.0,0.038461538461538464,0.95,2000,26,91223
bounded_validation,SCface,91831,PolyProtect,random_key_pool_4,2,mean_mlp,613,reuse_minus_fresh,0.014423076923076924,0.0,0.04326923076923077,0.95,2000,26,91223
bounded_validation,SCface,91831,PolyProtect,random_key_pool_4,2,deepsets,601,reuse_minus_fresh,0.0,0.0,0.0,0.95,2000,26,91223
bounded_validation,SCface,91831,PolyProtect,random_key_pool_4,2,deepsets,607,reuse_minus_fresh,0.0,0.0,0.0,0.95,2000,26,91223
bounded_validation,SCface,91831,PolyProtect,random_key_pool_4,2,deepsets,613,reuse_minus_fresh,0.0,0.0,0.0,0.95,2000,26,91223
bounded_validation,SCface,91831,PolyProtect,random_key_pool_4,5,mean_mlp,601,reuse_minus_fresh,0.019230769230769232,0.0,0.057692307692307696,0.95,2000,26,91223
bounded_validation,SCface,91831,PolyProtect,random_key_pool_4,5,mean_mlp,607,reuse_minus_fresh,0.014423076923076924,0.0,0.038461538461538464,0.95,2000,26,91223
bounded_validation,SCface,91831,PolyProtect,random_key_pool_4,5,mean_mlp,613,reuse_minus_fresh,0.03365384615384615,-0.009615384615384616,0.08185096153846089,0.95,2000,26,91223
bounded_validation,SCface,91831,PolyProtect,random_key_pool_4,5,deepsets,601,reuse_minus_fresh,0.19230769230769232,0.09134615384615384,0.30288461538461536,0.95,2000,26,91223
bounded_validation,SCface,91831,PolyProtect,random_key_pool_4,5,deepsets,607,reuse_minus_fresh,0.1778846153846154,0.07211538461538461,0.30288461538461536,0.95,2000,26,91223
bounded_validation,SCface,91831,PolyProtect,random_key_pool_4,5,deepsets,613,reuse_minus_fresh,0.20673076923076922,0.08653846153846154,0.34134615384615385,0.95,2000,26,91223
bounded_validation,SCface,91831,PolyProtect,random_key_pool_4,10,mean_mlp,601,ten_minus_one,0.07692307692307693,-0.004807692307692308,0.1778846153846154,0.95,2000,26,91223
bounded_validation,SCface,91831,PolyProtect,random_key_pool_4,10,mean_mlp,601,reuse_minus_fresh,0.08173076923076923,0.0,0.1778846153846154,0.95,2000,26,91223
bounded_validation,SCface,91831,PolyProtect,random_key_pool_4,10,mean_mlp,607,ten_minus_one,0.03365384615384615,-0.004927884615384404,0.09134615384615384,0.95,2000,26,91223
bounded_validation,SCface,91831,PolyProtect,random_key_pool_4,10,mean_mlp,607,reuse_minus_fresh,0.04326923076923077,0.0,0.10588942307692242,0.95,2000,26,91223
bounded_validation,SCface,91831,PolyProtect,random_key_pool_4,10,mean_mlp,613,ten_minus_one,0.0673076923076923,0.004807692307692308,0.14423076923076922,0.95,2000,26,91223
bounded_validation,SCface,91831,PolyProtect,random_key_pool_4,10,mean_mlp,613,reuse_minus_fresh,0.057692307692307696,0.0,0.1346153846153846,0.95,2000,26,91223
bounded_validation,SCface,91831,PolyProtect,random_key_pool_4,10,deepsets,601,ten_minus_one,0.2932692307692308,0.16346153846153846,0.4326923076923077,0.95,2000,26,91223
bounded_validation,SCface,91831,PolyProtect,random_key_pool_4,10,deepsets,601,reuse_minus_fresh,0.2980769230769231,0.16346153846153846,0.43762019230769167,0.95,2000,26,91223
bounded_validation,SCface,91831,PolyProtect,random_key_pool_4,10,deepsets,607,ten_minus_one,0.14423076923076922,0.038341346153846365,0.27403846153846156,0.95,2000,26,91223
bounded_validation,SCface,91831,PolyProtect,random_key_pool_4,10,deepsets,607,reuse_minus_fresh,0.15384615384615385,0.038461538461538464,0.2932692307692308,0.95,2000,26,91223
bounded_validation,SCface,91831,PolyProtect,random_key_pool_4,10,deepsets,613,ten_minus_one,0.27884615384615385,0.13942307692307693,0.42788461538461536,0.95,2000,26,91223
bounded_validation,SCface,91831,PolyProtect,random_key_pool_4,10,deepsets,613,reuse_minus_fresh,0.27884615384615385,0.13942307692307693,0.42788461538461536,0.95,2000,26,91223
bounded_validation,MOBIO,91843,PolyProtect,random_key_pool_4,1,single_mlp,601,reuse_minus_fresh,-0.008333333333333333,-0.0625,0.041666666666666664,0.95,2000,30,91223
bounded_validation,MOBIO,91843,PolyProtect,random_key_pool_4,1,single_mlp,607,reuse_minus_fresh,0.0125,-0.00427083333333315,0.03333333333333333,0.95,2000,30,91223
bounded_validation,MOBIO,91843,PolyProtect,random_key_pool_4,1,single_mlp,613,reuse_minus_fresh,0.029166666666666667,0.0,0.06666666666666667,0.95,2000,30,91223
bounded_validation,MOBIO,91843,PolyProtect,random_key_pool_4,2,mean_mlp,601,reuse_minus_fresh,0.016666666666666666,-0.025,0.06666666666666667,0.95,2000,30,91223
bounded_validation,MOBIO,91843,PolyProtect,random_key_pool_4,2,mean_mlp,607,reuse_minus_fresh,0.2375,0.14166666666666666,0.35,0.95,2000,30,91223
bounded_validation,MOBIO,91843,PolyProtect,random_key_pool_4,2,mean_mlp,613,reuse_minus_fresh,0.0375,-0.004166666666666667,0.0875,0.95,2000,30,91223
bounded_validation,MOBIO,91843,PolyProtect,random_key_pool_4,2,deepsets,601,reuse_minus_fresh,0.008333333333333333,-0.05416666666666667,0.0625,0.95,2000,30,91223
bounded_validation,MOBIO,91843,PolyProtect,random_key_pool_4,2,deepsets,607,reuse_minus_fresh,0.0125,0.0,0.03333333333333333,0.95,2000,30,91223
bounded_validation,MOBIO,91843,PolyProtect,random_key_pool_4,2,deepsets,613,reuse_minus_fresh,0.025,0.0,0.058333333333333334,0.95,2000,30,91223
bounded_validation,MOBIO,91843,PolyProtect,random_key_pool_4,5,mean_mlp,601,reuse_minus_fresh,0.5,0.3875,0.6125,0.95,2000,30,91223
bounded_validation,MOBIO,91843,PolyProtect,random_key_pool_4,5,mean_mlp,607,reuse_minus_fresh,0.4083333333333333,0.2708333333333333,0.5458333333333333,0.95,2000,30,91223
bounded_validation,MOBIO,91843,PolyProtect,random_key_pool_4,5,mean_mlp,613,reuse_minus_fresh,0.4625,0.3416666666666667,0.5916666666666667,0.95,2000,30,91223
bounded_validation,MOBIO,91843,PolyProtect,random_key_pool_4,5,deepsets,601,reuse_minus_fresh,0.3875,0.22489583333333352,0.5208333333333334,0.95,2000,30,91223
bounded_validation,MOBIO,91843,PolyProtect,random_key_pool_4,5,deepsets,607,reuse_minus_fresh,0.3333333333333333,0.20833333333333334,0.4583333333333333,0.95,2000,30,91223
bounded_validation,MOBIO,91843,PolyProtect,random_key_pool_4,5,deepsets,613,reuse_minus_fresh,0.30416666666666664,0.17083333333333334,0.4375,0.95,2000,30,91223
bounded_validation,MOBIO,91843,PolyProtect,random_key_pool_4,10,mean_mlp,601,ten_minus_one,0.6125,0.4708333333333333,0.7541666666666667,0.95,2000,30,91223
bounded_validation,MOBIO,91843,PolyProtect,random_key_pool_4,10,mean_mlp,601,reuse_minus_fresh,0.6333333333333333,0.49166666666666664,0.7791666666666667,0.95,2000,30,91223
bounded_validation,MOBIO,91843,PolyProtect,random_key_pool_4,10,mean_mlp,607,ten_minus_one,0.5208333333333334,0.37489583333333354,0.6708333333333333,0.95,2000,30,91223
bounded_validation,MOBIO,91843,PolyProtect,random_key_pool_4,10,mean_mlp,607,reuse_minus_fresh,0.525,0.37083333333333335,0.6791666666666667,0.95,2000,30,91223
bounded_validation,MOBIO,91843,PolyProtect,random_key_pool_4,10,mean_mlp,613,ten_minus_one,0.4708333333333333,0.30833333333333335,0.6291666666666667,0.95,2000,30,91223
bounded_validation,MOBIO,91843,PolyProtect,random_key_pool_4,10,mean_mlp,613,reuse_minus_fresh,0.5,0.32916666666666666,0.675,0.95,2000,30,91223
bounded_validation,MOBIO,91843,PolyProtect,random_key_pool_4,10,deepsets,601,ten_minus_one,0.475,0.32916666666666666,0.6083333333333333,0.95,2000,30,91223
bounded_validation,MOBIO,91843,PolyProtect,random_key_pool_4,10,deepsets,601,reuse_minus_fresh,0.49166666666666664,0.30833333333333335,0.6458333333333334,0.95,2000,30,91223
bounded_validation,MOBIO,91843,PolyProtect,random_key_pool_4,10,deepsets,607,ten_minus_one,0.4,0.25416666666666665,0.55,0.95,2000,30,91223
bounded_validation,MOBIO,91843,PolyProtect,random_key_pool_4,10,deepsets,607,reuse_minus_fresh,0.4041666666666667,0.25416666666666665,0.5542708333333328,0.95,2000,30,91223
bounded_validation,MOBIO,91843,PolyProtect,random_key_pool_4,10,deepsets,613,ten_minus_one,0.4,0.23333333333333334,0.5666666666666667,0.95,2000,30,91223
bounded_validation,MOBIO,91843,PolyProtect,random_key_pool_4,10,deepsets,613,reuse_minus_fresh,0.4166666666666667,0.25416666666666665,0.5791666666666667,0.95,2000,30,91223
bounded_validation,SCface,91843,PolyProtect,random_key_pool_4,1,single_mlp,601,reuse_minus_fresh,-0.02403846153846154,-0.052884615384615384,0.0,0.95,2000,26,91223
bounded_validation,SCface,91843,PolyProtect,random_key_pool_4,1,single_mlp,607,reuse_minus_fresh,0.014423076923076924,-0.009615384615384616,0.04807692307692308,0.95,2000,26,91223
bounded_validation,SCface,91843,PolyProtect,random_key_pool_4,1,single_mlp,613,reuse_minus_fresh,0.019230769230769232,0.0,0.04326923076923077,0.95,2000,26,91223
bounded_validation,SCface,91843,PolyProtect,random_key_pool_4,2,mean_mlp,601,reuse_minus_fresh,0.02403846153846154,0.0,0.0625,0.95,2000,26,91223
bounded_validation,SCface,91843,PolyProtect,random_key_pool_4,2,mean_mlp,607,reuse_minus_fresh,0.028846153846153848,0.004807692307692308,0.0625,0.95,2000,26,91223
bounded_validation,SCface,91843,PolyProtect,random_key_pool_4,2,mean_mlp,613,reuse_minus_fresh,0.019230769230769232,0.004807692307692308,0.038461538461538464,0.95,2000,26,91223
bounded_validation,SCface,91843,PolyProtect,random_key_pool_4,2,deepsets,601,reuse_minus_fresh,0.02403846153846154,-0.014423076923076924,0.08653846153846154,0.95,2000,26,91223
bounded_validation,SCface,91843,PolyProtect,random_key_pool_4,2,deepsets,607,reuse_minus_fresh,0.0,-0.028846153846153848,0.028846153846153848,0.95,2000,26,91223
bounded_validation,SCface,91843,PolyProtect,random_key_pool_4,2,deepsets,613,reuse_minus_fresh,-0.004807692307692308,-0.028846153846153848,0.014423076923076924,0.95,2000,26,91223
bounded_validation,SCface,91843,PolyProtect,random_key_pool_4,5,mean_mlp,601,reuse_minus_fresh,0.038461538461538464,0.0,0.09134615384615384,0.95,2000,26,91223
bounded_validation,SCface,91843,PolyProtect,random_key_pool_4,5,mean_mlp,607,reuse_minus_fresh,0.038461538461538464,0.0,0.08653846153846154,0.95,2000,26,91223
bounded_validation,SCface,91843,PolyProtect,random_key_pool_4,5,mean_mlp,613,reuse_minus_fresh,0.052884615384615384,0.004807692307692308,0.125,0.95,2000,26,91223
bounded_validation,SCface,91843,PolyProtect,random_key_pool_4,5,deepsets,601,reuse_minus_fresh,0.2932692307692308,0.17307692307692307,0.42788461538461536,0.95,2000,26,91223
bounded_validation,SCface,91843,PolyProtect,random_key_pool_4,5,deepsets,607,reuse_minus_fresh,0.25961538461538464,0.14903846153846154,0.375,0.95,2000,26,91223
bounded_validation,SCface,91843,PolyProtect,random_key_pool_4,5,deepsets,613,reuse_minus_fresh,0.20192307692307693,0.10576923076923077,0.3076923076923077,0.95,2000,26,91223
bounded_validation,SCface,91843,PolyProtect,random_key_pool_4,10,mean_mlp,601,ten_minus_one,0.0625,0.014302884615384828,0.12980769230769232,0.95,2000,26,91223
bounded_validation,SCface,91843,PolyProtect,random_key_pool_4,10,mean_mlp,601,reuse_minus_fresh,0.04807692307692308,0.004807692307692308,0.10576923076923077,0.95,2000,26,91223
bounded_validation,SCface,91843,PolyProtect,random_key_pool_4,10,mean_mlp,607,ten_minus_one,0.07692307692307693,0.019230769230769232,0.15384615384615385,0.95,2000,26,91223
bounded_validation,SCface,91843,PolyProtect,random_key_pool_4,10,mean_mlp,607,reuse_minus_fresh,0.08173076923076923,0.0,0.18269230769230768,0.95,2000,26,91223
bounded_validation,SCface,91843,PolyProtect,random_key_pool_4,10,mean_mlp,613,ten_minus_one,0.03365384615384615,0.004807692307692308,0.0673076923076923,0.95,2000,26,91223
bounded_validation,SCface,91843,PolyProtect,random_key_pool_4,10,mean_mlp,613,reuse_minus_fresh,0.052884615384615384,0.014423076923076924,0.10096153846153846,0.95,2000,26,91223
bounded_validation,SCface,91843,PolyProtect,random_key_pool_4,10,deepsets,601,ten_minus_one,0.2548076923076923,0.13449519230769252,0.3894230769230769,0.95,2000,26,91223
bounded_validation,SCface,91843,PolyProtect,random_key_pool_4,10,deepsets,601,reuse_minus_fresh,0.2548076923076923,0.1201923076923077,0.40384615384615385,0.95,2000,26,91223
bounded_validation,SCface,91843,PolyProtect,random_key_pool_4,10,deepsets,607,ten_minus_one,0.2980769230769231,0.18269230769230768,0.4182692307692308,0.95,2000,26,91223
bounded_validation,SCface,91843,PolyProtect,random_key_pool_4,10,deepsets,607,reuse_minus_fresh,0.3173076923076923,0.20180288461538484,0.4423076923076923,0.95,2000,26,91223
bounded_validation,SCface,91843,PolyProtect,random_key_pool_4,10,deepsets,613,ten_minus_one,0.27884615384615385,0.14903846153846154,0.4182692307692308,0.95,2000,26,91223
bounded_validation,SCface,91843,PolyProtect,random_key_pool_4,10,deepsets,613,reuse_minus_fresh,0.28846153846153844,0.14423076923076922,0.43762019230769167,0.95,2000,26,91223
bounded_validation,MOBIO,91831,IoM-GRP,random_key_pool_8,1,single_mlp,601,reuse_minus_fresh,0.2625,0.1875,0.3416666666666667,0.95,2000,30,91223
bounded_validation,MOBIO,91831,IoM-GRP,random_key_pool_8,1,single_mlp,607,reuse_minus_fresh,0.2,0.1125,0.2916666666666667,0.95,2000,30,91223
bounded_validation,MOBIO,91831,IoM-GRP,random_key_pool_8,1,single_mlp,613,reuse_minus_fresh,0.2833333333333333,0.20833333333333334,0.36666666666666664,0.95,2000,30,91223
bounded_validation,MOBIO,91831,IoM-GRP,random_key_pool_8,2,mean_mlp,601,reuse_minus_fresh,0.38333333333333336,0.2708333333333333,0.4959374999999994,0.95,2000,30,91223
bounded_validation,MOBIO,91831,IoM-GRP,random_key_pool_8,2,mean_mlp,607,reuse_minus_fresh,0.4041666666666667,0.2582291666666669,0.5458333333333333,0.95,2000,30,91223
bounded_validation,MOBIO,91831,IoM-GRP,random_key_pool_8,2,mean_mlp,613,reuse_minus_fresh,0.425,0.3,0.55,0.95,2000,30,91223
bounded_validation,MOBIO,91831,IoM-GRP,random_key_pool_8,2,deepsets,601,reuse_minus_fresh,0.3625,0.25416666666666665,0.4791666666666667,0.95,2000,30,91223
bounded_validation,MOBIO,91831,IoM-GRP,random_key_pool_8,2,deepsets,607,reuse_minus_fresh,0.2708333333333333,0.12916666666666668,0.4083333333333333,0.95,2000,30,91223
bounded_validation,MOBIO,91831,IoM-GRP,random_key_pool_8,2,deepsets,613,reuse_minus_fresh,0.275,0.14166666666666666,0.4166666666666667,0.95,2000,30,91223
bounded_validation,MOBIO,91831,IoM-GRP,random_key_pool_8,5,mean_mlp,601,reuse_minus_fresh,0.5625,0.43333333333333335,0.7,0.95,2000,30,91223
bounded_validation,MOBIO,91831,IoM-GRP,random_key_pool_8,5,mean_mlp,607,reuse_minus_fresh,0.5666666666666667,0.4083333333333333,0.7166666666666667,0.95,2000,30,91223
bounded_validation,MOBIO,91831,IoM-GRP,random_key_pool_8,5,mean_mlp,613,reuse_minus_fresh,0.5791666666666667,0.44166666666666665,0.7084374999999995,0.95,2000,30,91223
bounded_validation,MOBIO,91831,IoM-GRP,random_key_pool_8,5,deepsets,601,reuse_minus_fresh,0.37916666666666665,0.22083333333333333,0.55,0.95,2000,30,91223
bounded_validation,MOBIO,91831,IoM-GRP,random_key_pool_8,5,deepsets,607,reuse_minus_fresh,0.4875,0.325,0.6417708333333328,0.95,2000,30,91223
bounded_validation,MOBIO,91831,IoM-GRP,random_key_pool_8,5,deepsets,613,reuse_minus_fresh,0.3375,0.2,0.48333333333333334,0.95,2000,30,91223
bounded_validation,MOBIO,91831,IoM-GRP,random_key_pool_8,10,mean_mlp,601,ten_minus_one,0.4,0.26666666666666666,0.5333333333333333,0.95,2000,30,91223
bounded_validation,MOBIO,91831,IoM-GRP,random_key_pool_8,10,mean_mlp,601,reuse_minus_fresh,0.6458333333333334,0.49166666666666664,0.8083333333333333,0.95,2000,30,91223
bounded_validation,MOBIO,91831,IoM-GRP,random_key_pool_8,10,mean_mlp,607,ten_minus_one,0.42916666666666664,0.2915625000000002,0.5666666666666667,0.95,2000,30,91223
bounded_validation,MOBIO,91831,IoM-GRP,random_key_pool_8,10,mean_mlp,607,reuse_minus_fresh,0.6416666666666667,0.4791666666666667,0.8,0.95,2000,30,91223
bounded_validation,MOBIO,91831,IoM-GRP,random_key_pool_8,10,mean_mlp,613,ten_minus_one,0.37916666666666665,0.22916666666666666,0.5209374999999995,0.95,2000,30,91223
bounded_validation,MOBIO,91831,IoM-GRP,random_key_pool_8,10,mean_mlp,613,reuse_minus_fresh,0.65,0.48333333333333334,0.8,0.95,2000,30,91223
bounded_validation,MOBIO,91831,IoM-GRP,random_key_pool_8,10,deepsets,601,ten_minus_one,0.10833333333333334,-0.03760416666666648,0.2708333333333333,0.95,2000,30,91223
bounded_validation,MOBIO,91831,IoM-GRP,random_key_pool_8,10,deepsets,601,reuse_minus_fresh,0.3541666666666667,0.17083333333333334,0.5458333333333333,0.95,2000,30,91223
bounded_validation,MOBIO,91831,IoM-GRP,random_key_pool_8,10,deepsets,607,ten_minus_one,0.21666666666666667,0.07083333333333333,0.36666666666666664,0.95,2000,30,91223
bounded_validation,MOBIO,91831,IoM-GRP,random_key_pool_8,10,deepsets,607,reuse_minus_fresh,0.42916666666666664,0.24572916666666683,0.6166666666666667,0.95,2000,30,91223
bounded_validation,MOBIO,91831,IoM-GRP,random_key_pool_8,10,deepsets,613,ten_minus_one,0.0625,-0.1,0.22927083333333276,0.95,2000,30,91223
bounded_validation,MOBIO,91831,IoM-GRP,random_key_pool_8,10,deepsets,613,reuse_minus_fresh,0.35,0.19583333333333333,0.5208333333333334,0.95,2000,30,91223
bounded_validation,SCface,91831,IoM-GRP,random_key_pool_8,1,single_mlp,601,reuse_minus_fresh,0.11538461538461539,0.028846153846153848,0.21634615384615385,0.95,2000,26,91223
bounded_validation,SCface,91831,IoM-GRP,random_key_pool_8,1,single_mlp,607,reuse_minus_fresh,0.12980769230769232,0.04795673076923098,0.22596153846153846,0.95,2000,26,91223
bounded_validation,SCface,91831,IoM-GRP,random_key_pool_8,1,single_mlp,613,reuse_minus_fresh,0.11057692307692307,0.04326923076923077,0.1875,0.95,2000,26,91223
bounded_validation,SCface,91831,IoM-GRP,random_key_pool_8,2,mean_mlp,601,reuse_minus_fresh,0.12980769230769232,0.057692307692307696,0.21634615384615385,0.95,2000,26,91223
bounded_validation,SCface,91831,IoM-GRP,random_key_pool_8,2,mean_mlp,607,reuse_minus_fresh,0.15865384615384615,0.07692307692307693,0.25,0.95,2000,26,91223
bounded_validation,SCface,91831,IoM-GRP,random_key_pool_8,2,mean_mlp,613,reuse_minus_fresh,0.14903846153846154,0.0625,0.25,0.95,2000,26,91223
bounded_validation,SCface,91831,IoM-GRP,random_key_pool_8,2,deepsets,601,reuse_minus_fresh,0.10096153846153846,0.038461538461538464,0.17307692307692307,0.95,2000,26,91223
bounded_validation,SCface,91831,IoM-GRP,random_key_pool_8,2,deepsets,607,reuse_minus_fresh,0.0,0.0,0.0,0.95,2000,26,91223
bounded_validation,SCface,91831,IoM-GRP,random_key_pool_8,2,deepsets,613,reuse_minus_fresh,0.11057692307692307,0.028846153846153848,0.21153846153846154,0.95,2000,26,91223
bounded_validation,SCface,91831,IoM-GRP,random_key_pool_8,5,mean_mlp,601,reuse_minus_fresh,0.1875,0.0673076923076923,0.32211538461538464,0.95,2000,26,91223
bounded_validation,SCface,91831,IoM-GRP,random_key_pool_8,5,mean_mlp,607,reuse_minus_fresh,0.19230769230769232,0.07211538461538461,0.32211538461538464,0.95,2000,26,91223
bounded_validation,SCface,91831,IoM-GRP,random_key_pool_8,5,mean_mlp,613,reuse_minus_fresh,0.18269230769230768,0.0673076923076923,0.3125,0.95,2000,26,91223
bounded_validation,SCface,91831,IoM-GRP,random_key_pool_8,5,deepsets,601,reuse_minus_fresh,0.12980769230769232,0.028846153846153848,0.2548076923076923,0.95,2000,26,91223
bounded_validation,SCface,91831,IoM-GRP,random_key_pool_8,5,deepsets,607,reuse_minus_fresh,0.20192307692307693,0.07692307692307693,0.33653846153846156,0.95,2000,26,91223
bounded_validation,SCface,91831,IoM-GRP,random_key_pool_8,5,deepsets,613,reuse_minus_fresh,0.14903846153846154,0.04807692307692308,0.27403846153846156,0.95,2000,26,91223
bounded_validation,SCface,91831,IoM-GRP,random_key_pool_8,10,mean_mlp,601,ten_minus_one,0.0673076923076923,-0.009615384615384616,0.15865384615384615,0.95,2000,26,91223
bounded_validation,SCface,91831,IoM-GRP,random_key_pool_8,10,mean_mlp,601,reuse_minus_fresh,0.18269230769230768,0.052884615384615384,0.33653846153846156,0.95,2000,26,91223
bounded_validation,SCface,91831,IoM-GRP,random_key_pool_8,10,mean_mlp,607,ten_minus_one,0.11057692307692307,0.038461538461538464,0.19242788461538396,0.95,2000,26,91223
bounded_validation,SCface,91831,IoM-GRP,random_key_pool_8,10,mean_mlp,607,reuse_minus_fresh,0.2403846153846154,0.10576923076923077,0.3894230769230769,0.95,2000,26,91223
bounded_validation,SCface,91831,IoM-GRP,random_key_pool_8,10,mean_mlp,613,ten_minus_one,0.07692307692307693,-0.0001201923076920959,0.16346153846153846,0.95,2000,26,91223
bounded_validation,SCface,91831,IoM-GRP,random_key_pool_8,10,mean_mlp,613,reuse_minus_fresh,0.1875,0.0625,0.3270432692307686,0.95,2000,26,91223
bounded_validation,SCface,91831,IoM-GRP,random_key_pool_8,10,deepsets,601,ten_minus_one,0.0673076923076923,-0.009615384615384616,0.15865384615384615,0.95,2000,26,91223
bounded_validation,SCface,91831,IoM-GRP,random_key_pool_8,10,deepsets,601,reuse_minus_fresh,0.18269230769230768,0.052884615384615384,0.3317307692307692,0.95,2000,26,91223
bounded_validation,SCface,91831,IoM-GRP,random_key_pool_8,10,deepsets,607,ten_minus_one,0.11057692307692307,0.03365384615384615,0.20673076923076922,0.95,2000,26,91223
bounded_validation,SCface,91831,IoM-GRP,random_key_pool_8,10,deepsets,607,reuse_minus_fresh,0.2403846153846154,0.09615384615384616,0.3894230769230769,0.95,2000,26,91223
bounded_validation,SCface,91831,IoM-GRP,random_key_pool_8,10,deepsets,613,ten_minus_one,0.0625,-0.02403846153846154,0.15384615384615385,0.95,2000,26,91223
bounded_validation,SCface,91831,IoM-GRP,random_key_pool_8,10,deepsets,613,reuse_minus_fresh,0.17307692307692307,0.052884615384615384,0.3076923076923077,0.95,2000,26,91223
bounded_validation,MOBIO,91843,IoM-GRP,random_key_pool_8,1,single_mlp,601,reuse_minus_fresh,0.2375,0.14572916666666685,0.3333333333333333,0.95,2000,30,91223
bounded_validation,MOBIO,91843,IoM-GRP,random_key_pool_8,1,single_mlp,607,reuse_minus_fresh,0.24583333333333332,0.1498958333333335,0.3375,0.95,2000,30,91223
bounded_validation,MOBIO,91843,IoM-GRP,random_key_pool_8,1,single_mlp,613,reuse_minus_fresh,0.21666666666666667,0.14583333333333334,0.28760416666666605,0.95,2000,30,91223
bounded_validation,MOBIO,91843,IoM-GRP,random_key_pool_8,2,mean_mlp,601,reuse_minus_fresh,0.4375,0.3375,0.55,0.95,2000,30,91223
bounded_validation,MOBIO,91843,IoM-GRP,random_key_pool_8,2,mean_mlp,607,reuse_minus_fresh,0.4166666666666667,0.2873958333333335,0.5375,0.95,2000,30,91223
bounded_validation,MOBIO,91843,IoM-GRP,random_key_pool_8,2,mean_mlp,613,reuse_minus_fresh,0.4041666666666667,0.30833333333333335,0.4917708333333327,0.95,2000,30,91223
bounded_validation,MOBIO,91843,IoM-GRP,random_key_pool_8,2,deepsets,601,reuse_minus_fresh,0.2916666666666667,0.18333333333333332,0.4,0.95,2000,30,91223
bounded_validation,MOBIO,91843,IoM-GRP,random_key_pool_8,2,deepsets,607,reuse_minus_fresh,0.2875,0.19166666666666668,0.3875,0.95,2000,30,91223
bounded_validation,MOBIO,91843,IoM-GRP,random_key_pool_8,2,deepsets,613,reuse_minus_fresh,0.3541666666666667,0.225,0.475,0.95,2000,30,91223
bounded_validation,MOBIO,91843,IoM-GRP,random_key_pool_8,5,mean_mlp,601,reuse_minus_fresh,0.7125,0.575,0.8375,0.95,2000,30,91223
bounded_validation,MOBIO,91843,IoM-GRP,random_key_pool_8,5,mean_mlp,607,reuse_minus_fresh,0.5958333333333333,0.4625,0.7208333333333333,0.95,2000,30,91223
bounded_validation,MOBIO,91843,IoM-GRP,random_key_pool_8,5,mean_mlp,613,reuse_minus_fresh,0.6541666666666667,0.5333333333333333,0.7708333333333334,0.95,2000,30,91223
bounded_validation,MOBIO,91843,IoM-GRP,random_key_pool_8,5,deepsets,601,reuse_minus_fresh,0.3375,0.17916666666666667,0.4875,0.95,2000,30,91223
bounded_validation,MOBIO,91843,IoM-GRP,random_key_pool_8,5,deepsets,607,reuse_minus_fresh,0.375,0.24583333333333332,0.5125,0.95,2000,30,91223
bounded_validation,MOBIO,91843,IoM-GRP,random_key_pool_8,5,deepsets,613,reuse_minus_fresh,0.4041666666666667,0.23322916666666685,0.5625,0.95,2000,30,91223
bounded_validation,MOBIO,91843,IoM-GRP,random_key_pool_8,10,mean_mlp,601,ten_minus_one,0.49583333333333335,0.3541666666666667,0.65,0.95,2000,30,91223
bounded_validation,MOBIO,91843,IoM-GRP,random_key_pool_8,10,mean_mlp,601,reuse_minus_fresh,0.75,0.6082291666666668,0.8792708333333328,0.95,2000,30,91223
bounded_validation,MOBIO,91843,IoM-GRP,random_key_pool_8,10,mean_mlp,607,ten_minus_one,0.4166666666666667,0.2708333333333333,0.5666666666666667,0.95,2000,30,91223
bounded_validation,MOBIO,91843,IoM-GRP,random_key_pool_8,10,mean_mlp,607,reuse_minus_fresh,0.675,0.49583333333333335,0.8375,0.95,2000,30,91223
bounded_validation,MOBIO,91843,IoM-GRP,random_key_pool_8,10,mean_mlp,613,ten_minus_one,0.44583333333333336,0.29583333333333334,0.5917708333333328,0.95,2000,30,91223
bounded_validation,MOBIO,91843,IoM-GRP,random_key_pool_8,10,mean_mlp,613,reuse_minus_fresh,0.6583333333333333,0.49583333333333335,0.8125,0.95,2000,30,91223
bounded_validation,MOBIO,91843,IoM-GRP,random_key_pool_8,10,deepsets,601,ten_minus_one,0.03333333333333333,-0.11666666666666667,0.19583333333333333,0.95,2000,30,91223
bounded_validation,MOBIO,91843,IoM-GRP,random_key_pool_8,10,deepsets,601,reuse_minus_fresh,0.2791666666666667,0.10833333333333334,0.45416666666666666,0.95,2000,30,91223
bounded_validation,MOBIO,91843,IoM-GRP,random_key_pool_8,10,deepsets,607,ten_minus_one,0.18333333333333332,0.008333333333333333,0.375,0.95,2000,30,91223
bounded_validation,MOBIO,91843,IoM-GRP,random_key_pool_8,10,deepsets,607,reuse_minus_fresh,0.4375,0.2708333333333333,0.6083333333333333,0.95,2000,30,91223
bounded_validation,MOBIO,91843,IoM-GRP,random_key_pool_8,10,deepsets,613,ten_minus_one,0.2125,0.09166666666666666,0.3375,0.95,2000,30,91223
bounded_validation,MOBIO,91843,IoM-GRP,random_key_pool_8,10,deepsets,613,reuse_minus_fresh,0.425,0.24166666666666667,0.6041666666666666,0.95,2000,30,91223
bounded_validation,SCface,91843,IoM-GRP,random_key_pool_8,1,single_mlp,601,reuse_minus_fresh,0.07692307692307693,0.019230769230769232,0.13942307692307693,0.95,2000,26,91223
bounded_validation,SCface,91843,IoM-GRP,random_key_pool_8,1,single_mlp,607,reuse_minus_fresh,0.08653846153846154,0.014423076923076924,0.15865384615384615,0.95,2000,26,91223
bounded_validation,SCface,91843,IoM-GRP,random_key_pool_8,1,single_mlp,613,reuse_minus_fresh,0.08173076923076923,0.004807692307692308,0.15384615384615385,0.95,2000,26,91223
bounded_validation,SCface,91843,IoM-GRP,random_key_pool_8,2,mean_mlp,601,reuse_minus_fresh,0.1875,0.10096153846153846,0.27403846153846156,0.95,2000,26,91223
bounded_validation,SCface,91843,IoM-GRP,random_key_pool_8,2,mean_mlp,607,reuse_minus_fresh,0.14903846153846154,0.0673076923076923,0.23557692307692307,0.95,2000,26,91223
bounded_validation,SCface,91843,IoM-GRP,random_key_pool_8,2,mean_mlp,613,reuse_minus_fresh,0.16346153846153846,0.08653846153846154,0.2403846153846154,0.95,2000,26,91223
bounded_validation,SCface,91843,IoM-GRP,random_key_pool_8,2,deepsets,601,reuse_minus_fresh,0.14423076923076922,0.04314903846153867,0.25961538461538464,0.95,2000,26,91223
bounded_validation,SCface,91843,IoM-GRP,random_key_pool_8,2,deepsets,607,reuse_minus_fresh,0.14423076923076922,0.07211538461538461,0.22596153846153846,0.95,2000,26,91223
bounded_validation,SCface,91843,IoM-GRP,random_key_pool_8,2,deepsets,613,reuse_minus_fresh,0.12980769230769232,0.052884615384615384,0.20673076923076922,0.95,2000,26,91223
bounded_validation,SCface,91843,IoM-GRP,random_key_pool_8,5,mean_mlp,601,reuse_minus_fresh,0.27884615384615385,0.1778846153846154,0.3894230769230769,0.95,2000,26,91223
bounded_validation,SCface,91843,IoM-GRP,random_key_pool_8,5,mean_mlp,607,reuse_minus_fresh,0.20192307692307693,0.10096153846153846,0.3173076923076923,0.95,2000,26,91223
bounded_validation,SCface,91843,IoM-GRP,random_key_pool_8,5,mean_mlp,613,reuse_minus_fresh,0.23076923076923078,0.12980769230769232,0.34615384615384615,0.95,2000,26,91223
bounded_validation,SCface,91843,IoM-GRP,random_key_pool_8,5,deepsets,601,reuse_minus_fresh,0.08173076923076923,0.028846153846153848,0.14423076923076922,0.95,2000,26,91223
bounded_validation,SCface,91843,IoM-GRP,random_key_pool_8,5,deepsets,607,reuse_minus_fresh,0.1971153846153846,0.09615384615384616,0.31742788461538396,0.95,2000,26,91223
bounded_validation,SCface,91843,IoM-GRP,random_key_pool_8,5,deepsets,613,reuse_minus_fresh,0.15384615384615385,0.052884615384615384,0.27884615384615385,0.95,2000,26,91223
bounded_validation,SCface,91843,IoM-GRP,random_key_pool_8,10,mean_mlp,601,ten_minus_one,0.21153846153846154,0.07680288461538483,0.3557692307692308,0.95,2000,26,91223
bounded_validation,SCface,91843,IoM-GRP,random_key_pool_8,10,mean_mlp,601,reuse_minus_fresh,0.2980769230769231,0.15865384615384615,0.4567307692307692,0.95,2000,26,91223
bounded_validation,SCface,91843,IoM-GRP,random_key_pool_8,10,mean_mlp,607,ten_minus_one,0.25961538461538464,0.11057692307692307,0.41346153846153844,0.95,2000,26,91223
bounded_validation,SCface,91843,IoM-GRP,random_key_pool_8,10,mean_mlp,607,reuse_minus_fresh,0.34615384615384615,0.19230769230769232,0.5096153846153846,0.95,2000,26,91223
bounded_validation,SCface,91843,IoM-GRP,random_key_pool_8,10,mean_mlp,613,ten_minus_one,0.21634615384615385,0.0625,0.38461538461538464,0.95,2000,26,91223
bounded_validation,SCface,91843,IoM-GRP,random_key_pool_8,10,mean_mlp,613,reuse_minus_fresh,0.30288461538461536,0.15865384615384615,0.4567307692307692,0.95,2000,26,91223
bounded_validation,SCface,91843,IoM-GRP,random_key_pool_8,10,deepsets,601,ten_minus_one,0.16826923076923078,0.028846153846153848,0.3125,0.95,2000,26,91223
bounded_validation,SCface,91843,IoM-GRP,random_key_pool_8,10,deepsets,601,reuse_minus_fresh,0.25,0.11057692307692307,0.40384615384615385,0.95,2000,26,91223
bounded_validation,SCface,91843,IoM-GRP,random_key_pool_8,10,deepsets,607,ten_minus_one,0.16346153846153846,0.038461538461538464,0.2980769230769231,0.95,2000,26,91223
bounded_validation,SCface,91843,IoM-GRP,random_key_pool_8,10,deepsets,607,reuse_minus_fresh,0.25,0.11538461538461539,0.39903846153846156,0.95,2000,26,91223
bounded_validation,SCface,91843,IoM-GRP,random_key_pool_8,10,deepsets,613,ten_minus_one,0.1778846153846154,0.052884615384615384,0.32211538461538464,0.95,2000,26,91223
bounded_validation,SCface,91843,IoM-GRP,random_key_pool_8,10,deepsets,613,reuse_minus_fresh,0.2644230769230769,0.12980769230769232,0.41838942307692245,0.95,2000,26,91223
bounded_validation,MOBIO,91831,PolyProtect,random_key_pool_8,1,single_mlp,601,reuse_minus_fresh,0.32083333333333336,0.225,0.4209374999999994,0.95,2000,30,91223
bounded_validation,MOBIO,91831,PolyProtect,random_key_pool_8,1,single_mlp,607,reuse_minus_fresh,0.22916666666666666,0.1375,0.32083333333333336,0.95,2000,30,91223
bounded_validation,MOBIO,91831,PolyProtect,random_key_pool_8,1,single_mlp,613,reuse_minus_fresh,0.30416666666666664,0.20416666666666666,0.4,0.95,2000,30,91223
bounded_validation,MOBIO,91831,PolyProtect,random_key_pool_8,2,mean_mlp,601,reuse_minus_fresh,0.5125,0.4083333333333333,0.6208333333333333,0.95,2000,30,91223
bounded_validation,MOBIO,91831,PolyProtect,random_key_pool_8,2,mean_mlp,607,reuse_minus_fresh,0.475,0.3541666666666667,0.5875,0.95,2000,30,91223
bounded_validation,MOBIO,91831,PolyProtect,random_key_pool_8,2,mean_mlp,613,reuse_minus_fresh,0.4625,0.3375,0.5791666666666667,0.95,2000,30,91223
bounded_validation,MOBIO,91831,PolyProtect,random_key_pool_8,2,deepsets,601,reuse_minus_fresh,0.3416666666666667,0.22916666666666666,0.45,0.95,2000,30,91223
bounded_validation,MOBIO,91831,PolyProtect,random_key_pool_8,2,deepsets,607,reuse_minus_fresh,0.3375,0.23333333333333334,0.4417708333333327,0.95,2000,30,91223
bounded_validation,MOBIO,91831,PolyProtect,random_key_pool_8,2,deepsets,613,reuse_minus_fresh,0.4083333333333333,0.275,0.5416666666666666,0.95,2000,30,91223
bounded_validation,MOBIO,91831,PolyProtect,random_key_pool_8,5,mean_mlp,601,reuse_minus_fresh,0.6791666666666667,0.5458333333333333,0.8083333333333333,0.95,2000,30,91223
bounded_validation,MOBIO,91831,PolyProtect,random_key_pool_8,5,mean_mlp,607,reuse_minus_fresh,0.6833333333333333,0.5416666666666666,0.8125,0.95,2000,30,91223
bounded_validation,MOBIO,91831,PolyProtect,random_key_pool_8,5,mean_mlp,613,reuse_minus_fresh,0.6916666666666667,0.5458333333333333,0.8291666666666667,0.95,2000,30,91223
bounded_validation,MOBIO,91831,PolyProtect,random_key_pool_8,5,deepsets,601,reuse_minus_fresh,0.525,0.37489583333333354,0.6626041666666661,0.95,2000,30,91223
bounded_validation,MOBIO,91831,PolyProtect,random_key_pool_8,5,deepsets,607,reuse_minus_fresh,0.5833333333333334,0.4457291666666669,0.7166666666666667,0.95,2000,30,91223
bounded_validation,MOBIO,91831,PolyProtect,random_key_pool_8,5,deepsets,613,reuse_minus_fresh,0.6125,0.4832291666666669,0.7333333333333333,0.95,2000,30,91223
bounded_validation,MOBIO,91831,PolyProtect,random_key_pool_8,10,mean_mlp,601,ten_minus_one,0.5083333333333333,0.3958333333333333,0.6166666666666667,0.95,2000,30,91223
bounded_validation,MOBIO,91831,PolyProtect,random_key_pool_8,10,mean_mlp,601,reuse_minus_fresh,0.7916666666666666,0.6541666666666667,0.9167708333333328,0.95,2000,30,91223
bounded_validation,MOBIO,91831,PolyProtect,random_key_pool_8,10,mean_mlp,607,ten_minus_one,0.5083333333333333,0.37083333333333335,0.65,0.95,2000,30,91223
bounded_validation,MOBIO,91831,PolyProtect,random_key_pool_8,10,mean_mlp,607,reuse_minus_fresh,0.7458333333333333,0.5875,0.8958333333333334,0.95,2000,30,91223
bounded_validation,MOBIO,91831,PolyProtect,random_key_pool_8,10,mean_mlp,613,ten_minus_one,0.44166666666666665,0.32083333333333336,0.5667708333333328,0.95,2000,30,91223
bounded_validation,MOBIO,91831,PolyProtect,random_key_pool_8,10,mean_mlp,613,reuse_minus_fresh,0.7208333333333333,0.5708333333333333,0.8625,0.95,2000,30,91223
bounded_validation,MOBIO,91831,PolyProtect,random_key_pool_8,10,deepsets,601,ten_minus_one,0.2375,0.06656250000000018,0.3959374999999994,0.95,2000,30,91223
bounded_validation,MOBIO,91831,PolyProtect,random_key_pool_8,10,deepsets,601,reuse_minus_fresh,0.5416666666666666,0.37083333333333335,0.7041666666666667,0.95,2000,30,91223
bounded_validation,MOBIO,91831,PolyProtect,random_key_pool_8,10,deepsets,607,ten_minus_one,0.325,0.1748958333333335,0.48333333333333334,0.95,2000,30,91223
bounded_validation,MOBIO,91831,PolyProtect,random_key_pool_8,10,deepsets,607,reuse_minus_fresh,0.5583333333333333,0.39166666666666666,0.7166666666666667,0.95,2000,30,91223
bounded_validation,MOBIO,91831,PolyProtect,random_key_pool_8,10,deepsets,613,ten_minus_one,0.2833333333333333,0.13333333333333333,0.42916666666666664,0.95,2000,30,91223
bounded_validation,MOBIO,91831,PolyProtect,random_key_pool_8,10,deepsets,613,reuse_minus_fresh,0.5916666666666667,0.42083333333333334,0.7458333333333333,0.95,2000,30,91223
bounded_validation,SCface,91831,PolyProtect,random_key_pool_8,1,single_mlp,601,reuse_minus_fresh,0.02403846153846154,-0.004807692307692308,0.057692307692307696,0.95,2000,26,91223
bounded_validation,SCface,91831,PolyProtect,random_key_pool_8,1,single_mlp,607,reuse_minus_fresh,0.019230769230769232,0.004807692307692308,0.038461538461538464,0.95,2000,26,91223
bounded_validation,SCface,91831,PolyProtect,random_key_pool_8,1,single_mlp,613,reuse_minus_fresh,0.019230769230769232,0.0,0.052884615384615384,0.95,2000,26,91223
bounded_validation,SCface,91831,PolyProtect,random_key_pool_8,2,mean_mlp,601,reuse_minus_fresh,0.038461538461538464,0.0,0.08173076923076923,0.95,2000,26,91223
bounded_validation,SCface,91831,PolyProtect,random_key_pool_8,2,mean_mlp,607,reuse_minus_fresh,0.038461538461538464,0.0,0.08653846153846154,0.95,2000,26,91223
bounded_validation,SCface,91831,PolyProtect,random_key_pool_8,2,mean_mlp,613,reuse_minus_fresh,0.03365384615384615,0.004807692307692308,0.07692307692307693,0.95,2000,26,91223
bounded_validation,SCface,91831,PolyProtect,random_key_pool_8,2,deepsets,601,reuse_minus_fresh,0.07211538461538461,0.02403846153846154,0.1346153846153846,0.95,2000,26,91223
bounded_validation,SCface,91831,PolyProtect,random_key_pool_8,2,deepsets,607,reuse_minus_fresh,0.0,0.0,0.0,0.95,2000,26,91223
bounded_validation,SCface,91831,PolyProtect,random_key_pool_8,2,deepsets,613,reuse_minus_fresh,0.125,0.07211538461538461,0.18269230769230768,0.95,2000,26,91223
bounded_validation,SCface,91831,PolyProtect,random_key_pool_8,5,mean_mlp,601,reuse_minus_fresh,0.3557692307692308,0.25,0.46634615384615385,0.95,2000,26,91223
bounded_validation,SCface,91831,PolyProtect,random_key_pool_8,5,mean_mlp,607,reuse_minus_fresh,0.28365384615384615,0.17307692307692307,0.3894230769230769,0.95,2000,26,91223
bounded_validation,SCface,91831,PolyProtect,random_key_pool_8,5,mean_mlp,613,reuse_minus_fresh,0.3798076923076923,0.27403846153846156,0.4855769230769231,0.95,2000,26,91223
bounded_validation,SCface,91831,PolyProtect,random_key_pool_8,5,deepsets,601,reuse_minus_fresh,0.17307692307692307,0.09134615384615384,0.2644230769230769,0.95,2000,26,91223
bounded_validation,SCface,91831,PolyProtect,random_key_pool_8,5,deepsets,607,reuse_minus_fresh,0.24519230769230768,0.13942307692307693,0.35588942307692245,0.95,2000,26,91223
bounded_validation,SCface,91831,PolyProtect,random_key_pool_8,5,deepsets,613,reuse_minus_fresh,0.3076923076923077,0.18269230769230768,0.42788461538461536,0.95,2000,26,91223
bounded_validation,SCface,91831,PolyProtect,random_key_pool_8,10,mean_mlp,601,ten_minus_one,0.4807692307692308,0.34615384615384615,0.6057692307692307,0.95,2000,26,91223
bounded_validation,SCface,91831,PolyProtect,random_key_pool_8,10,mean_mlp,601,reuse_minus_fresh,0.5048076923076923,0.36526442307692325,0.6346153846153846,0.95,2000,26,91223
bounded_validation,SCface,91831,PolyProtect,random_key_pool_8,10,mean_mlp,607,ten_minus_one,0.3942307692307692,0.27884615384615385,0.5096153846153846,0.95,2000,26,91223
bounded_validation,SCface,91831,PolyProtect,random_key_pool_8,10,mean_mlp,607,reuse_minus_fresh,0.41346153846153844,0.2932692307692308,0.5336538461538461,0.95,2000,26,91223
bounded_validation,SCface,91831,PolyProtect,random_key_pool_8,10,mean_mlp,613,ten_minus_one,0.42788461538461536,0.2980769230769231,0.5578124999999994,0.95,2000,26,91223
bounded_validation,SCface,91831,PolyProtect,random_key_pool_8,10,mean_mlp,613,reuse_minus_fresh,0.4375,0.2980769230769231,0.5721153846153846,0.95,2000,26,91223
bounded_validation,SCface,91831,PolyProtect,random_key_pool_8,10,deepsets,601,ten_minus_one,0.2692307692307692,0.15384615384615385,0.3894230769230769,0.95,2000,26,91223
bounded_validation,SCface,91831,PolyProtect,random_key_pool_8,10,deepsets,601,reuse_minus_fresh,0.2932692307692308,0.17307692307692307,0.41346153846153844,0.95,2000,26,91223
bounded_validation,SCface,91831,PolyProtect,random_key_pool_8,10,deepsets,607,ten_minus_one,0.21153846153846154,0.08653846153846154,0.34615384615384615,0.95,2000,26,91223
bounded_validation,SCface,91831,PolyProtect,random_key_pool_8,10,deepsets,607,reuse_minus_fresh,0.23076923076923078,0.10096153846153846,0.36538461538461536,0.95,2000,26,91223
bounded_validation,SCface,91831,PolyProtect,random_key_pool_8,10,deepsets,613,ten_minus_one,0.3701923076923077,0.22115384615384615,0.5144230769230769,0.95,2000,26,91223
bounded_validation,SCface,91831,PolyProtect,random_key_pool_8,10,deepsets,613,reuse_minus_fresh,0.3894230769230769,0.23557692307692307,0.5384615384615384,0.95,2000,26,91223
bounded_validation,MOBIO,91843,PolyProtect,random_key_pool_8,1,single_mlp,601,reuse_minus_fresh,0.25416666666666665,0.1375,0.36666666666666664,0.95,2000,30,91223
bounded_validation,MOBIO,91843,PolyProtect,random_key_pool_8,1,single_mlp,607,reuse_minus_fresh,0.3375,0.24166666666666667,0.44583333333333336,0.95,2000,30,91223
bounded_validation,MOBIO,91843,PolyProtect,random_key_pool_8,1,single_mlp,613,reuse_minus_fresh,0.32916666666666666,0.21666666666666667,0.44166666666666665,0.95,2000,30,91223
bounded_validation,MOBIO,91843,PolyProtect,random_key_pool_8,2,mean_mlp,601,reuse_minus_fresh,0.5041666666666667,0.3915625000000002,0.6125,0.95,2000,30,91223
bounded_validation,MOBIO,91843,PolyProtect,random_key_pool_8,2,mean_mlp,607,reuse_minus_fresh,0.45416666666666666,0.3416666666666667,0.5666666666666667,0.95,2000,30,91223
bounded_validation,MOBIO,91843,PolyProtect,random_key_pool_8,2,mean_mlp,613,reuse_minus_fresh,0.5,0.38333333333333336,0.6125,0.95,2000,30,91223
bounded_validation,MOBIO,91843,PolyProtect,random_key_pool_8,2,deepsets,601,reuse_minus_fresh,0.3125,0.2,0.425,0.95,2000,30,91223
bounded_validation,MOBIO,91843,PolyProtect,random_key_pool_8,2,deepsets,607,reuse_minus_fresh,0.31666666666666665,0.20416666666666666,0.43333333333333335,0.95,2000,30,91223
bounded_validation,MOBIO,91843,PolyProtect,random_key_pool_8,2,deepsets,613,reuse_minus_fresh,0.31666666666666665,0.20416666666666666,0.42916666666666664,0.95,2000,30,91223
bounded_validation,MOBIO,91843,PolyProtect,random_key_pool_8,5,mean_mlp,601,reuse_minus_fresh,0.6291666666666667,0.5041666666666667,0.7416666666666667,0.95,2000,30,91223
bounded_validation,MOBIO,91843,PolyProtect,random_key_pool_8,5,mean_mlp,607,reuse_minus_fresh,0.6916666666666667,0.5833333333333334,0.7958333333333333,0.95,2000,30,91223
bounded_validation,MOBIO,91843,PolyProtect,random_key_pool_8,5,mean_mlp,613,reuse_minus_fresh,0.6875,0.5791666666666667,0.7958333333333333,0.95,2000,30,91223
bounded_validation,MOBIO,91843,PolyProtect,random_key_pool_8,5,deepsets,601,reuse_minus_fresh,0.575,0.45,0.7,0.95,2000,30,91223
bounded_validation,MOBIO,91843,PolyProtect,random_key_pool_8,5,deepsets,607,reuse_minus_fresh,0.5208333333333334,0.375,0.6583333333333333,0.95,2000,30,91223
bounded_validation,MOBIO,91843,PolyProtect,random_key_pool_8,5,deepsets,613,reuse_minus_fresh,0.5416666666666666,0.4041666666666667,0.6708333333333333,0.95,2000,30,91223
bounded_validation,MOBIO,91843,PolyProtect,random_key_pool_8,10,mean_mlp,601,ten_minus_one,0.5125,0.4041666666666667,0.6208333333333333,0.95,2000,30,91223
bounded_validation,MOBIO,91843,PolyProtect,random_key_pool_8,10,mean_mlp,601,reuse_minus_fresh,0.7958333333333333,0.6625,0.9125,0.95,2000,30,91223
bounded_validation,MOBIO,91843,PolyProtect,random_key_pool_8,10,mean_mlp,607,ten_minus_one,0.32916666666666666,0.20416666666666666,0.4583333333333333,0.95,2000,30,91223
bounded_validation,MOBIO,91843,PolyProtect,random_key_pool_8,10,mean_mlp,607,reuse_minus_fresh,0.6583333333333333,0.4875,0.8208333333333333,0.95,2000,30,91223
bounded_validation,MOBIO,91843,PolyProtect,random_key_pool_8,10,mean_mlp,613,ten_minus_one,0.3958333333333333,0.2625,0.5333333333333333,0.95,2000,30,91223
bounded_validation,MOBIO,91843,PolyProtect,random_key_pool_8,10,mean_mlp,613,reuse_minus_fresh,0.725,0.6,0.8541666666666666,0.95,2000,30,91223
bounded_validation,MOBIO,91843,PolyProtect,random_key_pool_8,10,deepsets,601,ten_minus_one,0.29583333333333334,0.1375,0.45416666666666666,0.95,2000,30,91223
bounded_validation,MOBIO,91843,PolyProtect,random_key_pool_8,10,deepsets,601,reuse_minus_fresh,0.575,0.4166666666666667,0.7375,0.95,2000,30,91223
bounded_validation,MOBIO,91843,PolyProtect,random_key_pool_8,10,deepsets,607,ten_minus_one,0.31666666666666665,0.2,0.44166666666666665,0.95,2000,30,91223
bounded_validation,MOBIO,91843,PolyProtect,random_key_pool_8,10,deepsets,607,reuse_minus_fresh,0.6458333333333334,0.4666666666666667,0.8,0.95,2000,30,91223
bounded_validation,MOBIO,91843,PolyProtect,random_key_pool_8,10,deepsets,613,ten_minus_one,0.2916666666666667,0.12083333333333333,0.44583333333333336,0.95,2000,30,91223
bounded_validation,MOBIO,91843,PolyProtect,random_key_pool_8,10,deepsets,613,reuse_minus_fresh,0.6083333333333333,0.4457291666666669,0.7708333333333334,0.95,2000,30,91223
bounded_validation,SCface,91843,PolyProtect,random_key_pool_8,1,single_mlp,601,reuse_minus_fresh,0.04326923076923077,-0.004807692307692308,0.09134615384615384,0.95,2000,26,91223
bounded_validation,SCface,91843,PolyProtect,random_key_pool_8,1,single_mlp,607,reuse_minus_fresh,0.052884615384615384,0.014423076923076924,0.10096153846153846,0.95,2000,26,91223
bounded_validation,SCface,91843,PolyProtect,random_key_pool_8,1,single_mlp,613,reuse_minus_fresh,0.057692307692307696,0.014423076923076924,0.11538461538461539,0.95,2000,26,91223
bounded_validation,SCface,91843,PolyProtect,random_key_pool_8,2,mean_mlp,601,reuse_minus_fresh,0.04807692307692308,0.019230769230769232,0.08173076923076923,0.95,2000,26,91223
bounded_validation,SCface,91843,PolyProtect,random_key_pool_8,2,mean_mlp,607,reuse_minus_fresh,0.08653846153846154,0.03365384615384615,0.15865384615384615,0.95,2000,26,91223
bounded_validation,SCface,91843,PolyProtect,random_key_pool_8,2,mean_mlp,613,reuse_minus_fresh,0.08173076923076923,0.03365384615384615,0.1346153846153846,0.95,2000,26,91223
bounded_validation,SCface,91843,PolyProtect,random_key_pool_8,2,deepsets,601,reuse_minus_fresh,0.009615384615384616,-0.028846153846153848,0.057692307692307696,0.95,2000,26,91223
bounded_validation,SCface,91843,PolyProtect,random_key_pool_8,2,deepsets,607,reuse_minus_fresh,0.019230769230769232,-0.052884615384615384,0.10096153846153846,0.95,2000,26,91223
bounded_validation,SCface,91843,PolyProtect,random_key_pool_8,2,deepsets,613,reuse_minus_fresh,0.009615384615384616,-0.052884615384615384,0.07692307692307693,0.95,2000,26,91223
bounded_validation,SCface,91843,PolyProtect,random_key_pool_8,5,mean_mlp,601,reuse_minus_fresh,0.4326923076923077,0.32211538461538464,0.5480769230769231,0.95,2000,26,91223
bounded_validation,SCface,91843,PolyProtect,random_key_pool_8,5,mean_mlp,607,reuse_minus_fresh,0.4182692307692308,0.28365384615384615,0.5480769230769231,0.95,2000,26,91223
bounded_validation,SCface,91843,PolyProtect,random_key_pool_8,5,mean_mlp,613,reuse_minus_fresh,0.39903846153846156,0.28365384615384615,0.5240384615384616,0.95,2000,26,91223
bounded_validation,SCface,91843,PolyProtect,random_key_pool_8,5,deepsets,601,reuse_minus_fresh,0.3076923076923077,0.20661057692307713,0.4182692307692308,0.95,2000,26,91223
bounded_validation,SCface,91843,PolyProtect,random_key_pool_8,5,deepsets,607,reuse_minus_fresh,0.33653846153846156,0.22596153846153846,0.4519230769230769,0.95,2000,26,91223
bounded_validation,SCface,91843,PolyProtect,random_key_pool_8,5,deepsets,613,reuse_minus_fresh,0.3317307692307692,0.1875,0.4807692307692308,0.95,2000,26,91223
bounded_validation,SCface,91843,PolyProtect,random_key_pool_8,10,mean_mlp,601,ten_minus_one,0.4326923076923077,0.28846153846153844,0.5769230769230769,0.95,2000,26,91223
bounded_validation,SCface,91843,PolyProtect,random_key_pool_8,10,mean_mlp,601,reuse_minus_fresh,0.4855769230769231,0.3317307692307692,0.6346153846153846,0.95,2000,26,91223
bounded_validation,SCface,91843,PolyProtect,random_key_pool_8,10,mean_mlp,607,ten_minus_one,0.5673076923076923,0.41346153846153844,0.7067307692307693,0.95,2000,26,91223
bounded_validation,SCface,91843,PolyProtect,random_key_pool_8,10,mean_mlp,607,reuse_minus_fresh,0.6105769230769231,0.4375,0.7644230769230769,0.95,2000,26,91223
bounded_validation,SCface,91843,PolyProtect,random_key_pool_8,10,mean_mlp,613,ten_minus_one,0.4423076923076923,0.3076923076923077,0.5721153846153846,0.95,2000,26,91223
bounded_validation,SCface,91843,PolyProtect,random_key_pool_8,10,mean_mlp,613,reuse_minus_fresh,0.5,0.3508413461538463,0.6395432692307685,0.95,2000,26,91223
bounded_validation,SCface,91843,PolyProtect,random_key_pool_8,10,deepsets,601,ten_minus_one,0.32211538461538464,0.19230769230769232,0.4519230769230769,0.95,2000,26,91223
bounded_validation,SCface,91843,PolyProtect,random_key_pool_8,10,deepsets,601,reuse_minus_fresh,0.3894230769230769,0.2403846153846154,0.5432692307692307,0.95,2000,26,91223
bounded_validation,SCface,91843,PolyProtect,random_key_pool_8,10,deepsets,607,ten_minus_one,0.4326923076923077,0.27884615384615385,0.5865384615384616,0.95,2000,26,91223
bounded_validation,SCface,91843,PolyProtect,random_key_pool_8,10,deepsets,607,reuse_minus_fresh,0.49038461538461536,0.3317307692307692,0.6442307692307693,0.95,2000,26,91223
bounded_validation,SCface,91843,PolyProtect,random_key_pool_8,10,deepsets,613,ten_minus_one,0.36538461538461536,0.23557692307692307,0.5,0.95,2000,26,91223
bounded_validation,SCface,91843,PolyProtect,random_key_pool_8,10,deepsets,613,reuse_minus_fresh,0.41346153846153844,0.2546875000000002,0.5817307692307693,0.95,2000,26,91223
