stage,dataset,scheme,split_seed,condition,test_identities,chance,key_seed,set_seed,config_sha256,git_commit,exposures,model,seed,top1,top5,auroc,eer,tar_at_far_1e-2,tar_at_far_1e-3,lower95,upper95,best_epoch,elapsed_seconds,oracle_top1
bounded_validation,MOBIO,IoM-GRP,91831,independent_unseen_keys,30,0.03333333333333333,92101,92107,58d9f4f2b54c1f8120797af8cdefd7129cd1b4a1e10c413ce8fb858e636e7b17,02d0811437074f99181cd743a47339c7185bc5fa,1,single_mlp,601,0.016666666666666666,0.17916666666666667,0.5199754549808429,0.47931034482758617,0.0125,0.0,0.0,0.05,4,4.316415548324585,1.0
bounded_validation,MOBIO,IoM-GRP,91831,independent_unseen_keys,30,0.03333333333333333,92101,92107,58d9f4f2b54c1f8120797af8cdefd7129cd1b4a1e10c413ce8fb858e636e7b17,02d0811437074f99181cd743a47339c7185bc5fa,1,single_mlp,607,0.04583333333333333,0.2,0.5028759578544061,0.5053160919540229,0.016666666666666666,0.0,0.0125,0.0876041666666661,4,0.30554914474487305,1.0
bounded_validation,MOBIO,IoM-GRP,91831,independent_unseen_keys,30,0.03333333333333333,92101,92107,58d9f4f2b54c1f8120797af8cdefd7129cd1b4a1e10c413ce8fb858e636e7b17,02d0811437074f99181cd743a47339c7185bc5fa,1,single_mlp,613,0.0375,0.15416666666666667,0.49015265804597696,0.5007902298850575,0.004166666666666667,0.0,0.0,0.0875,4,0.2824981212615967,1.0
bounded_validation,MOBIO,IoM-GRP,91831,independent_unseen_keys,30,0.03333333333333333,92101,92107,58d9f4f2b54c1f8120797af8cdefd7129cd1b4a1e10c413ce8fb858e636e7b17,02d0811437074f99181cd743a47339c7185bc5fa,2,mean_mlp,601,0.029166666666666667,0.1625,0.5202825670498085,0.4788074712643678,0.008333333333333333,0.0,0.0,0.075,5,0.2523193359375,1.0
bounded_validation,MOBIO,IoM-GRP,91831,independent_unseen_keys,30,0.03333333333333333,92101,92107,58d9f4f2b54c1f8120797af8cdefd7129cd1b4a1e10c413ce8fb858e636e7b17,02d0811437074f99181cd743a47339c7185bc5fa,2,mean_mlp,607,0.05416666666666667,0.2,0.5100233477011494,0.5082614942528736,0.025,0.004166666666666667,0.0,0.13333333333333333,5,0.2479860782623291,1.0
bounded_validation,MOBIO,IoM-GRP,91831,independent_unseen_keys,30,0.03333333333333333,92101,92107,58d9f4f2b54c1f8120797af8cdefd7129cd1b4a1e10c413ce8fb858e636e7b17,02d0811437074f99181cd743a47339c7185bc5fa,2,mean_mlp,613,0.029166666666666667,0.16666666666666666,0.4984494731800766,0.5040948275862069,0.008333333333333333,0.0,0.0,0.08333333333333333,4,0.24233627319335938,1.0
bounded_validation,MOBIO,IoM-GRP,91831,independent_unseen_keys,30,0.03333333333333333,92101,92107,58d9f4f2b54c1f8120797af8cdefd7129cd1b4a1e10c413ce8fb858e636e7b17,02d0811437074f99181cd743a47339c7185bc5fa,2,deepsets,601,0.0375,0.15416666666666667,0.5027256944444445,0.4913793103448276,0.0125,0.0,0.0,0.09583333333333334,10,0.36457037925720215,1.0
bounded_validation,MOBIO,IoM-GRP,91831,independent_unseen_keys,30,0.03333333333333333,92101,92107,58d9f4f2b54c1f8120797af8cdefd7129cd1b4a1e10c413ce8fb858e636e7b17,02d0811437074f99181cd743a47339c7185bc5fa,2,deepsets,607,0.03333333333333333,0.16666666666666666,0.49884818007662834,0.5007902298850575,0.004166666666666667,0.0,0.0,0.1,7,0.3599722385406494,1.0
bounded_validation,MOBIO,IoM-GRP,91831,independent_unseen_keys,30,0.03333333333333333,92101,92107,58d9f4f2b54c1f8120797af8cdefd7129cd1b4a1e10c413ce8fb858e636e7b17,02d0811437074f99181cd743a47339c7185bc5fa,2,deepsets,613,0.05,0.16666666666666666,0.49913433908045973,0.500933908045977,0.008333333333333333,0.0,0.0,0.12916666666666668,8,0.39051342010498047,1.0
bounded_validation,MOBIO,IoM-GRP,91831,independent_unseen_keys,30,0.03333333333333333,92101,92107,58d9f4f2b54c1f8120797af8cdefd7129cd1b4a1e10c413ce8fb858e636e7b17,02d0811437074f99181cd743a47339c7185bc5fa,5,mean_mlp,601,0.03333333333333333,0.15416666666666667,0.5095318486590038,0.49741379310344824,0.004166666666666667,0.0,0.0,0.09166666666666666,6,0.28652453422546387,1.0
bounded_validation,MOBIO,IoM-GRP,91831,independent_unseen_keys,30,0.03333333333333333,92101,92107,58d9f4f2b54c1f8120797af8cdefd7129cd1b4a1e10c413ce8fb858e636e7b17,02d0811437074f99181cd743a47339c7185bc5fa,5,mean_mlp,607,0.03333333333333333,0.17083333333333334,0.5078400383141762,0.5090517241379311,0.025,0.008333333333333333,0.0,0.1,5,0.3244476318359375,1.0
bounded_validation,MOBIO,IoM-GRP,91831,independent_unseen_keys,30,0.03333333333333333,92101,92107,58d9f4f2b54c1f8120797af8cdefd7129cd1b4a1e10c413ce8fb858e636e7b17,02d0811437074f99181cd743a47339c7185bc5fa,5,mean_mlp,613,0.03333333333333333,0.1625,0.4966109913793103,0.5200431034482758,0.0,0.0,0.0,0.1,5,0.2685098648071289,1.0
bounded_validation,MOBIO,IoM-GRP,91831,independent_unseen_keys,30,0.03333333333333333,92101,92107,58d9f4f2b54c1f8120797af8cdefd7129cd1b4a1e10c413ce8fb858e636e7b17,02d0811437074f99181cd743a47339c7185bc5fa,5,deepsets,601,0.03333333333333333,0.16666666666666666,0.49808369252873563,0.5008620689655172,0.004166666666666667,0.0,0.0,0.1,12,0.41277146339416504,1.0
bounded_validation,MOBIO,IoM-GRP,91831,independent_unseen_keys,30,0.03333333333333333,92101,92107,58d9f4f2b54c1f8120797af8cdefd7129cd1b4a1e10c413ce8fb858e636e7b17,02d0811437074f99181cd743a47339c7185bc5fa,5,deepsets,607,0.03333333333333333,0.16666666666666666,0.5007471264367815,0.4908045977011495,0.0,0.0,0.0,0.1,8,0.37895655632019043,1.0
bounded_validation,MOBIO,IoM-GRP,91831,independent_unseen_keys,30,0.03333333333333333,92101,92107,58d9f4f2b54c1f8120797af8cdefd7129cd1b4a1e10c413ce8fb858e636e7b17,02d0811437074f99181cd743a47339c7185bc5fa,5,deepsets,613,0.03333333333333333,0.16666666666666666,0.49839439655172413,0.5053160919540229,0.0,0.0,0.0,0.1,9,1.6433064937591553,1.0
bounded_validation,MOBIO,IoM-GRP,91831,independent_unseen_keys,30,0.03333333333333333,92101,92107,58d9f4f2b54c1f8120797af8cdefd7129cd1b4a1e10c413ce8fb858e636e7b17,02d0811437074f99181cd743a47339c7185bc5fa,10,mean_mlp,601,0.03333333333333333,0.16666666666666666,0.5087559865900383,0.5042385057471264,0.0,0.0,0.0,0.1,6,0.3507504463195801,1.0
bounded_validation,MOBIO,IoM-GRP,91831,independent_unseen_keys,30,0.03333333333333333,92101,92107,58d9f4f2b54c1f8120797af8cdefd7129cd1b4a1e10c413ce8fb858e636e7b17,02d0811437074f99181cd743a47339c7185bc5fa,10,mean_mlp,607,0.03333333333333333,0.19583333333333333,0.5001915708812261,0.5210488505747126,0.03333333333333333,0.0,0.0,0.1,6,0.38706302642822266,1.0
bounded_validation,MOBIO,IoM-GRP,91831,independent_unseen_keys,30,0.03333333333333333,92101,92107,58d9f4f2b54c1f8120797af8cdefd7129cd1b4a1e10c413ce8fb858e636e7b17,02d0811437074f99181cd743a47339c7185bc5fa,10,mean_mlp,613,0.05,0.16666666666666666,0.4882046216475096,0.5040948275862069,0.0,0.0,0.0,0.13333333333333333,7,0.357036828994751,1.0
bounded_validation,MOBIO,IoM-GRP,91831,independent_unseen_keys,30,0.03333333333333333,92101,92107,58d9f4f2b54c1f8120797af8cdefd7129cd1b4a1e10c413ce8fb858e636e7b17,02d0811437074f99181cd743a47339c7185bc5fa,10,deepsets,601,0.03333333333333333,0.16666666666666666,0.4971827107279694,0.49540229885057474,0.016666666666666666,0.0,0.0,0.1,14,0.8040866851806641,1.0
bounded_validation,MOBIO,IoM-GRP,91831,independent_unseen_keys,30,0.03333333333333333,92101,92107,58d9f4f2b54c1f8120797af8cdefd7129cd1b4a1e10c413ce8fb858e636e7b17,02d0811437074f99181cd743a47339c7185bc5fa,10,deepsets,607,0.03333333333333333,0.16666666666666666,0.5017139607279694,0.5099137931034483,0.0,0.0,0.0,0.1,8,0.6312034130096436,1.0
bounded_validation,MOBIO,IoM-GRP,91831,independent_unseen_keys,30,0.03333333333333333,92101,92107,58d9f4f2b54c1f8120797af8cdefd7129cd1b4a1e10c413ce8fb858e636e7b17,02d0811437074f99181cd743a47339c7185bc5fa,10,deepsets,613,0.03333333333333333,0.16666666666666666,0.49373802681992335,0.5032327586206897,0.0,0.0,0.0,0.1,11,0.6746985912322998,1.0
bounded_validation,SCface,IoM-GRP,91831,independent_unseen_keys,26,0.038461538461538464,92101,92107,bd7560b92063e64f39b7f9f88c96a3ac68eb4b59533a2cf43fe3db0d48b65401,02d0811437074f99181cd743a47339c7185bc5fa,1,single_mlp,601,0.038461538461538464,0.18269230769230768,0.5095183062130177,0.4903846153846154,0.019230769230769232,0.0,0.0,0.11538461538461539,7,0.4026145935058594,0.8317307692307693
bounded_validation,SCface,IoM-GRP,91831,independent_unseen_keys,26,0.038461538461538464,92101,92107,bd7560b92063e64f39b7f9f88c96a3ac68eb4b59533a2cf43fe3db0d48b65401,02d0811437074f99181cd743a47339c7185bc5fa,1,single_mlp,607,0.038461538461538464,0.21153846153846154,0.5024140162721893,0.5050961538461538,0.014423076923076924,0.0,0.0,0.11538461538461539,6,0.2498791217803955,0.8317307692307693
bounded_validation,SCface,IoM-GRP,91831,independent_unseen_keys,26,0.038461538461538464,92101,92107,bd7560b92063e64f39b7f9f88c96a3ac68eb4b59533a2cf43fe3db0d48b65401,02d0811437074f99181cd743a47339c7185bc5fa,1,single_mlp,613,0.038461538461538464,0.14903846153846154,0.47956638313609473,0.5153846153846153,0.004807692307692308,0.0,0.0,0.11538461538461539,6,0.2522261142730713,0.8317307692307693
bounded_validation,SCface,IoM-GRP,91831,independent_unseen_keys,26,0.038461538461538464,92101,92107,bd7560b92063e64f39b7f9f88c96a3ac68eb4b59533a2cf43fe3db0d48b65401,02d0811437074f99181cd743a47339c7185bc5fa,2,mean_mlp,601,0.038461538461538464,0.19230769230769232,0.5038840606508876,0.5001923076923077,0.03365384615384615,0.014423076923076924,0.0,0.11538461538461539,10,0.2874782085418701,0.9134615384615384
bounded_validation,SCface,IoM-GRP,91831,independent_unseen_keys,26,0.038461538461538464,92101,92107,bd7560b92063e64f39b7f9f88c96a3ac68eb4b59533a2cf43fe3db0d48b65401,02d0811437074f99181cd743a47339c7185bc5fa,2,mean_mlp,607,0.038461538461538464,0.19230769230769232,0.498539201183432,0.5111538461538461,0.014423076923076924,0.0,0.0,0.11538461538461539,8,0.27812671661376953,0.9134615384615384
bounded_validation,SCface,IoM-GRP,91831,independent_unseen_keys,26,0.038461538461538464,92101,92107,bd7560b92063e64f39b7f9f88c96a3ac68eb4b59533a2cf43fe3db0d48b65401,02d0811437074f99181cd743a47339c7185bc5fa,2,mean_mlp,613,0.038461538461538464,0.19230769230769232,0.492446375739645,0.5101923076923076,0.0,0.0,0.0,0.11538461538461539,9,0.2819654941558838,0.9134615384615384
bounded_validation,SCface,IoM-GRP,91831,independent_unseen_keys,26,0.038461538461538464,92101,92107,bd7560b92063e64f39b7f9f88c96a3ac68eb4b59533a2cf43fe3db0d48b65401,02d0811437074f99181cd743a47339c7185bc5fa,2,deepsets,601,0.038461538461538464,0.19230769230769232,0.5014154955621302,0.4997115384615385,0.004807692307692308,0.0,0.0,0.11538461538461539,23,0.4675259590148926,0.9134615384615384
bounded_validation,SCface,IoM-GRP,91831,independent_unseen_keys,26,0.038461538461538464,92101,92107,bd7560b92063e64f39b7f9f88c96a3ac68eb4b59533a2cf43fe3db0d48b65401,02d0811437074f99181cd743a47339c7185bc5fa,2,deepsets,607,0.038461538461538464,0.19230769230769232,0.5005935650887574,0.5000961538461539,0.0,0.0,0.0,0.11538461538461539,21,1.52427339553833,0.9134615384615384
bounded_validation,SCface,IoM-GRP,91831,independent_unseen_keys,26,0.038461538461538464,92101,92107,bd7560b92063e64f39b7f9f88c96a3ac68eb4b59533a2cf43fe3db0d48b65401,02d0811437074f99181cd743a47339c7185bc5fa,2,deepsets,613,0.038461538461538464,0.19230769230769232,0.4991512573964497,0.5052884615384615,0.019230769230769232,0.0,0.0,0.11538461538461539,21,0.48888683319091797,0.9134615384615384
bounded_validation,SCface,IoM-GRP,91831,independent_unseen_keys,26,0.038461538461538464,92101,92107,bd7560b92063e64f39b7f9f88c96a3ac68eb4b59533a2cf43fe3db0d48b65401,02d0811437074f99181cd743a47339c7185bc5fa,5,mean_mlp,601,0.038461538461538464,0.19230769230769232,0.5037666420118343,0.5009615384615385,0.02403846153846154,0.004807692307692308,0.0,0.11538461538461539,19,0.3584005832672119,0.9230769230769231
bounded_validation,SCface,IoM-GRP,91831,independent_unseen_keys,26,0.038461538461538464,92101,92107,bd7560b92063e64f39b7f9f88c96a3ac68eb4b59533a2cf43fe3db0d48b65401,02d0811437074f99181cd743a47339c7185bc5fa,5,mean_mlp,607,0.038461538461538464,0.19230769230769232,0.49819619082840233,0.5000961538461539,0.014423076923076924,0.0,0.0,0.11538461538461539,20,0.3748486042022705,0.9230769230769231
bounded_validation,SCface,IoM-GRP,91831,independent_unseen_keys,26,0.038461538461538464,92101,92107,bd7560b92063e64f39b7f9f88c96a3ac68eb4b59533a2cf43fe3db0d48b65401,02d0811437074f99181cd743a47339c7185bc5fa,5,mean_mlp,613,0.038461538461538464,0.19230769230769232,0.49877126479289935,0.4975,0.019230769230769232,0.0,0.0,0.11538461538461539,22,0.3729112148284912,0.9230769230769231
bounded_validation,SCface,IoM-GRP,91831,independent_unseen_keys,26,0.038461538461538464,92101,92107,bd7560b92063e64f39b7f9f88c96a3ac68eb4b59533a2cf43fe3db0d48b65401,02d0811437074f99181cd743a47339c7185bc5fa,5,deepsets,601,0.038461538461538464,0.19230769230769232,0.5025277366863905,0.5,0.0,0.0,0.0,0.11538461538461539,42,0.6475930213928223,0.9230769230769231
bounded_validation,SCface,IoM-GRP,91831,independent_unseen_keys,26,0.038461538461538464,92101,92107,bd7560b92063e64f39b7f9f88c96a3ac68eb4b59533a2cf43fe3db0d48b65401,02d0811437074f99181cd743a47339c7185bc5fa,5,deepsets,607,0.038461538461538464,0.19230769230769232,0.5015772928994082,0.49903846153846154,0.004807692307692308,0.0,0.0,0.11538461538461539,32,0.5500619411468506,0.9230769230769231
bounded_validation,SCface,IoM-GRP,91831,independent_unseen_keys,26,0.038461538461538464,92101,92107,bd7560b92063e64f39b7f9f88c96a3ac68eb4b59533a2cf43fe3db0d48b65401,02d0811437074f99181cd743a47339c7185bc5fa,5,deepsets,613,0.038461538461538464,0.19230769230769232,0.5021680843195266,0.5050961538461538,0.004807692307692308,0.0,0.0,0.11538461538461539,32,0.5604190826416016,0.9230769230769231
bounded_validation,SCface,IoM-GRP,91831,independent_unseen_keys,26,0.038461538461538464,92101,92107,bd7560b92063e64f39b7f9f88c96a3ac68eb4b59533a2cf43fe3db0d48b65401,02d0811437074f99181cd743a47339c7185bc5fa,10,mean_mlp,601,0.038461538461538464,0.19230769230769232,0.5033875739644971,0.4948076923076923,0.03365384615384615,0.004807692307692308,0.0,0.11538461538461539,23,1.6006741523742676,0.9230769230769231
bounded_validation,SCface,IoM-GRP,91831,independent_unseen_keys,26,0.038461538461538464,92101,92107,bd7560b92063e64f39b7f9f88c96a3ac68eb4b59533a2cf43fe3db0d48b65401,02d0811437074f99181cd743a47339c7185bc5fa,10,mean_mlp,607,0.038461538461538464,0.19230769230769232,0.5007313239644969,0.5008653846153845,0.019230769230769232,0.004807692307692308,0.0,0.11538461538461539,19,0.3961315155029297,0.9230769230769231
bounded_validation,SCface,IoM-GRP,91831,independent_unseen_keys,26,0.038461538461538464,92101,92107,bd7560b92063e64f39b7f9f88c96a3ac68eb4b59533a2cf43fe3db0d48b65401,02d0811437074f99181cd743a47339c7185bc5fa,10,mean_mlp,613,0.038461538461538464,0.19230769230769232,0.5031351701183432,0.49788461538461537,0.028846153846153848,0.009615384615384616,0.0,0.11538461538461539,27,0.4845774173736572,0.9230769230769231
bounded_validation,SCface,IoM-GRP,91831,independent_unseen_keys,26,0.038461538461538464,92101,92107,bd7560b92063e64f39b7f9f88c96a3ac68eb4b59533a2cf43fe3db0d48b65401,02d0811437074f99181cd743a47339c7185bc5fa,10,deepsets,601,0.038461538461538464,0.19230769230769232,0.4999759615384616,0.48615384615384616,0.0,0.0,0.0,0.11538461538461539,48,0.9902331829071045,0.9230769230769231
bounded_validation,SCface,IoM-GRP,91831,independent_unseen_keys,26,0.038461538461538464,92101,92107,bd7560b92063e64f39b7f9f88c96a3ac68eb4b59533a2cf43fe3db0d48b65401,02d0811437074f99181cd743a47339c7185bc5fa,10,deepsets,607,0.038461538461538464,0.19230769230769232,0.5000758136094674,0.49759615384615385,0.004807692307692308,0.0,0.0,0.11538461538461539,29,0.7865700721740723,0.9230769230769231
bounded_validation,SCface,IoM-GRP,91831,independent_unseen_keys,26,0.038461538461538464,92101,92107,bd7560b92063e64f39b7f9f88c96a3ac68eb4b59533a2cf43fe3db0d48b65401,02d0811437074f99181cd743a47339c7185bc5fa,10,deepsets,613,0.038461538461538464,0.19230769230769232,0.502867973372781,0.513076923076923,0.004807692307692308,0.0,0.0,0.11538461538461539,38,2.118154764175415,0.9230769230769231
bounded_validation,MOBIO,IoM-GRP,91843,independent_unseen_keys,30,0.03333333333333333,92101,92107,8346b122981394df3152a67e92ba2e28b9242537eca4170f5822e310015e43ce,02d0811437074f99181cd743a47339c7185bc5fa,1,single_mlp,601,0.041666666666666664,0.16666666666666666,0.5150880028735632,0.4700431034482758,0.016666666666666666,0.0,0.008333333333333333,0.08333333333333333,4,0.4241960048675537,1.0
bounded_validation,MOBIO,IoM-GRP,91843,independent_unseen_keys,30,0.03333333333333333,92101,92107,8346b122981394df3152a67e92ba2e28b9242537eca4170f5822e310015e43ce,02d0811437074f99181cd743a47339c7185bc5fa,1,single_mlp,607,0.041666666666666664,0.15,0.5025664511494253,0.5126436781609195,0.016666666666666666,0.0,0.008333333333333333,0.08333333333333333,4,0.25690340995788574,1.0
bounded_validation,MOBIO,IoM-GRP,91843,independent_unseen_keys,30,0.03333333333333333,92101,92107,8346b122981394df3152a67e92ba2e28b9242537eca4170f5822e310015e43ce,02d0811437074f99181cd743a47339c7185bc5fa,1,single_mlp,613,0.029166666666666667,0.18333333333333332,0.5065361590038314,0.5209051724137931,0.0125,0.0,0.0,0.07083333333333333,6,0.274702787399292,1.0
bounded_validation,MOBIO,IoM-GRP,91843,independent_unseen_keys,30,0.03333333333333333,92101,92107,8346b122981394df3152a67e92ba2e28b9242537eca4170f5822e310015e43ce,02d0811437074f99181cd743a47339c7185bc5fa,2,mean_mlp,601,0.041666666666666664,0.175,0.5020282567049809,0.4874281609195402,0.004166666666666667,0.0,0.0,0.10416666666666667,5,0.2699618339538574,1.0
bounded_validation,MOBIO,IoM-GRP,91843,independent_unseen_keys,30,0.03333333333333333,92101,92107,8346b122981394df3152a67e92ba2e28b9242537eca4170f5822e310015e43ce,02d0811437074f99181cd743a47339c7185bc5fa,2,mean_mlp,607,0.04583333333333333,0.1625,0.5032261733716474,0.503448275862069,0.020833333333333332,0.0,0.008333333333333333,0.1001041666666661,5,0.28580236434936523,1.0
bounded_validation,MOBIO,IoM-GRP,91843,independent_unseen_keys,30,0.03333333333333333,92101,92107,8346b122981394df3152a67e92ba2e28b9242537eca4170f5822e310015e43ce,02d0811437074f99181cd743a47339c7185bc5fa,2,mean_mlp,613,0.0375,0.15833333333333333,0.4979430076628353,0.5043103448275862,0.008333333333333333,0.0,0.004166666666666667,0.08333333333333333,4,0.2692372798919678,1.0
bounded_validation,MOBIO,IoM-GRP,91843,independent_unseen_keys,30,0.03333333333333333,92101,92107,8346b122981394df3152a67e92ba2e28b9242537eca4170f5822e310015e43ce,02d0811437074f99181cd743a47339c7185bc5fa,2,deepsets,601,0.03333333333333333,0.175,0.501480483716475,0.49971264367816093,0.0125,0.0,0.0,0.1,7,0.3528120517730713,1.0
bounded_validation,MOBIO,IoM-GRP,91843,independent_unseen_keys,30,0.03333333333333333,92101,92107,8346b122981394df3152a67e92ba2e28b9242537eca4170f5822e310015e43ce,02d0811437074f99181cd743a47339c7185bc5fa,2,deepsets,607,0.03333333333333333,0.16666666666666666,0.4995833333333334,0.5032327586206897,0.0,0.0,0.0,0.1,8,0.366502046585083,1.0
bounded_validation,MOBIO,IoM-GRP,91843,independent_unseen_keys,30,0.03333333333333333,92101,92107,8346b122981394df3152a67e92ba2e28b9242537eca4170f5822e310015e43ce,02d0811437074f99181cd743a47339c7185bc5fa,2,deepsets,613,0.03333333333333333,0.1625,0.499840158045977,0.5084770114942528,0.020833333333333332,0.004166666666666667,0.0,0.1,7,0.36185503005981445,1.0
bounded_validation,MOBIO,IoM-GRP,91843,independent_unseen_keys,30,0.03333333333333333,92101,92107,8346b122981394df3152a67e92ba2e28b9242537eca4170f5822e310015e43ce,02d0811437074f99181cd743a47339c7185bc5fa,5,mean_mlp,601,0.03333333333333333,0.17083333333333334,0.5038733237547893,0.48354885057471264,0.004166666666666667,0.0,0.0,0.1,6,0.2954270839691162,1.0
bounded_validation,MOBIO,IoM-GRP,91843,independent_unseen_keys,30,0.03333333333333333,92101,92107,8346b122981394df3152a67e92ba2e28b9242537eca4170f5822e310015e43ce,02d0811437074f99181cd743a47339c7185bc5fa,5,mean_mlp,607,0.020833333333333332,0.1625,0.4972910680076628,0.5043103448275862,0.008333333333333333,0.0,0.0,0.0625,5,0.28311848640441895,1.0
bounded_validation,MOBIO,IoM-GRP,91843,independent_unseen_keys,30,0.03333333333333333,92101,92107,8346b122981394df3152a67e92ba2e28b9242537eca4170f5822e310015e43ce,02d0811437074f99181cd743a47339c7185bc5fa,5,mean_mlp,613,0.041666666666666664,0.14583333333333334,0.5002334770114942,0.4987787356321839,0.008333333333333333,0.0,0.0,0.09166666666666666,5,0.29822468757629395,1.0
bounded_validation,MOBIO,IoM-GRP,91843,independent_unseen_keys,30,0.03333333333333333,92101,92107,8346b122981394df3152a67e92ba2e28b9242537eca4170f5822e310015e43ce,02d0811437074f99181cd743a47339c7185bc5fa,5,deepsets,601,0.03333333333333333,0.16666666666666666,0.5009165469348659,0.5047413793103448,0.025,0.004166666666666667,0.0,0.1,9,0.39376044273376465,1.0
bounded_validation,MOBIO,IoM-GRP,91843,independent_unseen_keys,30,0.03333333333333333,92101,92107,8346b122981394df3152a67e92ba2e28b9242537eca4170f5822e310015e43ce,02d0811437074f99181cd743a47339c7185bc5fa,5,deepsets,607,0.03333333333333333,0.19166666666666668,0.5031716954022989,0.49152298850574716,0.008333333333333333,0.0,0.0,0.1,11,0.40761327743530273,1.0
bounded_validation,MOBIO,IoM-GRP,91843,independent_unseen_keys,30,0.03333333333333333,92101,92107,8346b122981394df3152a67e92ba2e28b9242537eca4170f5822e310015e43ce,02d0811437074f99181cd743a47339c7185bc5fa,5,deepsets,613,0.03333333333333333,0.16666666666666666,0.5003364463601533,0.495617816091954,0.008333333333333333,0.0,0.0,0.1,9,0.38996410369873047,1.0
bounded_validation,MOBIO,IoM-GRP,91843,independent_unseen_keys,30,0.03333333333333333,92101,92107,8346b122981394df3152a67e92ba2e28b9242537eca4170f5822e310015e43ce,02d0811437074f99181cd743a47339c7185bc5fa,10,mean_mlp,601,0.025,0.16666666666666666,0.4976077586206896,0.48757183908045976,0.0,0.0,0.0,0.075,6,1.5705900192260742,1.0
bounded_validation,MOBIO,IoM-GRP,91843,independent_unseen_keys,30,0.03333333333333333,92101,92107,8346b122981394df3152a67e92ba2e28b9242537eca4170f5822e310015e43ce,02d0811437074f99181cd743a47339c7185bc5fa,10,mean_mlp,607,0.029166666666666667,0.16666666666666666,0.4990475335249042,0.5080459770114942,0.0,0.0,0.0,0.08333333333333333,5,0.3296360969543457,1.0
bounded_validation,MOBIO,IoM-GRP,91843,independent_unseen_keys,30,0.03333333333333333,92101,92107,8346b122981394df3152a67e92ba2e28b9242537eca4170f5822e310015e43ce,02d0811437074f99181cd743a47339c7185bc5fa,10,mean_mlp,613,0.03333333333333333,0.2,0.5032902298850574,0.5002155172413794,0.004166666666666667,0.0,0.0,0.1,5,0.3180046081542969,1.0
bounded_validation,MOBIO,IoM-GRP,91843,independent_unseen_keys,30,0.03333333333333333,92101,92107,8346b122981394df3152a67e92ba2e28b9242537eca4170f5822e310015e43ce,02d0811437074f99181cd743a47339c7185bc5fa,10,deepsets,601,0.03333333333333333,0.16666666666666666,0.49794959291187746,0.49310344827586206,0.03333333333333333,0.0,0.0,0.1,9,0.6588180065155029,1.0
bounded_validation,MOBIO,IoM-GRP,91843,independent_unseen_keys,30,0.03333333333333333,92101,92107,8346b122981394df3152a67e92ba2e28b9242537eca4170f5822e310015e43ce,02d0811437074f99181cd743a47339c7185bc5fa,10,deepsets,607,0.03333333333333333,0.16666666666666666,0.5009716235632183,0.5100574712643677,0.0,0.0,0.0,0.1,11,0.6804907321929932,1.0
bounded_validation,MOBIO,IoM-GRP,91843,independent_unseen_keys,30,0.03333333333333333,92101,92107,8346b122981394df3152a67e92ba2e28b9242537eca4170f5822e310015e43ce,02d0811437074f99181cd743a47339c7185bc5fa,10,deepsets,613,0.03333333333333333,0.16666666666666666,0.5032028256704981,0.5106321839080459,0.029166666666666667,0.0,0.0,0.1,9,0.6561810970306396,1.0
bounded_validation,SCface,IoM-GRP,91843,independent_unseen_keys,26,0.038461538461538464,92101,92107,bc92a20c31e18054fcddc44dac05e997f38c578caa3ea29e485c61e8de89f898,02d0811437074f99181cd743a47339c7185bc5fa,1,single_mlp,601,0.04326923076923077,0.18269230769230768,0.5022004437869823,0.4854807692307692,0.004807692307692308,0.0,0.0,0.11057692307692307,7,0.5019609928131104,0.9134615384615384
bounded_validation,SCface,IoM-GRP,91843,independent_unseen_keys,26,0.038461538461538464,92101,92107,bc92a20c31e18054fcddc44dac05e997f38c578caa3ea29e485c61e8de89f898,02d0811437074f99181cd743a47339c7185bc5fa,1,single_mlp,607,0.038461538461538464,0.1971153846153846,0.5033006656804734,0.49990384615384614,0.009615384615384616,0.0,0.0,0.11538461538461539,7,0.32367682456970215,0.9134615384615384
bounded_validation,SCface,IoM-GRP,91843,independent_unseen_keys,26,0.038461538461538464,92101,92107,bc92a20c31e18054fcddc44dac05e997f38c578caa3ea29e485c61e8de89f898,02d0811437074f99181cd743a47339c7185bc5fa,1,single_mlp,613,0.04326923076923077,0.15865384615384615,0.4890772928994083,0.5146153846153846,0.014423076923076924,0.0,0.0,0.11057692307692307,7,0.3147408962249756,0.9134615384615384
bounded_validation,SCface,IoM-GRP,91843,independent_unseen_keys,26,0.038461538461538464,92101,92107,bc92a20c31e18054fcddc44dac05e997f38c578caa3ea29e485c61e8de89f898,02d0811437074f99181cd743a47339c7185bc5fa,2,mean_mlp,601,0.038461538461538464,0.16346153846153846,0.5002246671597633,0.4997115384615385,0.004807692307692308,0.0,0.0,0.11538461538461539,9,0.31273508071899414,0.9519230769230769
bounded_validation,SCface,IoM-GRP,91843,independent_unseen_keys,26,0.038461538461538464,92101,92107,bc92a20c31e18054fcddc44dac05e997f38c578caa3ea29e485c61e8de89f898,02d0811437074f99181cd743a47339c7185bc5fa,2,mean_mlp,607,0.038461538461538464,0.1971153846153846,0.499846523668639,0.49951923076923077,0.009615384615384616,0.0,0.0,0.11538461538461539,11,0.3457777500152588,0.9519230769230769
bounded_validation,SCface,IoM-GRP,91843,independent_unseen_keys,26,0.038461538461538464,92101,92107,bc92a20c31e18054fcddc44dac05e997f38c578caa3ea29e485c61e8de89f898,02d0811437074f99181cd743a47339c7185bc5fa,2,mean_mlp,613,0.038461538461538464,0.20673076923076922,0.49610299556213017,0.5092307692307692,0.009615384615384616,0.0,0.0,0.10576923076923077,11,0.3751864433288574,0.9519230769230769
bounded_validation,SCface,IoM-GRP,91843,independent_unseen_keys,26,0.038461538461538464,92101,92107,bc92a20c31e18054fcddc44dac05e997f38c578caa3ea29e485c61e8de89f898,02d0811437074f99181cd743a47339c7185bc5fa,2,deepsets,601,0.038461538461538464,0.20673076923076922,0.5010262573964497,0.5040384615384615,0.014423076923076924,0.0,0.0,0.11538461538461539,25,0.5234665870666504,0.9519230769230769
bounded_validation,SCface,IoM-GRP,91843,independent_unseen_keys,26,0.038461538461538464,92101,92107,bc92a20c31e18054fcddc44dac05e997f38c578caa3ea29e485c61e8de89f898,02d0811437074f99181cd743a47339c7185bc5fa,2,deepsets,607,0.038461538461538464,0.19230769230769232,0.49798261834319524,0.49951923076923077,0.004807692307692308,0.0,0.0,0.11538461538461539,22,0.6218717098236084,0.9519230769230769
bounded_validation,SCface,IoM-GRP,91843,independent_unseen_keys,26,0.038461538461538464,92101,92107,bc92a20c31e18054fcddc44dac05e997f38c578caa3ea29e485c61e8de89f898,02d0811437074f99181cd743a47339c7185bc5fa,2,deepsets,613,0.04807692307692308,0.19230769230769232,0.49924463757396453,0.49990384615384614,0.009615384615384616,0.0,0.0,0.125,21,0.9315693378448486,0.9519230769230769
bounded_validation,SCface,IoM-GRP,91843,independent_unseen_keys,26,0.038461538461538464,92101,92107,bc92a20c31e18054fcddc44dac05e997f38c578caa3ea29e485c61e8de89f898,02d0811437074f99181cd743a47339c7185bc5fa,5,mean_mlp,601,0.03365384615384615,0.19230769230769232,0.5018398668639054,0.49884615384615383,0.004807692307692308,0.0,0.0,0.08653846153846154,24,0.4705054759979248,0.9615384615384616
bounded_validation,SCface,IoM-GRP,91843,independent_unseen_keys,26,0.038461538461538464,92101,92107,bc92a20c31e18054fcddc44dac05e997f38c578caa3ea29e485c61e8de89f898,02d0811437074f99181cd743a47339c7185bc5fa,5,mean_mlp,607,0.04326923076923077,0.1875,0.5014543269230769,0.501826923076923,0.019230769230769232,0.0,0.0,0.125,19,0.4482595920562744,0.9615384615384616
bounded_validation,SCface,IoM-GRP,91843,independent_unseen_keys,26,0.038461538461538464,92101,92107,bc92a20c31e18054fcddc44dac05e997f38c578caa3ea29e485c61e8de89f898,02d0811437074f99181cd743a47339c7185bc5fa,5,mean_mlp,613,0.03365384615384615,0.19230769230769232,0.4998899778106509,0.5013461538461539,0.004807692307692308,0.0,0.0,0.1346153846153846,22,0.47176456451416016,0.9615384615384616
bounded_validation,SCface,IoM-GRP,91843,independent_unseen_keys,26,0.038461538461538464,92101,92107,bc92a20c31e18054fcddc44dac05e997f38c578caa3ea29e485c61e8de89f898,02d0811437074f99181cd743a47339c7185bc5fa,5,deepsets,601,0.038461538461538464,0.19230769230769232,0.4986640162721893,0.49961538461538463,0.004807692307692308,0.0,0.0,0.11538461538461539,34,0.6161823272705078,0.9615384615384616
bounded_validation,SCface,IoM-GRP,91843,independent_unseen_keys,26,0.038461538461538464,92101,92107,bc92a20c31e18054fcddc44dac05e997f38c578caa3ea29e485c61e8de89f898,02d0811437074f99181cd743a47339c7185bc5fa,5,deepsets,607,0.038461538461538464,0.19230769230769232,0.5002431582840237,0.49451923076923077,0.009615384615384616,0.0,0.0,0.11538461538461539,30,0.5714073181152344,0.9615384615384616
bounded_validation,SCface,IoM-GRP,91843,independent_unseen_keys,26,0.038461538461538464,92101,92107,bc92a20c31e18054fcddc44dac05e997f38c578caa3ea29e485c61e8de89f898,02d0811437074f99181cd743a47339c7185bc5fa,5,deepsets,613,0.038461538461538464,0.1875,0.4977450073964497,0.5044230769230769,0.009615384615384616,0.0,0.0,0.15384615384615385,29,0.5610051155090332,0.9615384615384616
bounded_validation,SCface,IoM-GRP,91843,independent_unseen_keys,26,0.038461538461538464,92101,92107,bc92a20c31e18054fcddc44dac05e997f38c578caa3ea29e485c61e8de89f898,02d0811437074f99181cd743a47339c7185bc5fa,10,mean_mlp,601,0.03365384615384615,0.19230769230769232,0.5017696005917159,0.5004807692307692,0.004807692307692308,0.0,0.0,0.10096153846153846,30,1.585446834564209,0.9615384615384616
bounded_validation,SCface,IoM-GRP,91843,independent_unseen_keys,26,0.038461538461538464,92101,92107,bc92a20c31e18054fcddc44dac05e997f38c578caa3ea29e485c61e8de89f898,02d0811437074f99181cd743a47339c7185bc5fa,10,mean_mlp,607,0.038461538461538464,0.19230769230769232,0.5020663831360948,0.49451923076923077,0.014423076923076924,0.0,0.0,0.11538461538461539,21,0.4272298812866211,0.9615384615384616
bounded_validation,SCface,IoM-GRP,91843,independent_unseen_keys,26,0.038461538461538464,92101,92107,bc92a20c31e18054fcddc44dac05e997f38c578caa3ea29e485c61e8de89f898,02d0811437074f99181cd743a47339c7185bc5fa,10,mean_mlp,613,0.038461538461538464,0.19230769230769232,0.49745192307692304,0.4998076923076923,0.014423076923076924,0.004807692307692308,0.0,0.1346153846153846,26,0.4502131938934326,0.9615384615384616
bounded_validation,SCface,IoM-GRP,91843,independent_unseen_keys,26,0.038461538461538464,92101,92107,bc92a20c31e18054fcddc44dac05e997f38c578caa3ea29e485c61e8de89f898,02d0811437074f99181cd743a47339c7185bc5fa,10,deepsets,601,0.038461538461538464,0.19230769230769232,0.49710613905325446,0.501826923076923,0.0,0.0,0.0,0.11538461538461539,30,0.7787506580352783,0.9615384615384616
bounded_validation,SCface,IoM-GRP,91843,independent_unseen_keys,26,0.038461538461538464,92101,92107,bc92a20c31e18054fcddc44dac05e997f38c578caa3ea29e485c61e8de89f898,02d0811437074f99181cd743a47339c7185bc5fa,10,deepsets,607,0.038461538461538464,0.19230769230769232,0.5004890902366863,0.4998076923076923,0.009615384615384616,0.0,0.0,0.11538461538461539,29,0.749882698059082,0.9615384615384616
bounded_validation,SCface,IoM-GRP,91843,independent_unseen_keys,26,0.038461538461538464,92101,92107,bc92a20c31e18054fcddc44dac05e997f38c578caa3ea29e485c61e8de89f898,02d0811437074f99181cd743a47339c7185bc5fa,10,deepsets,613,0.038461538461538464,0.19230769230769232,0.4989228920118344,0.5001923076923077,0.019230769230769232,0.0,0.0,0.15384615384615385,27,0.7315573692321777,0.9615384615384616
bounded_validation,MOBIO,PolyProtect,91831,independent_unseen_keys,30,0.03333333333333333,92101,92107,cc08879efe58d3d34319be02f2b082bf36a36370bc061895d2c8470cd9d3d23c,02d0811437074f99181cd743a47339c7185bc5fa,1,single_mlp,601,0.016666666666666666,0.20833333333333334,0.5070324473180077,0.49173850574712646,0.0125,0.0,0.0,0.05,15,0.2917053699493408,1.0
bounded_validation,MOBIO,PolyProtect,91831,independent_unseen_keys,30,0.03333333333333333,92101,92107,cc08879efe58d3d34319be02f2b082bf36a36370bc061895d2c8470cd9d3d23c,02d0811437074f99181cd743a47339c7185bc5fa,1,single_mlp,607,0.041666666666666664,0.2,0.529051724137931,0.4666666666666667,0.020833333333333332,0.008333333333333333,0.0,0.10416666666666667,15,0.30878448486328125,1.0
bounded_validation,MOBIO,PolyProtect,91831,independent_unseen_keys,30,0.03333333333333333,92101,92107,cc08879efe58d3d34319be02f2b082bf36a36370bc061895d2c8470cd9d3d23c,02d0811437074f99181cd743a47339c7185bc5fa,1,single_mlp,613,0.0375,0.20416666666666666,0.5190205938697318,0.5000718390804597,0.016666666666666666,0.0,0.0,0.0875,14,0.3253669738769531,1.0
bounded_validation,MOBIO,PolyProtect,91831,independent_unseen_keys,30,0.03333333333333333,92101,92107,cc08879efe58d3d34319be02f2b082bf36a36370bc061895d2c8470cd9d3d23c,02d0811437074f99181cd743a47339c7185bc5fa,2,mean_mlp,601,0.0125,0.1625,0.506963601532567,0.5000718390804597,0.016666666666666666,0.0,0.0,0.03333333333333333,15,0.33312034606933594,1.0
bounded_validation,MOBIO,PolyProtect,91831,independent_unseen_keys,30,0.03333333333333333,92101,92107,cc08879efe58d3d34319be02f2b082bf36a36370bc061895d2c8470cd9d3d23c,02d0811437074f99181cd743a47339c7185bc5fa,2,mean_mlp,607,0.03333333333333333,0.16666666666666666,0.5210524425287357,0.475,0.016666666666666666,0.0,0.0,0.08333333333333333,14,0.33259153366088867,1.0
bounded_validation,MOBIO,PolyProtect,91831,independent_unseen_keys,30,0.03333333333333333,92101,92107,cc08879efe58d3d34319be02f2b082bf36a36370bc061895d2c8470cd9d3d23c,02d0811437074f99181cd743a47339c7185bc5fa,2,mean_mlp,613,0.03333333333333333,0.17916666666666667,0.5202011494252874,0.4829741379310345,0.0,0.0,0.0,0.0875,14,0.3122727870941162,1.0
bounded_validation,MOBIO,PolyProtect,91831,independent_unseen_keys,30,0.03333333333333333,92101,92107,cc08879efe58d3d34319be02f2b082bf36a36370bc061895d2c8470cd9d3d23c,02d0811437074f99181cd743a47339c7185bc5fa,2,deepsets,601,0.03333333333333333,0.14583333333333334,0.49951209291187737,0.5011494252873563,0.0125,0.0125,0.0,0.1,9,0.35295581817626953,1.0
bounded_validation,MOBIO,PolyProtect,91831,independent_unseen_keys,30,0.03333333333333333,92101,92107,cc08879efe58d3d34319be02f2b082bf36a36370bc061895d2c8470cd9d3d23c,02d0811437074f99181cd743a47339c7185bc5fa,2,deepsets,607,0.029166666666666667,0.16666666666666666,0.5153436302681993,0.48757183908045976,0.0125,0.0,0.0,0.0875,12,0.49533915519714355,1.0
bounded_validation,MOBIO,PolyProtect,91831,independent_unseen_keys,30,0.03333333333333333,92101,92107,cc08879efe58d3d34319be02f2b082bf36a36370bc061895d2c8470cd9d3d23c,02d0811437074f99181cd743a47339c7185bc5fa,2,deepsets,613,0.03333333333333333,0.1625,0.4965170019157088,0.5157327586206897,0.008333333333333333,0.0,0.0,0.1,10,0.4252502918243408,1.0
bounded_validation,MOBIO,PolyProtect,91831,independent_unseen_keys,30,0.03333333333333333,92101,92107,cc08879efe58d3d34319be02f2b082bf36a36370bc061895d2c8470cd9d3d23c,02d0811437074f99181cd743a47339c7185bc5fa,5,mean_mlp,601,0.041666666666666664,0.175,0.5220641762452107,0.48196839080459764,0.016666666666666666,0.0,0.008333333333333333,0.09166666666666666,13,0.379563570022583,1.0
bounded_validation,MOBIO,PolyProtect,91831,independent_unseen_keys,30,0.03333333333333333,92101,92107,cc08879efe58d3d34319be02f2b082bf36a36370bc061895d2c8470cd9d3d23c,02d0811437074f99181cd743a47339c7185bc5fa,5,mean_mlp,607,0.041666666666666664,0.1875,0.5215780651340995,0.4841235632183908,0.03333333333333333,0.0,0.0,0.11666666666666667,12,0.35245704650878906,1.0
bounded_validation,MOBIO,PolyProtect,91831,independent_unseen_keys,30,0.03333333333333333,92101,92107,cc08879efe58d3d34319be02f2b082bf36a36370bc061895d2c8470cd9d3d23c,02d0811437074f99181cd743a47339c7185bc5fa,5,mean_mlp,613,0.05,0.20833333333333334,0.5294749760536399,0.47140804597701147,0.004166666666666667,0.0,0.0,0.13333333333333333,12,0.34229207038879395,1.0
bounded_validation,MOBIO,PolyProtect,91831,independent_unseen_keys,30,0.03333333333333333,92101,92107,cc08879efe58d3d34319be02f2b082bf36a36370bc061895d2c8470cd9d3d23c,02d0811437074f99181cd743a47339c7185bc5fa,5,deepsets,601,0.03333333333333333,0.15833333333333333,0.4989158285440613,0.5089080459770114,0.016666666666666666,0.0,0.0,0.1,10,0.43208885192871094,1.0
bounded_validation,MOBIO,PolyProtect,91831,independent_unseen_keys,30,0.03333333333333333,92101,92107,cc08879efe58d3d34319be02f2b082bf36a36370bc061895d2c8470cd9d3d23c,02d0811437074f99181cd743a47339c7185bc5fa,5,deepsets,607,0.029166666666666667,0.15,0.5092145593869731,0.48757183908045976,0.016666666666666666,0.0,0.0,0.0875,13,0.40122485160827637,1.0
bounded_validation,MOBIO,PolyProtect,91831,independent_unseen_keys,30,0.03333333333333333,92101,92107,cc08879efe58d3d34319be02f2b082bf36a36370bc061895d2c8470cd9d3d23c,02d0811437074f99181cd743a47339c7185bc5fa,5,deepsets,613,0.020833333333333332,0.15833333333333333,0.5038338122605364,0.4948275862068966,0.0,0.0,0.0,0.0625,12,0.39737892150878906,1.0
bounded_validation,MOBIO,PolyProtect,91831,independent_unseen_keys,30,0.03333333333333333,92101,92107,cc08879efe58d3d34319be02f2b082bf36a36370bc061895d2c8470cd9d3d23c,02d0811437074f99181cd743a47339c7185bc5fa,10,mean_mlp,601,0.05416666666666667,0.15833333333333333,0.5259536637931035,0.5008620689655172,0.029166666666666667,0.0,0.0,0.13343749999999943,11,0.3369791507720947,1.0
bounded_validation,MOBIO,PolyProtect,91831,independent_unseen_keys,30,0.03333333333333333,92101,92107,cc08879efe58d3d34319be02f2b082bf36a36370bc061895d2c8470cd9d3d23c,02d0811437074f99181cd743a47339c7185bc5fa,10,mean_mlp,607,0.03333333333333333,0.17916666666666667,0.5373078304597702,0.5001436781609195,0.0,0.0,0.0,0.1,10,0.29469752311706543,1.0
bounded_validation,MOBIO,PolyProtect,91831,independent_unseen_keys,30,0.03333333333333333,92101,92107,cc08879efe58d3d34319be02f2b082bf36a36370bc061895d2c8470cd9d3d23c,02d0811437074f99181cd743a47339c7185bc5fa,10,mean_mlp,613,0.0625,0.26666666666666666,0.5580010775862069,0.4449712643678161,0.004166666666666667,0.0,0.0,0.15,11,0.33104515075683594,1.0
bounded_validation,MOBIO,PolyProtect,91831,independent_unseen_keys,30,0.03333333333333333,92101,92107,cc08879efe58d3d34319be02f2b082bf36a36370bc061895d2c8470cd9d3d23c,02d0811437074f99181cd743a47339c7185bc5fa,10,deepsets,601,0.03333333333333333,0.16666666666666666,0.4973491379310344,0.5082614942528736,0.008333333333333333,0.0,0.0,0.1,10,0.37633204460144043,1.0
bounded_validation,MOBIO,PolyProtect,91831,independent_unseen_keys,30,0.03333333333333333,92101,92107,cc08879efe58d3d34319be02f2b082bf36a36370bc061895d2c8470cd9d3d23c,02d0811437074f99181cd743a47339c7185bc5fa,10,deepsets,607,0.0375,0.16666666666666666,0.5126502634099617,0.5053160919540229,0.029166666666666667,0.0,0.0,0.10833333333333334,12,0.5270142555236816,1.0
bounded_validation,MOBIO,PolyProtect,91831,independent_unseen_keys,30,0.03333333333333333,92101,92107,cc08879efe58d3d34319be02f2b082bf36a36370bc061895d2c8470cd9d3d23c,02d0811437074f99181cd743a47339c7185bc5fa,10,deepsets,613,0.03333333333333333,0.1625,0.5032764607279693,0.488433908045977,0.0,0.0,0.0,0.1,13,0.5700232982635498,1.0
bounded_validation,SCface,PolyProtect,91831,independent_unseen_keys,26,0.038461538461538464,92101,92107,6541bb94961eee765eb66abe8b62e65939cd1face32983469dc013bb02873055,02d0811437074f99181cd743a47339c7185bc5fa,1,single_mlp,601,0.038461538461538464,0.19230769230769232,0.5087768121301776,0.4854807692307692,0.019230769230769232,0.0,0.0,0.11538461538461539,22,0.37432003021240234,0.8317307692307693
bounded_validation,SCface,PolyProtect,91831,independent_unseen_keys,26,0.038461538461538464,92101,92107,6541bb94961eee765eb66abe8b62e65939cd1face32983469dc013bb02873055,02d0811437074f99181cd743a47339c7185bc5fa,1,single_mlp,607,0.038461538461538464,0.16826923076923078,0.49649963017751475,0.48615384615384616,0.0,0.0,0.0,0.11538461538461539,22,0.3773159980773926,0.8317307692307693
bounded_validation,SCface,PolyProtect,91831,independent_unseen_keys,26,0.038461538461538464,92101,92107,6541bb94961eee765eb66abe8b62e65939cd1face32983469dc013bb02873055,02d0811437074f99181cd743a47339c7185bc5fa,1,single_mlp,613,0.038461538461538464,0.18269230769230768,0.4902413091715976,0.5092307692307692,0.009615384615384616,0.0,0.0,0.11538461538461539,24,0.3842320442199707,0.8317307692307693
bounded_validation,SCface,PolyProtect,91831,independent_unseen_keys,26,0.038461538461538464,92101,92107,6541bb94961eee765eb66abe8b62e65939cd1face32983469dc013bb02873055,02d0811437074f99181cd743a47339c7185bc5fa,2,mean_mlp,601,0.038461538461538464,0.22115384615384615,0.5076414571005917,0.49913461538461534,0.009615384615384616,0.0,0.0,0.11538461538461539,26,0.4411747455596924,0.9134615384615384
bounded_validation,SCface,PolyProtect,91831,independent_unseen_keys,26,0.038461538461538464,92101,92107,6541bb94961eee765eb66abe8b62e65939cd1face32983469dc013bb02873055,02d0811437074f99181cd743a47339c7185bc5fa,2,mean_mlp,607,0.038461538461538464,0.1971153846153846,0.4966410872781065,0.5033653846153846,0.0,0.0,0.0,0.11538461538461539,24,0.42215919494628906,0.9134615384615384
bounded_validation,SCface,PolyProtect,91831,independent_unseen_keys,26,0.038461538461538464,92101,92107,6541bb94961eee765eb66abe8b62e65939cd1face32983469dc013bb02873055,02d0811437074f99181cd743a47339c7185bc5fa,2,mean_mlp,613,0.038461538461538464,0.1778846153846154,0.49276442307692314,0.5135576923076923,0.02403846153846154,0.0,0.0,0.11538461538461539,26,0.3821876049041748,0.9134615384615384
bounded_validation,SCface,PolyProtect,91831,independent_unseen_keys,26,0.038461538461538464,92101,92107,6541bb94961eee765eb66abe8b62e65939cd1face32983469dc013bb02873055,02d0811437074f99181cd743a47339c7185bc5fa,2,deepsets,601,0.038461538461538464,0.19230769230769232,0.4989275147928994,0.49740384615384614,0.009615384615384616,0.0,0.0,0.11538461538461539,24,0.4745163917541504,0.9134615384615384
bounded_validation,SCface,PolyProtect,91831,independent_unseen_keys,26,0.038461538461538464,92101,92107,6541bb94961eee765eb66abe8b62e65939cd1face32983469dc013bb02873055,02d0811437074f99181cd743a47339c7185bc5fa,2,deepsets,607,0.038461538461538464,0.19230769230769232,0.5027061760355029,0.4899038461538462,0.009615384615384616,0.0,0.0,0.11538461538461539,26,0.5104868412017822,0.9134615384615384
bounded_validation,SCface,PolyProtect,91831,independent_unseen_keys,26,0.038461538461538464,92101,92107,6541bb94961eee765eb66abe8b62e65939cd1face32983469dc013bb02873055,02d0811437074f99181cd743a47339c7185bc5fa,2,deepsets,613,0.038461538461538464,0.19230769230769232,0.499165125739645,0.5,0.0,0.0,0.0,0.11538461538461539,29,0.536444902420044,0.9134615384615384
bounded_validation,SCface,PolyProtect,91831,independent_unseen_keys,26,0.038461538461538464,92101,92107,6541bb94961eee765eb66abe8b62e65939cd1face32983469dc013bb02873055,02d0811437074f99181cd743a47339c7185bc5fa,5,mean_mlp,601,0.038461538461538464,0.21153846153846154,0.5098927514792899,0.4829807692307692,0.004807692307692308,0.0,0.0,0.11538461538461539,25,0.37998056411743164,0.9230769230769231
bounded_validation,SCface,PolyProtect,91831,independent_unseen_keys,26,0.038461538461538464,92101,92107,6541bb94961eee765eb66abe8b62e65939cd1face32983469dc013bb02873055,02d0811437074f99181cd743a47339c7185bc5fa,5,mean_mlp,607,0.038461538461538464,0.23076923076923078,0.5100221893491125,0.4756730769230769,0.004807692307692308,0.004807692307692308,0.0,0.11538461538461539,25,0.37512850761413574,0.9230769230769231
bounded_validation,SCface,PolyProtect,91831,independent_unseen_keys,26,0.038461538461538464,92101,92107,6541bb94961eee765eb66abe8b62e65939cd1face32983469dc013bb02873055,02d0811437074f99181cd743a47339c7185bc5fa,5,mean_mlp,613,0.04326923076923077,0.1778846153846154,0.5001867603550296,0.5047115384615384,0.019230769230769232,0.009615384615384616,0.0,0.125,25,0.38581037521362305,0.9230769230769231
bounded_validation,SCface,PolyProtect,91831,independent_unseen_keys,26,0.038461538461538464,92101,92107,6541bb94961eee765eb66abe8b62e65939cd1face32983469dc013bb02873055,02d0811437074f99181cd743a47339c7185bc5fa,5,deepsets,601,0.038461538461538464,0.19230769230769232,0.5023918269230769,0.4994230769230769,0.004807692307692308,0.0,0.0,0.11538461538461539,35,0.5746855735778809,0.9230769230769231
bounded_validation,SCface,PolyProtect,91831,independent_unseen_keys,26,0.038461538461538464,92101,92107,6541bb94961eee765eb66abe8b62e65939cd1face32983469dc013bb02873055,02d0811437074f99181cd743a47339c7185bc5fa,5,deepsets,607,0.038461538461538464,0.19230769230769232,0.5056684541420119,0.49788461538461537,0.004807692307692308,0.0,0.0,0.11538461538461539,37,0.6786229610443115,0.9230769230769231
bounded_validation,SCface,PolyProtect,91831,independent_unseen_keys,26,0.038461538461538464,92101,92107,6541bb94961eee765eb66abe8b62e65939cd1face32983469dc013bb02873055,02d0811437074f99181cd743a47339c7185bc5fa,5,deepsets,613,0.038461538461538464,0.19230769230769232,0.4970155325443787,0.4951923076923077,0.0,0.0,0.0,0.11538461538461539,34,0.6132018566131592,0.9230769230769231
bounded_validation,SCface,PolyProtect,91831,independent_unseen_keys,26,0.038461538461538464,92101,92107,6541bb94961eee765eb66abe8b62e65939cd1face32983469dc013bb02873055,02d0811437074f99181cd743a47339c7185bc5fa,10,mean_mlp,601,0.038461538461538464,0.21634615384615385,0.5009254807692307,0.5042307692307693,0.014423076923076924,0.009615384615384616,0.0,0.11538461538461539,21,0.3725554943084717,0.9230769230769231
bounded_validation,SCface,PolyProtect,91831,independent_unseen_keys,26,0.038461538461538464,92101,92107,6541bb94961eee765eb66abe8b62e65939cd1face32983469dc013bb02873055,02d0811437074f99181cd743a47339c7185bc5fa,10,mean_mlp,607,0.038461538461538464,0.19230769230769232,0.5089330621301775,0.4914423076923077,0.009615384615384616,0.0,0.0,0.11538461538461539,21,0.3694472312927246,0.9230769230769231
bounded_validation,SCface,PolyProtect,91831,independent_unseen_keys,26,0.038461538461538464,92101,92107,6541bb94961eee765eb66abe8b62e65939cd1face32983469dc013bb02873055,02d0811437074f99181cd743a47339c7185bc5fa,10,mean_mlp,613,0.04807692307692308,0.14903846153846154,0.48939256656804736,0.50875,0.014423076923076924,0.004807692307692308,0.0,0.1346153846153846,23,0.41620445251464844,0.9230769230769231
bounded_validation,SCface,PolyProtect,91831,independent_unseen_keys,26,0.038461538461538464,92101,92107,6541bb94961eee765eb66abe8b62e65939cd1face32983469dc013bb02873055,02d0811437074f99181cd743a47339c7185bc5fa,10,deepsets,601,0.038461538461538464,0.19230769230769232,0.5022235576923076,0.5077884615384616,0.019230769230769232,0.004807692307692308,0.0,0.11538461538461539,31,0.5781829357147217,0.9230769230769231
bounded_validation,SCface,PolyProtect,91831,independent_unseen_keys,26,0.038461538461538464,92101,92107,6541bb94961eee765eb66abe8b62e65939cd1face32983469dc013bb02873055,02d0811437074f99181cd743a47339c7185bc5fa,10,deepsets,607,0.038461538461538464,0.1971153846153846,0.5051433062130177,0.5008653846153845,0.004807692307692308,0.0,0.0,0.11538461538461539,43,0.6503264904022217,0.9230769230769231
bounded_validation,SCface,PolyProtect,91831,independent_unseen_keys,26,0.038461538461538464,92101,92107,6541bb94961eee765eb66abe8b62e65939cd1face32983469dc013bb02873055,02d0811437074f99181cd743a47339c7185bc5fa,10,deepsets,613,0.038461538461538464,0.19230769230769232,0.4987287352071006,0.5043269230769231,0.0,0.0,0.0,0.11538461538461539,33,0.5987484455108643,0.9230769230769231
bounded_validation,MOBIO,PolyProtect,91843,independent_unseen_keys,30,0.03333333333333333,92101,92107,04a7cfaf0d4788bc435135b6f22858be564a7a1b90c50045cfe6117048e55012,02d0811437074f99181cd743a47339c7185bc5fa,1,single_mlp,601,0.058333333333333334,0.1625,0.50946719348659,0.49224137931034484,0.020833333333333332,0.0,0.0,0.1375,13,0.2966763973236084,1.0
bounded_validation,MOBIO,PolyProtect,91843,independent_unseen_keys,30,0.03333333333333333,92101,92107,04a7cfaf0d4788bc435135b6f22858be564a7a1b90c50045cfe6117048e55012,02d0811437074f99181cd743a47339c7185bc5fa,1,single_mlp,607,0.025,0.175,0.5065870450191572,0.4882183908045977,0.0125,0.0,0.0,0.06666666666666667,12,0.29570460319519043,1.0
bounded_validation,MOBIO,PolyProtect,91843,independent_unseen_keys,30,0.03333333333333333,92101,92107,04a7cfaf0d4788bc435135b6f22858be564a7a1b90c50045cfe6117048e55012,02d0811437074f99181cd743a47339c7185bc5fa,1,single_mlp,613,0.020833333333333332,0.13333333333333333,0.500244851532567,0.48750000000000004,0.004166666666666667,0.0,0.0,0.05416666666666667,14,0.31180834770202637,1.0
bounded_validation,MOBIO,PolyProtect,91843,independent_unseen_keys,30,0.03333333333333333,92101,92107,04a7cfaf0d4788bc435135b6f22858be564a7a1b90c50045cfe6117048e55012,02d0811437074f99181cd743a47339c7185bc5fa,2,mean_mlp,601,0.0375,0.15416666666666667,0.49529454022988506,0.5166666666666666,0.004166666666666667,0.0,0.0,0.1,13,0.30484580993652344,1.0
bounded_validation,MOBIO,PolyProtect,91843,independent_unseen_keys,30,0.03333333333333333,92101,92107,04a7cfaf0d4788bc435135b6f22858be564a7a1b90c50045cfe6117048e55012,02d0811437074f99181cd743a47339c7185bc5fa,2,mean_mlp,607,0.025,0.175,0.49930854885057474,0.5055316091954023,0.0125,0.008333333333333333,0.0,0.06666666666666667,12,0.30016207695007324,1.0
bounded_validation,MOBIO,PolyProtect,91843,independent_unseen_keys,30,0.03333333333333333,92101,92107,04a7cfaf0d4788bc435135b6f22858be564a7a1b90c50045cfe6117048e55012,02d0811437074f99181cd743a47339c7185bc5fa,2,mean_mlp,613,0.020833333333333332,0.17083333333333334,0.493924209770115,0.5010057471264369,0.004166666666666667,0.0,0.0,0.05416666666666667,14,0.32071542739868164,1.0
bounded_validation,MOBIO,PolyProtect,91843,independent_unseen_keys,30,0.03333333333333333,92101,92107,04a7cfaf0d4788bc435135b6f22858be564a7a1b90c50045cfe6117048e55012,02d0811437074f99181cd743a47339c7185bc5fa,2,deepsets,601,0.0375,0.15,0.49761254789272036,0.5045977011494253,0.008333333333333333,0.0,0.0,0.10833333333333334,11,0.40149617195129395,1.0
bounded_validation,MOBIO,PolyProtect,91843,independent_unseen_keys,30,0.03333333333333333,92101,92107,04a7cfaf0d4788bc435135b6f22858be564a7a1b90c50045cfe6117048e55012,02d0811437074f99181cd743a47339c7185bc5fa,2,deepsets,607,0.03333333333333333,0.175,0.5104040948275862,0.48814655172413796,0.008333333333333333,0.0,0.0,0.1,11,0.38042593002319336,1.0
bounded_validation,MOBIO,PolyProtect,91843,independent_unseen_keys,30,0.03333333333333333,92101,92107,04a7cfaf0d4788bc435135b6f22858be564a7a1b90c50045cfe6117048e55012,02d0811437074f99181cd743a47339c7185bc5fa,2,deepsets,613,0.029166666666666667,0.15,0.5044414511494253,0.49439655172413793,0.020833333333333332,0.0,0.0,0.0875,9,0.36775875091552734,1.0
bounded_validation,MOBIO,PolyProtect,91843,independent_unseen_keys,30,0.03333333333333333,92101,92107,04a7cfaf0d4788bc435135b6f22858be564a7a1b90c50045cfe6117048e55012,02d0811437074f99181cd743a47339c7185bc5fa,5,mean_mlp,601,0.029166666666666667,0.14166666666666666,0.4943414750957854,0.5046695402298851,0.0,0.0,0.004166666666666667,0.0625,12,0.3061857223510742,1.0
bounded_validation,MOBIO,PolyProtect,91843,independent_unseen_keys,30,0.03333333333333333,92101,92107,04a7cfaf0d4788bc435135b6f22858be564a7a1b90c50045cfe6117048e55012,02d0811437074f99181cd743a47339c7185bc5fa,5,mean_mlp,607,0.0375,0.18333333333333332,0.5263601532567049,0.4857758620689655,0.016666666666666666,0.004166666666666667,0.0,0.09166666666666666,10,0.29233288764953613,1.0
bounded_validation,MOBIO,PolyProtect,91843,independent_unseen_keys,30,0.03333333333333333,92101,92107,04a7cfaf0d4788bc435135b6f22858be564a7a1b90c50045cfe6117048e55012,02d0811437074f99181cd743a47339c7185bc5fa,5,mean_mlp,613,0.020833333333333332,0.125,0.5008333333333334,0.47801724137931034,0.004166666666666667,0.0,0.0,0.05,12,0.31769704818725586,1.0
bounded_validation,MOBIO,PolyProtect,91843,independent_unseen_keys,30,0.03333333333333333,92101,92107,04a7cfaf0d4788bc435135b6f22858be564a7a1b90c50045cfe6117048e55012,02d0811437074f99181cd743a47339c7185bc5fa,5,deepsets,601,0.03333333333333333,0.15833333333333333,0.4982249760536398,0.5001436781609195,0.0,0.0,0.0,0.1,11,0.3816070556640625,1.0
bounded_validation,MOBIO,PolyProtect,91843,independent_unseen_keys,30,0.03333333333333333,92101,92107,04a7cfaf0d4788bc435135b6f22858be564a7a1b90c50045cfe6117048e55012,02d0811437074f99181cd743a47339c7185bc5fa,5,deepsets,607,0.03333333333333333,0.19583333333333333,0.5095551963601532,0.47485632183908044,0.0,0.0,0.0,0.1,11,0.3934335708618164,1.0
bounded_validation,MOBIO,PolyProtect,91843,independent_unseen_keys,30,0.03333333333333333,92101,92107,04a7cfaf0d4788bc435135b6f22858be564a7a1b90c50045cfe6117048e55012,02d0811437074f99181cd743a47339c7185bc5fa,5,deepsets,613,0.03333333333333333,0.17083333333333334,0.49602430555555554,0.5,0.008333333333333333,0.0,0.0,0.1,10,0.38623952865600586,1.0
bounded_validation,MOBIO,PolyProtect,91843,independent_unseen_keys,30,0.03333333333333333,92101,92107,04a7cfaf0d4788bc435135b6f22858be564a7a1b90c50045cfe6117048e55012,02d0811437074f99181cd743a47339c7185bc5fa,10,mean_mlp,601,0.029166666666666667,0.2125,0.5097240181992337,0.4947557471264368,0.008333333333333333,0.0,0.0,0.075,10,0.29788732528686523,1.0
bounded_validation,MOBIO,PolyProtect,91843,independent_unseen_keys,30,0.03333333333333333,92101,92107,04a7cfaf0d4788bc435135b6f22858be564a7a1b90c50045cfe6117048e55012,02d0811437074f99181cd743a47339c7185bc5fa,10,mean_mlp,607,0.03333333333333333,0.24583333333333332,0.5479879070881226,0.48354885057471264,0.004166666666666667,0.004166666666666667,0.0,0.1,9,0.2931196689605713,1.0
bounded_validation,MOBIO,PolyProtect,91843,independent_unseen_keys,30,0.03333333333333333,92101,92107,04a7cfaf0d4788bc435135b6f22858be564a7a1b90c50045cfe6117048e55012,02d0811437074f99181cd743a47339c7185bc5fa,10,mean_mlp,613,0.020833333333333332,0.19583333333333333,0.5372042624521073,0.45423850574712643,0.0,0.0,0.0,0.0625,11,0.3173527717590332,1.0
bounded_validation,MOBIO,PolyProtect,91843,independent_unseen_keys,30,0.03333333333333333,92101,92107,04a7cfaf0d4788bc435135b6f22858be564a7a1b90c50045cfe6117048e55012,02d0811437074f99181cd743a47339c7185bc5fa,10,deepsets,601,0.03333333333333333,0.17916666666666667,0.49440972222222224,0.5016522988505747,0.0,0.0,0.0,0.1,11,0.38924670219421387,1.0
bounded_validation,MOBIO,PolyProtect,91843,independent_unseen_keys,30,0.03333333333333333,92101,92107,04a7cfaf0d4788bc435135b6f22858be564a7a1b90c50045cfe6117048e55012,02d0811437074f99181cd743a47339c7185bc5fa,10,deepsets,607,0.03333333333333333,0.20833333333333334,0.5166528975095785,0.4704022988505747,0.0,0.0,0.0,0.1,11,0.3812379837036133,1.0
bounded_validation,MOBIO,PolyProtect,91843,independent_unseen_keys,30,0.03333333333333333,92101,92107,04a7cfaf0d4788bc435135b6f22858be564a7a1b90c50045cfe6117048e55012,02d0811437074f99181cd743a47339c7185bc5fa,10,deepsets,613,0.03333333333333333,0.19583333333333333,0.49332375478927204,0.4959770114942529,0.0,0.0,0.0,0.1,11,0.3810100555419922,1.0
bounded_validation,SCface,PolyProtect,91843,independent_unseen_keys,26,0.038461538461538464,92101,92107,0aba7a981d83a40e138dd9c86f90135843b928c30f0962f02503cc4ab049a94b,02d0811437074f99181cd743a47339c7185bc5fa,1,single_mlp,601,0.0625,0.1971153846153846,0.5037259615384615,0.5000961538461539,0.014423076923076924,0.0,0.0,0.15384615384615385,24,0.3833131790161133,0.9134615384615384
bounded_validation,SCface,PolyProtect,91843,independent_unseen_keys,26,0.038461538461538464,92101,92107,0aba7a981d83a40e138dd9c86f90135843b928c30f0962f02503cc4ab049a94b,02d0811437074f99181cd743a47339c7185bc5fa,1,single_mlp,607,0.028846153846153848,0.25,0.5055436390532544,0.5001923076923077,0.004807692307692308,0.0,0.0,0.08653846153846154,23,0.39394521713256836,0.9134615384615384
bounded_validation,SCface,PolyProtect,91843,independent_unseen_keys,26,0.038461538461538464,92101,92107,0aba7a981d83a40e138dd9c86f90135843b928c30f0962f02503cc4ab049a94b,02d0811437074f99181cd743a47339c7185bc5fa,1,single_mlp,613,0.028846153846153848,0.23076923076923078,0.495469674556213,0.5053846153846153,0.019230769230769232,0.004807692307692308,0.0,0.07692307692307693,25,0.41104745864868164,0.9134615384615384
bounded_validation,SCface,PolyProtect,91843,independent_unseen_keys,26,0.038461538461538464,92101,92107,0aba7a981d83a40e138dd9c86f90135843b928c30f0962f02503cc4ab049a94b,02d0811437074f99181cd743a47339c7185bc5fa,2,mean_mlp,601,0.038461538461538464,0.21634615384615385,0.5090772928994083,0.49586538461538465,0.014423076923076924,0.0,0.0,0.10096153846153846,27,0.4342625141143799,0.9519230769230769
bounded_validation,SCface,PolyProtect,91843,independent_unseen_keys,26,0.038461538461538464,92101,92107,0aba7a981d83a40e138dd9c86f90135843b928c30f0962f02503cc4ab049a94b,02d0811437074f99181cd743a47339c7185bc5fa,2,mean_mlp,607,0.019230769230769232,0.18269230769230768,0.49873335798816565,0.5001923076923077,0.009615384615384616,0.0,0.0,0.057692307692307696,25,0.412883996963501,0.9519230769230769
bounded_validation,SCface,PolyProtect,91843,independent_unseen_keys,26,0.038461538461538464,92101,92107,0aba7a981d83a40e138dd9c86f90135843b928c30f0962f02503cc4ab049a94b,02d0811437074f99181cd743a47339c7185bc5fa,2,mean_mlp,613,0.028846153846153848,0.20673076923076922,0.5009707840236686,0.5016346153846154,0.02403846153846154,0.009615384615384616,0.0,0.07692307692307693,27,0.4028632640838623,0.9519230769230769
bounded_validation,SCface,PolyProtect,91843,independent_unseen_keys,26,0.038461538461538464,92101,92107,0aba7a981d83a40e138dd9c86f90135843b928c30f0962f02503cc4ab049a94b,02d0811437074f99181cd743a47339c7185bc5fa,2,deepsets,601,0.03365384615384615,0.19230769230769232,0.5033468934911243,0.4951923076923077,0.004807692307692308,0.0,0.0,0.10096153846153846,26,0.5374605655670166,0.9519230769230769
bounded_validation,SCface,PolyProtect,91843,independent_unseen_keys,26,0.038461538461538464,92101,92107,0aba7a981d83a40e138dd9c86f90135843b928c30f0962f02503cc4ab049a94b,02d0811437074f99181cd743a47339c7185bc5fa,2,deepsets,607,0.038461538461538464,0.1971153846153846,0.4974260355029586,0.4998076923076923,0.014423076923076924,0.0,0.0,0.11538461538461539,22,0.4706871509552002,0.9519230769230769
bounded_validation,SCface,PolyProtect,91843,independent_unseen_keys,26,0.038461538461538464,92101,92107,0aba7a981d83a40e138dd9c86f90135843b928c30f0962f02503cc4ab049a94b,02d0811437074f99181cd743a47339c7185bc5fa,2,deepsets,613,0.038461538461538464,0.19230769230769232,0.4989848372781065,0.5089423076923076,0.009615384615384616,0.0,0.0,0.11538461538461539,27,0.5526766777038574,0.9519230769230769
bounded_validation,SCface,PolyProtect,91843,independent_unseen_keys,26,0.038461538461538464,92101,92107,0aba7a981d83a40e138dd9c86f90135843b928c30f0962f02503cc4ab049a94b,02d0811437074f99181cd743a47339c7185bc5fa,5,mean_mlp,601,0.038461538461538464,0.22596153846153846,0.5200314349112426,0.4865384615384616,0.014423076923076924,0.0,0.0,0.10096153846153846,27,0.4099729061126709,0.9615384615384616
bounded_validation,SCface,PolyProtect,91843,independent_unseen_keys,26,0.038461538461538464,92101,92107,0aba7a981d83a40e138dd9c86f90135843b928c30f0962f02503cc4ab049a94b,02d0811437074f99181cd743a47339c7185bc5fa,5,mean_mlp,607,0.038461538461538464,0.20192307692307693,0.5050083210059171,0.4863461538461539,0.019230769230769232,0.014423076923076924,0.0,0.11057692307692307,25,0.4496126174926758,0.9615384615384616
bounded_validation,SCface,PolyProtect,91843,independent_unseen_keys,26,0.038461538461538464,92101,92107,0aba7a981d83a40e138dd9c86f90135843b928c30f0962f02503cc4ab049a94b,02d0811437074f99181cd743a47339c7185bc5fa,5,mean_mlp,613,0.028846153846153848,0.22115384615384615,0.5030066568047338,0.49932692307692306,0.019230769230769232,0.004807692307692308,0.0,0.07692307692307693,27,0.4373598098754883,0.9615384615384616
bounded_validation,SCface,PolyProtect,91843,independent_unseen_keys,26,0.038461538461538464,92101,92107,0aba7a981d83a40e138dd9c86f90135843b928c30f0962f02503cc4ab049a94b,02d0811437074f99181cd743a47339c7185bc5fa,5,deepsets,601,0.02403846153846154,0.19230769230769232,0.5075203402366864,0.48115384615384615,0.009615384615384616,0.004807692307692308,0.0,0.0625,41,0.6833508014678955,0.9615384615384616
bounded_validation,SCface,PolyProtect,91843,independent_unseen_keys,26,0.038461538461538464,92101,92107,0aba7a981d83a40e138dd9c86f90135843b928c30f0962f02503cc4ab049a94b,02d0811437074f99181cd743a47339c7185bc5fa,5,deepsets,607,0.04807692307692308,0.19230769230769232,0.5031721523668639,0.4914423076923077,0.009615384615384616,0.0,0.0,0.12980769230769232,29,0.5806863307952881,0.9615384615384616
bounded_validation,SCface,PolyProtect,91843,independent_unseen_keys,26,0.038461538461538464,92101,92107,0aba7a981d83a40e138dd9c86f90135843b928c30f0962f02503cc4ab049a94b,02d0811437074f99181cd743a47339c7185bc5fa,5,deepsets,613,0.038461538461538464,0.19230769230769232,0.5017205991124261,0.5009615384615385,0.028846153846153848,0.004807692307692308,0.0,0.11538461538461539,29,0.5729610919952393,0.9615384615384616
bounded_validation,SCface,PolyProtect,91843,independent_unseen_keys,26,0.038461538461538464,92101,92107,0aba7a981d83a40e138dd9c86f90135843b928c30f0962f02503cc4ab049a94b,02d0811437074f99181cd743a47339c7185bc5fa,10,mean_mlp,601,0.052884615384615384,0.25,0.5213461538461538,0.47788461538461535,0.014423076923076924,0.0,0.0,0.13942307692307693,23,0.43309617042541504,0.9615384615384616
bounded_validation,SCface,PolyProtect,91843,independent_unseen_keys,26,0.038461538461538464,92101,92107,0aba7a981d83a40e138dd9c86f90135843b928c30f0962f02503cc4ab049a94b,02d0811437074f99181cd743a47339c7185bc5fa,10,mean_mlp,607,0.038461538461538464,0.20192307692307693,0.5137398298816568,0.49173076923076925,0.028846153846153848,0.014423076923076924,0.0,0.11538461538461539,21,0.37352967262268066,0.9615384615384616
bounded_validation,SCface,PolyProtect,91843,independent_unseen_keys,26,0.038461538461538464,92101,92107,0aba7a981d83a40e138dd9c86f90135843b928c30f0962f02503cc4ab049a94b,02d0811437074f99181cd743a47339c7185bc5fa,10,mean_mlp,613,0.028846153846153848,0.18269230769230768,0.5014164201183432,0.49115384615384616,0.004807692307692308,0.0,0.0,0.07692307692307693,24,0.3991997241973877,0.9615384615384616
bounded_validation,SCface,PolyProtect,91843,independent_unseen_keys,26,0.038461538461538464,92101,92107,0aba7a981d83a40e138dd9c86f90135843b928c30f0962f02503cc4ab049a94b,02d0811437074f99181cd743a47339c7185bc5fa,10,deepsets,601,0.038461538461538464,0.19230769230769232,0.5048104659763313,0.5025,0.014423076923076924,0.0,0.0,0.11538461538461539,45,0.6902031898498535,0.9615384615384616
bounded_validation,SCface,PolyProtect,91843,independent_unseen_keys,26,0.038461538461538464,92101,92107,0aba7a981d83a40e138dd9c86f90135843b928c30f0962f02503cc4ab049a94b,02d0811437074f99181cd743a47339c7185bc5fa,10,deepsets,607,0.02403846153846154,0.19230769230769232,0.5041900887573965,0.49884615384615383,0.009615384615384616,0.0,0.0,0.0673076923076923,34,0.6110732555389404,0.9615384615384616
bounded_validation,SCface,PolyProtect,91843,independent_unseen_keys,26,0.038461538461538464,92101,92107,0aba7a981d83a40e138dd9c86f90135843b928c30f0962f02503cc4ab049a94b,02d0811437074f99181cd743a47339c7185bc5fa,10,deepsets,613,0.038461538461538464,0.19230769230769232,0.5007535133136094,0.5156730769230768,0.028846153846153848,0.004807692307692308,0.0,0.11538461538461539,40,0.650205135345459,0.9615384615384616
bounded_validation,MOBIO,IoM-GRP,91831,random_key_pool_1,30,0.03333333333333333,92101,92107,9e9236a4b9193e4cebbe2843938206707914babf11cfbb61c5c4456da8605f64,02d0811437074f99181cd743a47339c7185bc5fa,1,single_mlp,601,0.9916666666666667,1.0,0.999747964559387,0.008333333333333318,0.9958333333333333,0.9791666666666666,0.9791666666666666,1.0,115,0.7942626476287842,1.0
bounded_validation,MOBIO,IoM-GRP,91831,random_key_pool_1,30,0.03333333333333333,92101,92107,9e9236a4b9193e4cebbe2843938206707914babf11cfbb61c5c4456da8605f64,02d0811437074f99181cd743a47339c7185bc5fa,1,single_mlp,607,0.9916666666666667,1.0,0.9994546216475096,0.01566091954022991,0.9833333333333333,0.9583333333333334,0.9791666666666666,1.0,116,0.8565018177032471,1.0
bounded_validation,MOBIO,IoM-GRP,91831,random_key_pool_1,30,0.03333333333333333,92101,92107,9e9236a4b9193e4cebbe2843938206707914babf11cfbb61c5c4456da8605f64,02d0811437074f99181cd743a47339c7185bc5fa,1,single_mlp,613,0.9875,1.0,0.9997210249042146,0.008333333333333318,0.9958333333333333,0.9708333333333333,0.975,1.0,120,0.8486480712890625,1.0
bounded_validation,MOBIO,IoM-GRP,91831,random_key_pool_1,30,0.03333333333333333,92101,92107,9e9236a4b9193e4cebbe2843938206707914babf11cfbb61c5c4456da8605f64,02d0811437074f99181cd743a47339c7185bc5fa,2,mean_mlp,601,1.0,1.0,0.9999616858237548,0.0038074712643678087,1.0,0.9833333333333333,1.0,1.0,111,0.8572080135345459,1.0
bounded_validation,MOBIO,IoM-GRP,91831,random_key_pool_1,30,0.03333333333333333,92101,92107,9e9236a4b9193e4cebbe2843938206707914babf11cfbb61c5c4456da8605f64,02d0811437074f99181cd743a47339c7185bc5fa,2,mean_mlp,607,1.0,1.0,0.9999610871647509,0.0007902298850574713,1.0,0.9791666666666666,1.0,1.0,120,0.8390369415283203,1.0
bounded_validation,MOBIO,IoM-GRP,91831,random_key_pool_1,30,0.03333333333333333,92101,92107,9e9236a4b9193e4cebbe2843938206707914babf11cfbb61c5c4456da8605f64,02d0811437074f99181cd743a47339c7185bc5fa,2,mean_mlp,613,1.0,1.0,0.9999772509578544,0.0032327586206896478,1.0,0.9958333333333333,1.0,1.0,120,0.8130166530609131,1.0
bounded_validation,MOBIO,IoM-GRP,91831,random_key_pool_1,30,0.03333333333333333,92101,92107,9e9236a4b9193e4cebbe2843938206707914babf11cfbb61c5c4456da8605f64,02d0811437074f99181cd743a47339c7185bc5fa,2,deepsets,601,0.9541666666666667,1.0,0.9984901819923372,0.016954022988505773,0.9666666666666667,0.7333333333333333,0.8833333333333333,0.9958333333333333,85,1.0076520442962646,1.0
bounded_validation,MOBIO,IoM-GRP,91831,random_key_pool_1,30,0.03333333333333333,92101,92107,9e9236a4b9193e4cebbe2843938206707914babf11cfbb61c5c4456da8605f64,02d0811437074f99181cd743a47339c7185bc5fa,2,deepsets,607,0.9708333333333333,1.0,0.9968552442528735,0.029956896551724142,0.9208333333333333,0.7541666666666667,0.9416666666666667,0.9958333333333333,76,0.9037225246429443,1.0
bounded_validation,MOBIO,IoM-GRP,91831,random_key_pool_1,30,0.03333333333333333,92101,92107,9e9236a4b9193e4cebbe2843938206707914babf11cfbb61c5c4456da8605f64,02d0811437074f99181cd743a47339c7185bc5fa,2,deepsets,613,0.9666666666666667,1.0,0.9970186781609196,0.024856321839080472,0.9166666666666666,0.6583333333333333,0.9208333333333333,0.9958333333333333,86,0.9677317142486572,1.0
bounded_validation,MOBIO,IoM-GRP,91831,random_key_pool_1,30,0.03333333333333333,92101,92107,9e9236a4b9193e4cebbe2843938206707914babf11cfbb61c5c4456da8605f64,02d0811437074f99181cd743a47339c7185bc5fa,5,mean_mlp,601,1.0,1.0,1.0,0.0,1.0,1.0,1.0,1.0,120,2.16534423828125,1.0
bounded_validation,MOBIO,IoM-GRP,91831,random_key_pool_1,30,0.03333333333333333,92101,92107,9e9236a4b9193e4cebbe2843938206707914babf11cfbb61c5c4456da8605f64,02d0811437074f99181cd743a47339c7185bc5fa,5,mean_mlp,607,1.0,1.0,0.999967672413793,0.0032327586206896478,1.0,0.9875,1.0,1.0,120,0.9482779502868652,1.0
bounded_validation,MOBIO,IoM-GRP,91831,random_key_pool_1,30,0.03333333333333333,92101,92107,9e9236a4b9193e4cebbe2843938206707914babf11cfbb61c5c4456da8605f64,02d0811437074f99181cd743a47339c7185bc5fa,5,mean_mlp,613,1.0,1.0,0.9999850335249042,0.0005028735632183908,1.0,0.9958333333333333,1.0,1.0,120,0.9141559600830078,1.0
bounded_validation,MOBIO,IoM-GRP,91831,random_key_pool_1,30,0.03333333333333333,92101,92107,9e9236a4b9193e4cebbe2843938206707914babf11cfbb61c5c4456da8605f64,02d0811437074f99181cd743a47339c7185bc5fa,5,deepsets,601,0.9416666666666667,1.0,0.9983471024904215,0.016738505747126462,0.9708333333333333,0.725,0.8666666666666667,0.9958333333333333,61,0.9041070938110352,1.0
bounded_validation,MOBIO,IoM-GRP,91831,random_key_pool_1,30,0.03333333333333333,92101,92107,9e9236a4b9193e4cebbe2843938206707914babf11cfbb61c5c4456da8605f64,02d0811437074f99181cd743a47339c7185bc5fa,5,deepsets,607,0.9625,1.0,0.9956633141762452,0.040876436781609175,0.8916666666666667,0.7625,0.8916666666666667,1.0,66,0.9370360374450684,1.0
bounded_validation,MOBIO,IoM-GRP,91831,random_key_pool_1,30,0.03333333333333333,92101,92107,9e9236a4b9193e4cebbe2843938206707914babf11cfbb61c5c4456da8605f64,02d0811437074f99181cd743a47339c7185bc5fa,5,deepsets,613,0.9291666666666667,1.0,0.995046096743295,0.03433908045977011,0.8375,0.6625,0.8375,1.0,97,1.1718463897705078,1.0
bounded_validation,MOBIO,IoM-GRP,91831,random_key_pool_1,30,0.03333333333333333,92101,92107,9e9236a4b9193e4cebbe2843938206707914babf11cfbb61c5c4456da8605f64,02d0811437074f99181cd743a47339c7185bc5fa,10,mean_mlp,601,1.0,1.0,0.9999598898467433,0.0036637931034482684,1.0,0.9791666666666666,1.0,1.0,120,2.4686243534088135,1.0
bounded_validation,MOBIO,IoM-GRP,91831,random_key_pool_1,30,0.03333333333333333,92101,92107,9e9236a4b9193e4cebbe2843938206707914babf11cfbb61c5c4456da8605f64,02d0811437074f99181cd743a47339c7185bc5fa,10,mean_mlp,607,1.0,1.0,0.9998144157088122,0.005100574712643671,1.0,0.9666666666666667,1.0,1.0,120,1.1180751323699951,1.0
bounded_validation,MOBIO,IoM-GRP,91831,random_key_pool_1,30,0.03333333333333333,92101,92107,9e9236a4b9193e4cebbe2843938206707914babf11cfbb61c5c4456da8605f64,02d0811437074f99181cd743a47339c7185bc5fa,10,mean_mlp,613,1.0,1.0,0.9999012212643678,0.004166666666666659,1.0,0.9666666666666667,1.0,1.0,120,1.022416114807129,1.0
bounded_validation,MOBIO,IoM-GRP,91831,random_key_pool_1,30,0.03333333333333333,92101,92107,9e9236a4b9193e4cebbe2843938206707914babf11cfbb61c5c4456da8605f64,02d0811437074f99181cd743a47339c7185bc5fa,10,deepsets,601,0.9458333333333333,1.0,0.9985482519157088,0.020258620689655192,0.95,0.8125,0.8583333333333333,1.0,67,1.5682520866394043,1.0
bounded_validation,MOBIO,IoM-GRP,91831,random_key_pool_1,30,0.03333333333333333,92101,92107,9e9236a4b9193e4cebbe2843938206707914babf11cfbb61c5c4456da8605f64,02d0811437074f99181cd743a47339c7185bc5fa,10,deepsets,607,0.9041666666666667,1.0,0.9865708812260536,0.07205459770114941,0.7791666666666667,0.6583333333333333,0.7958333333333333,0.9916666666666667,54,1.3542735576629639,1.0
bounded_validation,MOBIO,IoM-GRP,91831,random_key_pool_1,30,0.03333333333333333,92101,92107,9e9236a4b9193e4cebbe2843938206707914babf11cfbb61c5c4456da8605f64,02d0811437074f99181cd743a47339c7185bc5fa,10,deepsets,613,0.8666666666666667,1.0,0.9929112787356321,0.03670977011494252,0.8,0.5958333333333333,0.7333333333333333,0.9666666666666667,77,1.7975759506225586,1.0
bounded_validation,SCface,IoM-GRP,91831,random_key_pool_1,26,0.038461538461538464,92101,92107,e14d94ab27932bf9b007f5ff7bd82d2f84ab7997537128184817b9ccba4d0f6c,02d0811437074f99181cd743a47339c7185bc5fa,1,single_mlp,601,0.6153846153846154,0.8557692307692307,0.910463202662722,0.17317307692307693,0.4807692307692308,0.27884615384615385,0.5,0.7211538461538461,118,2.1898961067199707,0.8317307692307693
bounded_validation,SCface,IoM-GRP,91831,random_key_pool_1,26,0.038461538461538464,92101,92107,e14d94ab27932bf9b007f5ff7bd82d2f84ab7997537128184817b9ccba4d0f6c,02d0811437074f99181cd743a47339c7185bc5fa,1,single_mlp,607,0.6009615384615384,0.8269230769230769,0.9044646819526627,0.17317307692307693,0.4807692307692308,0.3269230769230769,0.4951923076923077,0.7020432692307685,118,0.9511547088623047,0.8317307692307693
bounded_validation,SCface,IoM-GRP,91831,random_key_pool_1,26,0.038461538461538464,92101,92107,e14d94ab27932bf9b007f5ff7bd82d2f84ab7997537128184817b9ccba4d0f6c,02d0811437074f99181cd743a47339c7185bc5fa,1,single_mlp,613,0.6442307692307693,0.8269230769230769,0.9022928994082839,0.17903846153846154,0.5384615384615384,0.36538461538461536,0.5384615384615384,0.7451923076923077,110,0.9134151935577393,0.8317307692307693
bounded_validation,SCface,IoM-GRP,91831,random_key_pool_1,26,0.038461538461538464,92101,92107,e14d94ab27932bf9b007f5ff7bd82d2f84ab7997537128184817b9ccba4d0f6c,02d0811437074f99181cd743a47339c7185bc5fa,2,mean_mlp,601,0.7355769230769231,0.9230769230769231,0.9507895710059172,0.10038461538461538,0.7019230769230769,0.5,0.6153846153846154,0.8413461538461539,118,0.87088942527771,0.9134615384615384
bounded_validation,SCface,IoM-GRP,91831,random_key_pool_1,26,0.038461538461538464,92101,92107,e14d94ab27932bf9b007f5ff7bd82d2f84ab7997537128184817b9ccba4d0f6c,02d0811437074f99181cd743a47339c7185bc5fa,2,mean_mlp,607,0.7548076923076923,0.9038461538461539,0.9432498150887575,0.11375000000000002,0.6826923076923077,0.49038461538461536,0.6442307692307693,0.8605769230769231,120,0.9134106636047363,0.9134615384615384
bounded_validation,SCface,IoM-GRP,91831,random_key_pool_1,26,0.038461538461538464,92101,92107,e14d94ab27932bf9b007f5ff7bd82d2f84ab7997537128184817b9ccba4d0f6c,02d0811437074f99181cd743a47339c7185bc5fa,2,mean_mlp,613,0.7788461538461539,0.8990384615384616,0.9441161242603551,0.10115384615384615,0.6826923076923077,0.5528846153846154,0.6538461538461539,0.8798076923076923,117,0.8716821670532227,0.9134615384615384
bounded_validation,SCface,IoM-GRP,91831,random_key_pool_1,26,0.038461538461538464,92101,92107,e14d94ab27932bf9b007f5ff7bd82d2f84ab7997537128184817b9ccba4d0f6c,02d0811437074f99181cd743a47339c7185bc5fa,2,deepsets,601,0.6586538461538461,0.8942307692307693,0.943274778106509,0.1439423076923077,0.5961538461538461,0.42788461538461536,0.5336538461538461,0.7692307692307693,120,1.1240897178649902,0.9134615384615384
bounded_validation,SCface,IoM-GRP,91831,random_key_pool_1,26,0.038461538461538464,92101,92107,e14d94ab27932bf9b007f5ff7bd82d2f84ab7997537128184817b9ccba4d0f6c,02d0811437074f99181cd743a47339c7185bc5fa,2,deepsets,607,0.6298076923076923,0.8557692307692307,0.9229271449704142,0.14586538461538462,0.5384615384615384,0.3076923076923077,0.5192307692307693,0.7355769230769231,106,1.0640857219696045,0.9134615384615384
bounded_validation,SCface,IoM-GRP,91831,random_key_pool_1,26,0.038461538461538464,92101,92107,e14d94ab27932bf9b007f5ff7bd82d2f84ab7997537128184817b9ccba4d0f6c,02d0811437074f99181cd743a47339c7185bc5fa,2,deepsets,613,0.6394230769230769,0.8798076923076923,0.9421856508875739,0.13403846153846152,0.5528846153846154,0.36538461538461536,0.5048076923076923,0.7692307692307693,111,2.3054232597351074,0.9134615384615384
bounded_validation,SCface,IoM-GRP,91831,random_key_pool_1,26,0.038461538461538464,92101,92107,e14d94ab27932bf9b007f5ff7bd82d2f84ab7997537128184817b9ccba4d0f6c,02d0811437074f99181cd743a47339c7185bc5fa,5,mean_mlp,601,0.8605769230769231,0.9182692307692307,0.9480806213017752,0.08163461538461539,0.7692307692307693,0.5,0.7451923076923077,0.9519230769230769,120,0.9662041664123535,0.9230769230769231
bounded_validation,SCface,IoM-GRP,91831,random_key_pool_1,26,0.038461538461538464,92101,92107,e14d94ab27932bf9b007f5ff7bd82d2f84ab7997537128184817b9ccba4d0f6c,02d0811437074f99181cd743a47339c7185bc5fa,5,mean_mlp,607,0.8605769230769231,0.9182692307692307,0.9536677144970415,0.08865384615384617,0.8076923076923077,0.6394230769230769,0.7451923076923077,0.9520432692307685,119,0.9145464897155762,0.9230769230769231
bounded_validation,SCface,IoM-GRP,91831,random_key_pool_1,26,0.038461538461538464,92101,92107,e14d94ab27932bf9b007f5ff7bd82d2f84ab7997537128184817b9ccba4d0f6c,02d0811437074f99181cd743a47339c7185bc5fa,5,mean_mlp,613,0.8605769230769231,0.9230769230769231,0.9487749630177514,0.08567307692307694,0.8028846153846154,0.5721153846153846,0.7403846153846154,0.9519230769230769,120,0.9396402835845947,0.9230769230769231
bounded_validation,SCface,IoM-GRP,91831,random_key_pool_1,26,0.038461538461538464,92101,92107,e14d94ab27932bf9b007f5ff7bd82d2f84ab7997537128184817b9ccba4d0f6c,02d0811437074f99181cd743a47339c7185bc5fa,5,deepsets,601,0.7403846153846154,0.9134615384615384,0.9466244452662722,0.10115384615384614,0.6201923076923077,0.3701923076923077,0.6152644230769233,0.8509615384615384,117,1.0981113910675049,0.9230769230769231
bounded_validation,SCface,IoM-GRP,91831,random_key_pool_1,26,0.038461538461538464,92101,92107,e14d94ab27932bf9b007f5ff7bd82d2f84ab7997537128184817b9ccba4d0f6c,02d0811437074f99181cd743a47339c7185bc5fa,5,deepsets,607,0.7067307692307693,0.8942307692307693,0.938962647928994,0.12298076923076924,0.5576923076923077,0.3317307692307692,0.5721153846153846,0.8269230769230769,105,1.141913890838623,0.9230769230769231
bounded_validation,SCface,IoM-GRP,91831,random_key_pool_1,26,0.038461538461538464,92101,92107,e14d94ab27932bf9b007f5ff7bd82d2f84ab7997537128184817b9ccba4d0f6c,02d0811437074f99181cd743a47339c7185bc5fa,5,deepsets,613,0.7163461538461539,0.8846153846153846,0.9509698594674556,0.1388461538461538,0.625,0.375,0.5769230769230769,0.8461538461538461,115,1.202446699142456,0.9230769230769231
bounded_validation,SCface,IoM-GRP,91831,random_key_pool_1,26,0.038461538461538464,92101,92107,e14d94ab27932bf9b007f5ff7bd82d2f84ab7997537128184817b9ccba4d0f6c,02d0811437074f99181cd743a47339c7185bc5fa,10,mean_mlp,601,0.8990384615384616,0.9230769230769231,0.9429077292899408,0.07807692307692304,0.7596153846153846,0.46634615384615385,0.7836538461538461,0.9855769230769231,114,2.3875861167907715,0.9230769230769231
bounded_validation,SCface,IoM-GRP,91831,random_key_pool_1,26,0.038461538461538464,92101,92107,e14d94ab27932bf9b007f5ff7bd82d2f84ab7997537128184817b9ccba4d0f6c,02d0811437074f99181cd743a47339c7185bc5fa,10,mean_mlp,607,0.8894230769230769,0.9230769230769231,0.9498973742603553,0.06076923076923074,0.8076923076923077,0.5817307692307693,0.7739182692307695,0.9807692307692307,120,0.9869627952575684,0.9230769230769231
bounded_validation,SCface,IoM-GRP,91831,random_key_pool_1,26,0.038461538461538464,92101,92107,e14d94ab27932bf9b007f5ff7bd82d2f84ab7997537128184817b9ccba4d0f6c,02d0811437074f99181cd743a47339c7185bc5fa,10,mean_mlp,613,0.8942307692307693,0.9230769230769231,0.9536066937869822,0.06355769230769229,0.7932692307692307,0.5961538461538461,0.7740384615384616,0.9903846153846154,119,0.9742145538330078,0.9230769230769231
bounded_validation,SCface,IoM-GRP,91831,random_key_pool_1,26,0.038461538461538464,92101,92107,e14d94ab27932bf9b007f5ff7bd82d2f84ab7997537128184817b9ccba4d0f6c,02d0811437074f99181cd743a47339c7185bc5fa,10,deepsets,601,0.7596153846153846,0.9134615384615384,0.9420118343195266,0.10653846153846153,0.5961538461538461,0.375,0.6153846153846154,0.8894230769230769,103,1.5509531497955322,0.9230769230769231
bounded_validation,SCface,IoM-GRP,91831,random_key_pool_1,26,0.038461538461538464,92101,92107,e14d94ab27932bf9b007f5ff7bd82d2f84ab7997537128184817b9ccba4d0f6c,02d0811437074f99181cd743a47339c7185bc5fa,10,deepsets,607,0.6346153846153846,0.8798076923076923,0.9457202292899409,0.13413461538461535,0.4807692307692308,0.40865384615384615,0.47115384615384615,0.7885817307692301,119,1.522789716720581,0.9230769230769231
bounded_validation,SCface,IoM-GRP,91831,random_key_pool_1,26,0.038461538461538464,92101,92107,e14d94ab27932bf9b007f5ff7bd82d2f84ab7997537128184817b9ccba4d0f6c,02d0811437074f99181cd743a47339c7185bc5fa,10,deepsets,613,0.6923076923076923,0.8798076923076923,0.9553125,0.1356730769230769,0.5961538461538461,0.1971153846153846,0.5336538461538461,0.8462740384615378,89,1.5092885494232178,0.9230769230769231
bounded_validation,MOBIO,IoM-GRP,91843,random_key_pool_1,30,0.03333333333333333,92101,92107,ea27e6b097b2355401d30765855277ce9ac32aea9b8ad8ae13b577909480394f,02d0811437074f99181cd743a47339c7185bc5fa,1,single_mlp,601,0.9875,1.0,0.9992307231800767,0.016738505747126462,0.9666666666666667,0.9583333333333334,0.9625,1.0,118,2.0469980239868164,1.0
bounded_validation,MOBIO,IoM-GRP,91843,random_key_pool_1,30,0.03333333333333333,92101,92107,ea27e6b097b2355401d30765855277ce9ac32aea9b8ad8ae13b577909480394f,02d0811437074f99181cd743a47339c7185bc5fa,1,single_mlp,607,0.9791666666666666,1.0,0.9990774664750958,0.025000000000000012,0.975,0.9583333333333334,0.9416666666666667,1.0,116,0.9500088691711426,1.0
bounded_validation,MOBIO,IoM-GRP,91843,random_key_pool_1,30,0.03333333333333333,92101,92107,ea27e6b097b2355401d30765855277ce9ac32aea9b8ad8ae13b577909480394f,02d0811437074f99181cd743a47339c7185bc5fa,1,single_mlp,613,0.9791666666666666,1.0,0.9976496647509578,0.016954022988505773,0.9791666666666666,0.9666666666666667,0.9416666666666667,1.0,119,0.89695143699646,1.0
bounded_validation,MOBIO,IoM-GRP,91843,random_key_pool_1,30,0.03333333333333333,92101,92107,ea27e6b097b2355401d30765855277ce9ac32aea9b8ad8ae13b577909480394f,02d0811437074f99181cd743a47339c7185bc5fa,2,mean_mlp,601,0.9958333333333333,1.0,0.9998736829501915,0.004238505747126429,0.9958333333333333,0.9708333333333333,0.9875,1.0,118,0.9049909114837646,1.0
bounded_validation,MOBIO,IoM-GRP,91843,random_key_pool_1,30,0.03333333333333333,92101,92107,ea27e6b097b2355401d30765855277ce9ac32aea9b8ad8ae13b577909480394f,02d0811437074f99181cd743a47339c7185bc5fa,2,mean_mlp,607,0.9958333333333333,1.0,0.9998844588122604,0.007471264367816077,0.9958333333333333,0.9791666666666666,0.9875,1.0,120,0.8521978855133057,1.0
bounded_validation,MOBIO,IoM-GRP,91843,random_key_pool_1,30,0.03333333333333333,92101,92107,ea27e6b097b2355401d30765855277ce9ac32aea9b8ad8ae13b577909480394f,02d0811437074f99181cd743a47339c7185bc5fa,2,mean_mlp,613,0.9958333333333333,1.0,0.9993989463601533,0.00955459770114941,0.9833333333333333,0.9708333333333333,0.9875,1.0,119,0.8911023139953613,1.0
bounded_validation,MOBIO,IoM-GRP,91843,random_key_pool_1,30,0.03333333333333333,92101,92107,ea27e6b097b2355401d30765855277ce9ac32aea9b8ad8ae13b577909480394f,02d0811437074f99181cd743a47339c7185bc5fa,2,deepsets,601,0.9375,1.0,0.9932567049808428,0.03663793103448275,0.925,0.8416666666666667,0.8708333333333333,0.9916666666666667,71,0.9202470779418945,1.0
bounded_validation,MOBIO,IoM-GRP,91843,random_key_pool_1,30,0.03333333333333333,92101,92107,ea27e6b097b2355401d30765855277ce9ac32aea9b8ad8ae13b577909480394f,02d0811437074f99181cd743a47339c7185bc5fa,2,deepsets,607,0.8958333333333334,0.9916666666666667,0.9872437739463602,0.06659482758620688,0.8708333333333333,0.7166666666666667,0.7958333333333333,0.9708333333333333,76,2.340060234069824,1.0
bounded_validation,MOBIO,IoM-GRP,91843,random_key_pool_1,30,0.03333333333333333,92101,92107,ea27e6b097b2355401d30765855277ce9ac32aea9b8ad8ae13b577909480394f,02d0811437074f99181cd743a47339c7185bc5fa,2,deepsets,613,0.9666666666666667,1.0,0.9960955459770116,0.04094827586206895,0.9333333333333333,0.85,0.9165625000000002,1.0,85,1.1349689960479736,1.0
bounded_validation,MOBIO,IoM-GRP,91843,random_key_pool_1,30,0.03333333333333333,92101,92107,ea27e6b097b2355401d30765855277ce9ac32aea9b8ad8ae13b577909480394f,02d0811437074f99181cd743a47339c7185bc5fa,5,mean_mlp,601,1.0,1.0,0.9999994013409962,7.183908045977011e-05,1.0,1.0,1.0,1.0,120,0.902759313583374,1.0
bounded_validation,MOBIO,IoM-GRP,91843,random_key_pool_1,30,0.03333333333333333,92101,92107,ea27e6b097b2355401d30765855277ce9ac32aea9b8ad8ae13b577909480394f,02d0811437074f99181cd743a47339c7185bc5fa,5,mean_mlp,607,1.0,1.0,1.0,0.0,1.0,1.0,1.0,1.0,120,1.6395556926727295,1.0
bounded_validation,MOBIO,IoM-GRP,91843,random_key_pool_1,30,0.03333333333333333,92101,92107,ea27e6b097b2355401d30765855277ce9ac32aea9b8ad8ae13b577909480394f,02d0811437074f99181cd743a47339c7185bc5fa,5,mean_mlp,613,1.0,1.0,0.9998533285440613,0.0040229885057471194,1.0,0.9416666666666667,1.0,1.0,120,1.3478455543518066,1.0
bounded_validation,MOBIO,IoM-GRP,91843,random_key_pool_1,30,0.03333333333333333,92101,92107,ea27e6b097b2355401d30765855277ce9ac32aea9b8ad8ae13b577909480394f,02d0811437074f99181cd743a47339c7185bc5fa,5,deepsets,601,0.9291666666666667,0.9875,0.9913799090038314,0.04216954022988504,0.8583333333333333,0.7333333333333333,0.8498958333333335,0.9916666666666667,75,1.1127219200134277,1.0
bounded_validation,MOBIO,IoM-GRP,91843,random_key_pool_1,30,0.03333333333333333,92101,92107,ea27e6b097b2355401d30765855277ce9ac32aea9b8ad8ae13b577909480394f,02d0811437074f99181cd743a47339c7185bc5fa,5,deepsets,607,0.85,0.9916666666666667,0.9842426963601533,0.0761494252873563,0.8291666666666667,0.5458333333333333,0.725,0.95,72,1.0364594459533691,1.0
bounded_validation,MOBIO,IoM-GRP,91843,random_key_pool_1,30,0.03333333333333333,92101,92107,ea27e6b097b2355401d30765855277ce9ac32aea9b8ad8ae13b577909480394f,02d0811437074f99181cd743a47339c7185bc5fa,5,deepsets,613,0.9041666666666667,0.9875,0.9924832375478927,0.05222701149425289,0.875,0.7375,0.8041666666666667,0.9833333333333333,112,1.1364564895629883,1.0
bounded_validation,MOBIO,IoM-GRP,91843,random_key_pool_1,30,0.03333333333333333,92101,92107,ea27e6b097b2355401d30765855277ce9ac32aea9b8ad8ae13b577909480394f,02d0811437074f99181cd743a47339c7185bc5fa,10,mean_mlp,601,1.0,1.0,0.9998108237547894,0.003951149425287349,1.0,0.9333333333333333,1.0,1.0,120,2.086792230606079,1.0
bounded_validation,MOBIO,IoM-GRP,91843,random_key_pool_1,30,0.03333333333333333,92101,92107,ea27e6b097b2355401d30765855277ce9ac32aea9b8ad8ae13b577909480394f,02d0811437074f99181cd743a47339c7185bc5fa,10,mean_mlp,607,1.0,1.0,0.9999814415708812,0.0005028735632183908,1.0,0.9875,1.0,1.0,120,1.0532145500183105,1.0
bounded_validation,MOBIO,IoM-GRP,91843,random_key_pool_1,30,0.03333333333333333,92101,92107,ea27e6b097b2355401d30765855277ce9ac32aea9b8ad8ae13b577909480394f,02d0811437074f99181cd743a47339c7185bc5fa,10,mean_mlp,613,1.0,1.0,0.9996366139846743,0.0077586206896551576,1.0,0.9,1.0,1.0,120,1.067244052886963,1.0
bounded_validation,MOBIO,IoM-GRP,91843,random_key_pool_1,30,0.03333333333333333,92101,92107,ea27e6b097b2355401d30765855277ce9ac32aea9b8ad8ae13b577909480394f,02d0811437074f99181cd743a47339c7185bc5fa,10,deepsets,601,0.9666666666666667,1.0,0.9935973419540229,0.024425287356321837,0.8333333333333334,0.6375,0.9,1.0,66,1.5564889907836914,1.0
bounded_validation,MOBIO,IoM-GRP,91843,random_key_pool_1,30,0.03333333333333333,92101,92107,ea27e6b097b2355401d30765855277ce9ac32aea9b8ad8ae13b577909480394f,02d0811437074f99181cd743a47339c7185bc5fa,10,deepsets,607,0.8666666666666667,0.9291666666666667,0.9772455699233715,0.13742816091954022,0.8916666666666667,0.5333333333333333,0.7333333333333333,0.9666666666666667,71,1.6384096145629883,1.0
bounded_validation,MOBIO,IoM-GRP,91843,random_key_pool_1,30,0.03333333333333333,92101,92107,ea27e6b097b2355401d30765855277ce9ac32aea9b8ad8ae13b577909480394f,02d0811437074f99181cd743a47339c7185bc5fa,10,deepsets,613,0.9208333333333333,0.9666666666666667,0.9893336925287357,0.07751436781609194,0.9,0.7708333333333334,0.8208333333333333,0.9958333333333333,93,1.9191157817840576,1.0
bounded_validation,SCface,IoM-GRP,91843,random_key_pool_1,26,0.038461538461538464,92101,92107,4cc671ac444f4f0d9d2551ec079a90a7f7589ea1e8d61f93a6d2f1843cbadffe,02d0811437074f99181cd743a47339c7185bc5fa,1,single_mlp,601,0.6971153846153846,0.8942307692307693,0.9394822485207102,0.1298076923076923,0.6009615384615384,0.4567307692307692,0.5865384615384616,0.7933894230769224,119,2.0773847103118896,0.9134615384615384
bounded_validation,SCface,IoM-GRP,91843,random_key_pool_1,26,0.038461538461538464,92101,92107,4cc671ac444f4f0d9d2551ec079a90a7f7589ea1e8d61f93a6d2f1843cbadffe,02d0811437074f99181cd743a47339c7185bc5fa,1,single_mlp,607,0.6923076923076923,0.8701923076923077,0.931713202662722,0.1539423076923077,0.6057692307692307,0.4182692307692308,0.5961538461538461,0.7740384615384616,120,0.9943158626556396,0.9134615384615384
bounded_validation,SCface,IoM-GRP,91843,random_key_pool_1,26,0.038461538461538464,92101,92107,4cc671ac444f4f0d9d2551ec079a90a7f7589ea1e8d61f93a6d2f1843cbadffe,02d0811437074f99181cd743a47339c7185bc5fa,1,single_mlp,613,0.7019230769230769,0.8653846153846154,0.93661150147929,0.14423076923076925,0.6105769230769231,0.42788461538461536,0.6009615384615384,0.7932692307692307,120,0.8746335506439209,0.9134615384615384
bounded_validation,SCface,IoM-GRP,91843,random_key_pool_1,26,0.038461538461538464,92101,92107,4cc671ac444f4f0d9d2551ec079a90a7f7589ea1e8d61f93a6d2f1843cbadffe,02d0811437074f99181cd743a47339c7185bc5fa,2,mean_mlp,601,0.8413461538461539,0.9567307692307693,0.9625009245562131,0.08644230769230771,0.7596153846153846,0.6634615384615384,0.75,0.9086538461538461,117,0.8161859512329102,0.9519230769230769
bounded_validation,SCface,IoM-GRP,91843,random_key_pool_1,26,0.038461538461538464,92101,92107,4cc671ac444f4f0d9d2551ec079a90a7f7589ea1e8d61f93a6d2f1843cbadffe,02d0811437074f99181cd743a47339c7185bc5fa,2,mean_mlp,607,0.8413461538461539,0.9423076923076923,0.9573474482248521,0.09096153846153847,0.7692307692307693,0.6490384615384616,0.7451923076923077,0.9086538461538461,120,0.8552827835083008,0.9519230769230769
bounded_validation,SCface,IoM-GRP,91843,random_key_pool_1,26,0.038461538461538464,92101,92107,4cc671ac444f4f0d9d2551ec079a90a7f7589ea1e8d61f93a6d2f1843cbadffe,02d0811437074f99181cd743a47339c7185bc5fa,2,mean_mlp,613,0.8317307692307693,0.9375,0.958953402366864,0.09509615384615384,0.7692307692307693,0.6201923076923077,0.7403846153846154,0.9038461538461539,120,0.876539945602417,0.9519230769230769
bounded_validation,SCface,IoM-GRP,91843,random_key_pool_1,26,0.038461538461538464,92101,92107,4cc671ac444f4f0d9d2551ec079a90a7f7589ea1e8d61f93a6d2f1843cbadffe,02d0811437074f99181cd743a47339c7185bc5fa,2,deepsets,601,0.7740384615384616,0.8990384615384616,0.939275147928994,0.12384615384615386,0.6490384615384616,0.36538461538461536,0.6634615384615384,0.8653846153846154,117,1.0546762943267822,0.9519230769230769
bounded_validation,SCface,IoM-GRP,91843,random_key_pool_1,26,0.038461538461538464,92101,92107,4cc671ac444f4f0d9d2551ec079a90a7f7589ea1e8d61f93a6d2f1843cbadffe,02d0811437074f99181cd743a47339c7185bc5fa,2,deepsets,607,0.7019230769230769,0.9038461538461539,0.9419221523668639,0.1298076923076923,0.6057692307692307,0.40384615384615385,0.6009615384615384,0.7932692307692307,112,2.481445550918579,0.9519230769230769
bounded_validation,SCface,IoM-GRP,91843,random_key_pool_1,26,0.038461538461538464,92101,92107,4cc671ac444f4f0d9d2551ec079a90a7f7589ea1e8d61f93a6d2f1843cbadffe,02d0811437074f99181cd743a47339c7185bc5fa,2,deepsets,613,0.7211538461538461,0.9230769230769231,0.9450600961538461,0.10028846153846152,0.6778846153846154,0.5096153846153846,0.610456730769231,0.8221153846153846,113,1.1869678497314453,0.9519230769230769
bounded_validation,SCface,IoM-GRP,91843,random_key_pool_1,26,0.038461538461538464,92101,92107,4cc671ac444f4f0d9d2551ec079a90a7f7589ea1e8d61f93a6d2f1843cbadffe,02d0811437074f99181cd743a47339c7185bc5fa,5,mean_mlp,601,0.9038461538461539,0.9615384615384616,0.9669156804733727,0.03769230769230767,0.8990384615384616,0.8269230769230769,0.7932692307692307,0.9855769230769231,120,0.8502511978149414,0.9615384615384616
bounded_validation,SCface,IoM-GRP,91843,random_key_pool_1,26,0.038461538461538464,92101,92107,4cc671ac444f4f0d9d2551ec079a90a7f7589ea1e8d61f93a6d2f1843cbadffe,02d0811437074f99181cd743a47339c7185bc5fa,5,mean_mlp,607,0.9134615384615384,0.9615384615384616,0.9682599852071008,0.05596153846153848,0.9038461538461539,0.8028846153846154,0.8219951923076925,0.9759615384615384,120,1.9528982639312744,0.9615384615384616
bounded_validation,SCface,IoM-GRP,91843,random_key_pool_1,26,0.038461538461538464,92101,92107,4cc671ac444f4f0d9d2551ec079a90a7f7589ea1e8d61f93a6d2f1843cbadffe,02d0811437074f99181cd743a47339c7185bc5fa,5,mean_mlp,613,0.9182692307692307,0.9615384615384616,0.9691762204142013,0.04374999999999998,0.9230769230769231,0.7644230769230769,0.8269230769230769,0.9807692307692307,120,1.1152503490447998,0.9615384615384616
bounded_validation,SCface,IoM-GRP,91843,random_key_pool_1,26,0.038461538461538464,92101,92107,4cc671ac444f4f0d9d2551ec079a90a7f7589ea1e8d61f93a6d2f1843cbadffe,02d0811437074f99181cd743a47339c7185bc5fa,5,deepsets,601,0.8846153846153846,0.9615384615384616,0.9634421227810651,0.060384615384615384,0.8365384615384616,0.6298076923076923,0.7836538461538461,0.9616586538461532,120,1.2211167812347412,0.9615384615384616
bounded_validation,SCface,IoM-GRP,91843,random_key_pool_1,26,0.038461538461538464,92101,92107,4cc671ac444f4f0d9d2551ec079a90a7f7589ea1e8d61f93a6d2f1843cbadffe,02d0811437074f99181cd743a47339c7185bc5fa,5,deepsets,607,0.8028846153846154,0.9567307692307693,0.9550804363905326,0.08644230769230771,0.7019230769230769,0.5480769230769231,0.6875,0.9038461538461539,118,1.127363920211792,0.9615384615384616
bounded_validation,SCface,IoM-GRP,91843,random_key_pool_1,26,0.038461538461538464,92101,92107,4cc671ac444f4f0d9d2551ec079a90a7f7589ea1e8d61f93a6d2f1843cbadffe,02d0811437074f99181cd743a47339c7185bc5fa,5,deepsets,613,0.7548076923076923,0.9423076923076923,0.9503328402366864,0.09721153846153845,0.6971153846153846,0.40865384615384615,0.6298076923076923,0.8605769230769231,119,1.0973131656646729,0.9615384615384616
bounded_validation,SCface,IoM-GRP,91843,random_key_pool_1,26,0.038461538461538464,92101,92107,4cc671ac444f4f0d9d2551ec079a90a7f7589ea1e8d61f93a6d2f1843cbadffe,02d0811437074f99181cd743a47339c7185bc5fa,10,mean_mlp,601,0.9375,0.9615384615384616,0.9697041420118344,0.035192307692307676,0.9230769230769231,0.7692307692307693,0.8461538461538461,1.0,119,2.2003843784332275,0.9615384615384616
bounded_validation,SCface,IoM-GRP,91843,random_key_pool_1,26,0.038461538461538464,92101,92107,4cc671ac444f4f0d9d2551ec079a90a7f7589ea1e8d61f93a6d2f1843cbadffe,02d0811437074f99181cd743a47339c7185bc5fa,10,mean_mlp,607,0.9615384615384616,0.9615384615384616,0.96942400147929,0.03567307692307691,0.9375,0.8028846153846154,0.8846153846153846,1.0,115,1.025745153427124,0.9615384615384616
bounded_validation,SCface,IoM-GRP,91843,random_key_pool_1,26,0.038461538461538464,92101,92107,4cc671ac444f4f0d9d2551ec079a90a7f7589ea1e8d61f93a6d2f1843cbadffe,02d0811437074f99181cd743a47339c7185bc5fa,10,mean_mlp,613,0.9471153846153846,0.9615384615384616,0.9685872781065088,0.02442307692307691,0.9567307692307693,0.7788461538461539,0.8557692307692307,1.0,117,0.9666073322296143,0.9615384615384616
bounded_validation,SCface,IoM-GRP,91843,random_key_pool_1,26,0.038461538461538464,92101,92107,4cc671ac444f4f0d9d2551ec079a90a7f7589ea1e8d61f93a6d2f1843cbadffe,02d0811437074f99181cd743a47339c7185bc5fa,10,deepsets,601,0.9182692307692307,0.9615384615384616,0.9614922337278107,0.04249999999999998,0.8365384615384616,0.6778846153846154,0.8221153846153846,0.9903846153846154,86,1.4854481220245361,0.9615384615384616
bounded_validation,SCface,IoM-GRP,91843,random_key_pool_1,26,0.038461538461538464,92101,92107,4cc671ac444f4f0d9d2551ec079a90a7f7589ea1e8d61f93a6d2f1843cbadffe,02d0811437074f99181cd743a47339c7185bc5fa,10,deepsets,607,0.7788461538461539,0.9375,0.9599371301775148,0.10076923076923075,0.6971153846153846,0.4951923076923077,0.6442307692307693,0.9038461538461539,90,1.5290184020996094,0.9615384615384616
bounded_validation,SCface,IoM-GRP,91843,random_key_pool_1,26,0.038461538461538464,92101,92107,4cc671ac444f4f0d9d2551ec079a90a7f7589ea1e8d61f93a6d2f1843cbadffe,02d0811437074f99181cd743a47339c7185bc5fa,10,deepsets,613,0.7692307692307693,0.9615384615384616,0.9533626109467456,0.07240384615384614,0.7067307692307693,0.4807692307692308,0.6346153846153846,0.8894230769230769,97,1.5257353782653809,0.9615384615384616
bounded_validation,MOBIO,PolyProtect,91831,random_key_pool_1,30,0.03333333333333333,92101,92107,79811860235925f29f9cad28ca974cc4f8d4b5481bd90eccf7e2316ddf6e3767,02d0811437074f99181cd743a47339c7185bc5fa,1,single_mlp,601,0.9791666666666666,1.0,0.9997389846743295,0.005675287356321832,0.9958333333333333,0.95,0.9498958333333335,1.0,120,0.8531217575073242,1.0
bounded_validation,MOBIO,PolyProtect,91831,random_key_pool_1,30,0.03333333333333333,92101,92107,79811860235925f29f9cad28ca974cc4f8d4b5481bd90eccf7e2316ddf6e3767,02d0811437074f99181cd743a47339c7185bc5fa,1,single_mlp,607,0.9916666666666667,1.0,0.9995965038314176,0.008405172413793089,0.9916666666666667,0.9,0.975,1.0,120,0.855546236038208,1.0
bounded_validation,MOBIO,PolyProtect,91831,random_key_pool_1,30,0.03333333333333333,92101,92107,79811860235925f29f9cad28ca974cc4f8d4b5481bd90eccf7e2316ddf6e3767,02d0811437074f99181cd743a47339c7185bc5fa,1,single_mlp,613,1.0,1.0,0.9997503591954022,0.008405172413793089,0.9916666666666667,0.9625,1.0,1.0,120,0.8681552410125732,1.0
bounded_validation,MOBIO,PolyProtect,91831,random_key_pool_1,30,0.03333333333333333,92101,92107,79811860235925f29f9cad28ca974cc4f8d4b5481bd90eccf7e2316ddf6e3767,02d0811437074f99181cd743a47339c7185bc5fa,2,mean_mlp,601,1.0,1.0,0.9997270114942529,0.00869252873563217,0.9916666666666667,0.925,1.0,1.0,120,0.9302654266357422,1.0
bounded_validation,MOBIO,PolyProtect,91831,random_key_pool_1,30,0.03333333333333333,92101,92107,79811860235925f29f9cad28ca974cc4f8d4b5481bd90eccf7e2316ddf6e3767,02d0811437074f99181cd743a47339c7185bc5fa,2,mean_mlp,607,0.9958333333333333,1.0,0.9997240181992336,0.005100574712643671,0.9958333333333333,0.9416666666666667,0.9875,1.0,120,0.8590435981750488,1.0
bounded_validation,MOBIO,PolyProtect,91831,random_key_pool_1,30,0.03333333333333333,92101,92107,79811860235925f29f9cad28ca974cc4f8d4b5481bd90eccf7e2316ddf6e3767,02d0811437074f99181cd743a47339c7185bc5fa,2,mean_mlp,613,1.0,1.0,0.9999233716475097,0.004166666666666659,1.0,0.975,1.0,1.0,120,0.8520169258117676,1.0
bounded_validation,MOBIO,PolyProtect,91831,random_key_pool_1,30,0.03333333333333333,92101,92107,79811860235925f29f9cad28ca974cc4f8d4b5481bd90eccf7e2316ddf6e3767,02d0811437074f99181cd743a47339c7185bc5fa,2,deepsets,601,0.7916666666666666,1.0,0.9890068247126437,0.05804597701149426,0.7375,0.5291666666666667,0.6625,0.9041666666666667,117,1.1702563762664795,1.0
bounded_validation,MOBIO,PolyProtect,91831,random_key_pool_1,30,0.03333333333333333,92101,92107,79811860235925f29f9cad28ca974cc4f8d4b5481bd90eccf7e2316ddf6e3767,02d0811437074f99181cd743a47339c7185bc5fa,2,deepsets,607,0.9416666666666667,1.0,0.9946366139846743,0.038362068965517235,0.8833333333333333,0.5416666666666666,0.8916666666666667,0.9791666666666666,119,1.1509912014007568,1.0
bounded_validation,MOBIO,PolyProtect,91831,random_key_pool_1,30,0.03333333333333333,92101,92107,79811860235925f29f9cad28ca974cc4f8d4b5481bd90eccf7e2316ddf6e3767,02d0811437074f99181cd743a47339c7185bc5fa,2,deepsets,613,0.9041666666666667,0.9958333333333333,0.995117337164751,0.0334051724137931,0.875,0.5416666666666666,0.8041666666666667,0.975,118,1.229034423828125,1.0
bounded_validation,MOBIO,PolyProtect,91831,random_key_pool_1,30,0.03333333333333333,92101,92107,79811860235925f29f9cad28ca974cc4f8d4b5481bd90eccf7e2316ddf6e3767,02d0811437074f99181cd743a47339c7185bc5fa,5,mean_mlp,601,0.9958333333333333,1.0,0.9989834770114943,0.016379310344827612,0.9666666666666667,0.825,0.9875,1.0,120,0.8921940326690674,1.0
bounded_validation,MOBIO,PolyProtect,91831,random_key_pool_1,30,0.03333333333333333,92101,92107,79811860235925f29f9cad28ca974cc4f8d4b5481bd90eccf7e2316ddf6e3767,02d0811437074f99181cd743a47339c7185bc5fa,5,mean_mlp,607,0.9916666666666667,1.0,0.9994145114942529,0.00926724137931033,0.9875,0.8333333333333334,0.9791666666666666,1.0,120,0.8499937057495117,1.0
bounded_validation,MOBIO,PolyProtect,91831,random_key_pool_1,30,0.03333333333333333,92101,92107,79811860235925f29f9cad28ca974cc4f8d4b5481bd90eccf7e2316ddf6e3767,02d0811437074f99181cd743a47339c7185bc5fa,5,mean_mlp,613,1.0,1.0,0.9997491618773946,0.004238505747126429,1.0,0.925,1.0,1.0,120,0.8215236663818359,1.0
bounded_validation,MOBIO,PolyProtect,91831,random_key_pool_1,30,0.03333333333333333,92101,92107,79811860235925f29f9cad28ca974cc4f8d4b5481bd90eccf7e2316ddf6e3767,02d0811437074f99181cd743a47339c7185bc5fa,5,deepsets,601,0.75,1.0,0.9908075909961686,0.05043103448275864,0.7125,0.5125,0.6,0.8875,119,1.1244075298309326,1.0
bounded_validation,MOBIO,PolyProtect,91831,random_key_pool_1,30,0.03333333333333333,92101,92107,79811860235925f29f9cad28ca974cc4f8d4b5481bd90eccf7e2316ddf6e3767,02d0811437074f99181cd743a47339c7185bc5fa,5,deepsets,607,0.9,1.0,0.9966014128352491,0.02938218390804598,0.8875,0.5916666666666667,0.8166666666666667,0.9708333333333333,120,1.3717033863067627,1.0
bounded_validation,MOBIO,PolyProtect,91831,random_key_pool_1,30,0.03333333333333333,92101,92107,79811860235925f29f9cad28ca974cc4f8d4b5481bd90eccf7e2316ddf6e3767,02d0811437074f99181cd743a47339c7185bc5fa,5,deepsets,613,0.8833333333333333,1.0,0.989250478927203,0.037428160919540224,0.8958333333333334,0.2625,0.75,0.9833333333333333,120,1.328688144683838,1.0
bounded_validation,MOBIO,PolyProtect,91831,random_key_pool_1,30,0.03333333333333333,92101,92107,79811860235925f29f9cad28ca974cc4f8d4b5481bd90eccf7e2316ddf6e3767,02d0811437074f99181cd743a47339c7185bc5fa,10,mean_mlp,601,0.9791666666666666,1.0,0.9955735153256705,0.043031609195402276,0.8958333333333334,0.7375,0.9458333333333333,1.0,120,1.0033330917358398,1.0
bounded_validation,MOBIO,PolyProtect,91831,random_key_pool_1,30,0.03333333333333333,92101,92107,79811860235925f29f9cad28ca974cc4f8d4b5481bd90eccf7e2316ddf6e3767,02d0811437074f99181cd743a47339c7185bc5fa,10,mean_mlp,607,0.9166666666666666,1.0,0.9965283764367816,0.02974137931034483,0.8375,0.7875,0.8166666666666667,1.0,120,0.8787243366241455,1.0
bounded_validation,MOBIO,PolyProtect,91831,random_key_pool_1,30,0.03333333333333333,92101,92107,79811860235925f29f9cad28ca974cc4f8d4b5481bd90eccf7e2316ddf6e3767,02d0811437074f99181cd743a47339c7185bc5fa,10,mean_mlp,613,0.9625,1.0,0.998547653256705,0.01939655172413795,0.9333333333333333,0.7,0.8916666666666667,1.0,120,0.8894243240356445,1.0
bounded_validation,MOBIO,PolyProtect,91831,random_key_pool_1,30,0.03333333333333333,92101,92107,79811860235925f29f9cad28ca974cc4f8d4b5481bd90eccf7e2316ddf6e3767,02d0811437074f99181cd743a47339c7185bc5fa,10,deepsets,601,0.6791666666666667,0.9875,0.9813517720306513,0.0732758620689655,0.6291666666666667,0.3,0.5083333333333333,0.8333333333333334,60,0.8770380020141602,1.0
bounded_validation,MOBIO,PolyProtect,91831,random_key_pool_1,30,0.03333333333333333,92101,92107,79811860235925f29f9cad28ca974cc4f8d4b5481bd90eccf7e2316ddf6e3767,02d0811437074f99181cd743a47339c7185bc5fa,10,deepsets,607,0.8291666666666667,1.0,0.9917492816091954,0.053448275862068975,0.7833333333333333,0.30833333333333335,0.6916666666666667,0.9376041666666661,119,1.1778793334960938,1.0
bounded_validation,MOBIO,PolyProtect,91831,random_key_pool_1,30,0.03333333333333333,92101,92107,79811860235925f29f9cad28ca974cc4f8d4b5481bd90eccf7e2316ddf6e3767,02d0811437074f99181cd743a47339c7185bc5fa,10,deepsets,613,0.8666666666666667,1.0,0.9930405890804598,0.036709770114942517,0.9083333333333333,0.4083333333333333,0.7333333333333333,0.9666666666666667,61,0.9178340435028076,1.0
bounded_validation,SCface,PolyProtect,91831,random_key_pool_1,26,0.038461538461538464,92101,92107,a3fac9d7ef380edd360c66e3eca3eaac415945f7d9f494aae349f3ae2fd605e5,02d0811437074f99181cd743a47339c7185bc5fa,1,single_mlp,601,0.6298076923076923,0.8413461538461539,0.9114312130177515,0.1633653846153846,0.5192307692307693,0.35096153846153844,0.5288461538461539,0.7163461538461539,118,0.8895087242126465,0.8317307692307693
bounded_validation,SCface,PolyProtect,91831,random_key_pool_1,26,0.038461538461538464,92101,92107,a3fac9d7ef380edd360c66e3eca3eaac415945f7d9f494aae349f3ae2fd605e5,02d0811437074f99181cd743a47339c7185bc5fa,1,single_mlp,607,0.5913461538461539,0.8557692307692307,0.9151904585798817,0.1681730769230769,0.5192307692307693,0.3557692307692308,0.49026442307692325,0.6923076923076923,120,0.8831572532653809,0.8317307692307693
bounded_validation,SCface,PolyProtect,91831,random_key_pool_1,26,0.038461538461538464,92101,92107,a3fac9d7ef380edd360c66e3eca3eaac415945f7d9f494aae349f3ae2fd605e5,02d0811437074f99181cd743a47339c7185bc5fa,1,single_mlp,613,0.5817307692307693,0.8461538461538461,0.9173326553254438,0.16307692307692306,0.4855769230769231,0.3605769230769231,0.47596153846153844,0.6875,120,0.8733170032501221,0.8317307692307693
bounded_validation,SCface,PolyProtect,91831,random_key_pool_1,26,0.038461538461538464,92101,92107,a3fac9d7ef380edd360c66e3eca3eaac415945f7d9f494aae349f3ae2fd605e5,02d0811437074f99181cd743a47339c7185bc5fa,2,mean_mlp,601,0.7788461538461539,0.9375,0.9576747411242603,0.10163461538461538,0.7355769230769231,0.4423076923076923,0.6586538461538461,0.8798076923076923,120,0.9080467224121094,0.9134615384615384
bounded_validation,SCface,PolyProtect,91831,random_key_pool_1,26,0.038461538461538464,92101,92107,a3fac9d7ef380edd360c66e3eca3eaac415945f7d9f494aae349f3ae2fd605e5,02d0811437074f99181cd743a47339c7185bc5fa,2,mean_mlp,607,0.7596153846153846,0.9278846153846154,0.955207100591716,0.09173076923076923,0.7211538461538461,0.41346153846153844,0.6538461538461539,0.8509615384615384,120,0.876610279083252,0.9134615384615384
bounded_validation,SCface,PolyProtect,91831,random_key_pool_1,26,0.038461538461538464,92101,92107,a3fac9d7ef380edd360c66e3eca3eaac415945f7d9f494aae349f3ae2fd605e5,02d0811437074f99181cd743a47339c7185bc5fa,2,mean_mlp,613,0.7836538461538461,0.9423076923076923,0.9536094674556214,0.08201923076923079,0.7211538461538461,0.46153846153846156,0.6778846153846154,0.8701923076923077,120,0.8721680641174316,0.9134615384615384
bounded_validation,SCface,PolyProtect,91831,random_key_pool_1,26,0.038461538461538464,92101,92107,a3fac9d7ef380edd360c66e3eca3eaac415945f7d9f494aae349f3ae2fd605e5,02d0811437074f99181cd743a47339c7185bc5fa,2,deepsets,601,0.6105769230769231,0.9182692307692307,0.9390745192307693,0.12125000000000001,0.4951923076923077,0.23076923076923078,0.47115384615384615,0.7355769230769231,119,1.1794161796569824,0.9134615384615384
bounded_validation,SCface,PolyProtect,91831,random_key_pool_1,26,0.038461538461538464,92101,92107,a3fac9d7ef380edd360c66e3eca3eaac415945f7d9f494aae349f3ae2fd605e5,02d0811437074f99181cd743a47339c7185bc5fa,2,deepsets,607,0.6730769230769231,0.9086538461538461,0.9371264792899408,0.12365384615384616,0.5336538461538461,0.3605769230769231,0.5576923076923077,0.7788461538461539,118,1.1415765285491943,0.9134615384615384
bounded_validation,SCface,PolyProtect,91831,random_key_pool_1,26,0.038461538461538464,92101,92107,a3fac9d7ef380edd360c66e3eca3eaac415945f7d9f494aae349f3ae2fd605e5,02d0811437074f99181cd743a47339c7185bc5fa,2,deepsets,613,0.6394230769230769,0.9038461538461539,0.9467030325443786,0.1143269230769231,0.5480769230769231,0.28365384615384615,0.5144230769230769,0.7596153846153846,118,1.1053617000579834,0.9134615384615384
bounded_validation,SCface,PolyProtect,91831,random_key_pool_1,26,0.038461538461538464,92101,92107,a3fac9d7ef380edd360c66e3eca3eaac415945f7d9f494aae349f3ae2fd605e5,02d0811437074f99181cd743a47339c7185bc5fa,5,mean_mlp,601,0.7932692307692307,0.9278846153846154,0.9562398298816567,0.08634615384615385,0.7451923076923077,0.5721153846153846,0.658533653846154,0.9086538461538461,120,1.0051069259643555,0.9230769230769231
bounded_validation,SCface,PolyProtect,91831,random_key_pool_1,26,0.038461538461538464,92101,92107,a3fac9d7ef380edd360c66e3eca3eaac415945f7d9f494aae349f3ae2fd605e5,02d0811437074f99181cd743a47339c7185bc5fa,5,mean_mlp,607,0.7548076923076923,0.9182692307692307,0.954738350591716,0.09307692307692308,0.7163461538461539,0.5048076923076923,0.625,0.875,120,0.9197094440460205,0.9230769230769231
bounded_validation,SCface,PolyProtect,91831,random_key_pool_1,26,0.038461538461538464,92101,92107,a3fac9d7ef380edd360c66e3eca3eaac415945f7d9f494aae349f3ae2fd605e5,02d0811437074f99181cd743a47339c7185bc5fa,5,mean_mlp,613,0.7980769230769231,0.9134615384615384,0.9597374260355029,0.09173076923076923,0.7644230769230769,0.5,0.6681490384615386,0.9086538461538461,120,0.8966600894927979,0.9230769230769231
bounded_validation,SCface,PolyProtect,91831,random_key_pool_1,26,0.038461538461538464,92101,92107,a3fac9d7ef380edd360c66e3eca3eaac415945f7d9f494aae349f3ae2fd605e5,02d0811437074f99181cd743a47339c7185bc5fa,5,deepsets,601,0.6201923076923077,0.9038461538461539,0.9387943786982248,0.11259615384615387,0.46634615384615385,0.23557692307692307,0.46141826923076945,0.7740384615384616,120,1.0901708602905273,0.9230769230769231
bounded_validation,SCface,PolyProtect,91831,random_key_pool_1,26,0.038461538461538464,92101,92107,a3fac9d7ef380edd360c66e3eca3eaac415945f7d9f494aae349f3ae2fd605e5,02d0811437074f99181cd743a47339c7185bc5fa,5,deepsets,607,0.6346153846153846,0.9134615384615384,0.943959874260355,0.11500000000000002,0.4807692307692308,0.3557692307692308,0.49026442307692325,0.7693509615384609,120,1.2133572101593018,0.9230769230769231
bounded_validation,SCface,PolyProtect,91831,random_key_pool_1,26,0.038461538461538464,92101,92107,a3fac9d7ef380edd360c66e3eca3eaac415945f7d9f494aae349f3ae2fd605e5,02d0811437074f99181cd743a47339c7185bc5fa,5,deepsets,613,0.6442307692307693,0.9086538461538461,0.9493333949704141,0.09634615384615385,0.5961538461538461,0.27884615384615385,0.4807692307692308,0.7980769230769231,116,1.1971335411071777,0.9230769230769231
bounded_validation,SCface,PolyProtect,91831,random_key_pool_1,26,0.038461538461538464,92101,92107,a3fac9d7ef380edd360c66e3eca3eaac415945f7d9f494aae349f3ae2fd605e5,02d0811437074f99181cd743a47339c7185bc5fa,10,mean_mlp,601,0.7884615384615384,0.9230769230769231,0.958124075443787,0.08576923076923079,0.7307692307692307,0.5048076923076923,0.6296875000000002,0.9230769230769231,120,0.9072763919830322,0.9230769230769231
bounded_validation,SCface,PolyProtect,91831,random_key_pool_1,26,0.038461538461538464,92101,92107,a3fac9d7ef380edd360c66e3eca3eaac415945f7d9f494aae349f3ae2fd605e5,02d0811437074f99181cd743a47339c7185bc5fa,10,mean_mlp,607,0.7019230769230769,0.9230769230769231,0.9568463387573966,0.08413461538461539,0.6730769230769231,0.4326923076923077,0.5480769230769231,0.8461538461538461,120,0.8748693466186523,0.9230769230769231
bounded_validation,SCface,PolyProtect,91831,random_key_pool_1,26,0.038461538461538464,92101,92107,a3fac9d7ef380edd360c66e3eca3eaac415945f7d9f494aae349f3ae2fd605e5,02d0811437074f99181cd743a47339c7185bc5fa,10,mean_mlp,613,0.7884615384615384,0.9278846153846154,0.9627015532544378,0.10076923076923075,0.7644230769230769,0.5144230769230769,0.6346153846153846,0.9134615384615384,120,0.8775637149810791,0.9230769230769231
bounded_validation,SCface,PolyProtect,91831,random_key_pool_1,26,0.038461538461538464,92101,92107,a3fac9d7ef380edd360c66e3eca3eaac415945f7d9f494aae349f3ae2fd605e5,02d0811437074f99181cd743a47339c7185bc5fa,10,deepsets,601,0.5336538461538461,0.8846153846153846,0.9336760355029586,0.1069230769230769,0.4230769230769231,0.2644230769230769,0.3605769230769231,0.7019230769230769,109,1.137803554534912,0.9230769230769231
bounded_validation,SCface,PolyProtect,91831,random_key_pool_1,26,0.038461538461538464,92101,92107,a3fac9d7ef380edd360c66e3eca3eaac415945f7d9f494aae349f3ae2fd605e5,02d0811437074f99181cd743a47339c7185bc5fa,10,deepsets,607,0.6201923076923077,0.8942307692307693,0.9524214127218935,0.1143269230769231,0.4855769230769231,0.3798076923076923,0.4567307692307692,0.7836538461538461,120,1.159245491027832,0.9230769230769231
bounded_validation,SCface,PolyProtect,91831,random_key_pool_1,26,0.038461538461538464,92101,92107,a3fac9d7ef380edd360c66e3eca3eaac415945f7d9f494aae349f3ae2fd605e5,02d0811437074f99181cd743a47339c7185bc5fa,10,deepsets,613,0.6682692307692307,0.9182692307692307,0.9495478920118342,0.12115384615384617,0.5144230769230769,0.35096153846153844,0.4951923076923077,0.8317307692307693,120,1.24822998046875,0.9230769230769231
bounded_validation,MOBIO,PolyProtect,91843,random_key_pool_1,30,0.03333333333333333,92101,92107,8ff545675a984e3dad866c950b509f4d5b760669b54e48fff92f176ecd762ba8,02d0811437074f99181cd743a47339c7185bc5fa,1,single_mlp,601,0.9916666666666667,1.0,0.9981896551724138,0.025000000000000012,0.9666666666666667,0.8541666666666666,0.9791666666666666,1.0,120,0.9248969554901123,1.0
bounded_validation,MOBIO,PolyProtect,91843,random_key_pool_1,30,0.03333333333333333,92101,92107,8ff545675a984e3dad866c950b509f4d5b760669b54e48fff92f176ecd762ba8,02d0811437074f99181cd743a47339c7185bc5fa,1,single_mlp,607,0.9833333333333333,0.9958333333333333,0.9983045977011493,0.011781609195402276,0.9833333333333333,0.8041666666666667,0.9666666666666667,0.9958333333333333,120,0.8899972438812256,1.0
bounded_validation,MOBIO,PolyProtect,91843,random_key_pool_1,30,0.03333333333333333,92101,92107,8ff545675a984e3dad866c950b509f4d5b760669b54e48fff92f176ecd762ba8,02d0811437074f99181cd743a47339c7185bc5fa,1,single_mlp,613,0.9791666666666666,0.9958333333333333,0.9976023706896552,0.024856321839080472,0.9375,0.8833333333333333,0.9458333333333333,1.0,120,0.8586957454681396,1.0
bounded_validation,MOBIO,PolyProtect,91843,random_key_pool_1,30,0.03333333333333333,92101,92107,8ff545675a984e3dad866c950b509f4d5b760669b54e48fff92f176ecd762ba8,02d0811437074f99181cd743a47339c7185bc5fa,2,mean_mlp,601,0.9958333333333333,1.0,0.9991391283524904,0.01300287356321837,0.975,0.7958333333333333,0.9875,1.0,120,0.8890018463134766,1.0
bounded_validation,MOBIO,PolyProtect,91843,random_key_pool_1,30,0.03333333333333333,92101,92107,8ff545675a984e3dad866c950b509f4d5b760669b54e48fff92f176ecd762ba8,02d0811437074f99181cd743a47339c7185bc5fa,2,mean_mlp,607,0.9958333333333333,1.0,0.999005627394636,0.011925287356321817,0.9875,0.6708333333333333,0.9875,1.0,120,0.9027864933013916,1.0
bounded_validation,MOBIO,PolyProtect,91843,random_key_pool_1,30,0.03333333333333333,92101,92107,8ff545675a984e3dad866c950b509f4d5b760669b54e48fff92f176ecd762ba8,02d0811437074f99181cd743a47339c7185bc5fa,2,mean_mlp,613,0.9875,1.0,0.9993540469348658,0.012571839080459748,0.9833333333333333,0.8708333333333333,0.9666666666666667,1.0,120,0.864328145980835,1.0
bounded_validation,MOBIO,PolyProtect,91843,random_key_pool_1,30,0.03333333333333333,92101,92107,8ff545675a984e3dad866c950b509f4d5b760669b54e48fff92f176ecd762ba8,02d0811437074f99181cd743a47339c7185bc5fa,2,deepsets,601,0.9125,0.9958333333333333,0.9932914272030651,0.03814655172413792,0.8583333333333333,0.6791666666666667,0.8291666666666667,0.9791666666666666,119,1.1168148517608643,1.0
bounded_validation,MOBIO,PolyProtect,91843,random_key_pool_1,30,0.03333333333333333,92101,92107,8ff545675a984e3dad866c950b509f4d5b760669b54e48fff92f176ecd762ba8,02d0811437074f99181cd743a47339c7185bc5fa,2,deepsets,607,0.8833333333333333,0.9625,0.98394216954023,0.05423850574712645,0.8125,0.44166666666666665,0.7666666666666667,0.9833333333333333,120,1.1994600296020508,1.0
bounded_validation,MOBIO,PolyProtect,91843,random_key_pool_1,30,0.03333333333333333,92101,92107,8ff545675a984e3dad866c950b509f4d5b760669b54e48fff92f176ecd762ba8,02d0811437074f99181cd743a47339c7185bc5fa,2,deepsets,613,0.9208333333333333,1.0,0.99371408045977,0.041666666666666644,0.8458333333333333,0.7583333333333333,0.8416666666666667,0.9833333333333333,120,1.135939359664917,1.0
bounded_validation,MOBIO,PolyProtect,91843,random_key_pool_1,30,0.03333333333333333,92101,92107,8ff545675a984e3dad866c950b509f4d5b760669b54e48fff92f176ecd762ba8,02d0811437074f99181cd743a47339c7185bc5fa,5,mean_mlp,601,0.9708333333333333,1.0,0.9977915469348658,0.02521551724137932,0.9291666666666667,0.8,0.9166666666666666,1.0,120,0.9018104076385498,1.0
bounded_validation,MOBIO,PolyProtect,91843,random_key_pool_1,30,0.03333333333333333,92101,92107,8ff545675a984e3dad866c950b509f4d5b760669b54e48fff92f176ecd762ba8,02d0811437074f99181cd743a47339c7185bc5fa,5,mean_mlp,607,0.9833333333333333,1.0,0.9979663553639847,0.017313218390804623,0.925,0.6125,0.9625,1.0,120,0.9072144031524658,1.0
bounded_validation,MOBIO,PolyProtect,91843,random_key_pool_1,30,0.03333333333333333,92101,92107,8ff545675a984e3dad866c950b509f4d5b760669b54e48fff92f176ecd762ba8,02d0811437074f99181cd743a47339c7185bc5fa,5,mean_mlp,613,0.9916666666666667,1.0,0.9994222940613027,0.008045977011494239,1.0,0.7791666666666667,0.975,1.0,120,0.8422672748565674,1.0
bounded_validation,MOBIO,PolyProtect,91843,random_key_pool_1,30,0.03333333333333333,92101,92107,8ff545675a984e3dad866c950b509f4d5b760669b54e48fff92f176ecd762ba8,02d0811437074f99181cd743a47339c7185bc5fa,5,deepsets,601,0.8791666666666667,1.0,0.9940954262452107,0.03785919540229884,0.8,0.6125,0.7665625000000003,0.975,120,1.2250237464904785,1.0
bounded_validation,MOBIO,PolyProtect,91843,random_key_pool_1,30,0.03333333333333333,92101,92107,8ff545675a984e3dad866c950b509f4d5b760669b54e48fff92f176ecd762ba8,02d0811437074f99181cd743a47339c7185bc5fa,5,deepsets,607,0.875,0.9625,0.985749521072797,0.06702586206896552,0.7833333333333333,0.3625,0.7583333333333333,0.975,120,1.1785314083099365,1.0
bounded_validation,MOBIO,PolyProtect,91843,random_key_pool_1,30,0.03333333333333333,92101,92107,8ff545675a984e3dad866c950b509f4d5b760669b54e48fff92f176ecd762ba8,02d0811437074f99181cd743a47339c7185bc5fa,5,deepsets,613,0.9,1.0,0.9950598659003831,0.04008620689655171,0.85,0.7125,0.8041666666666667,0.975,120,1.2348589897155762,1.0
bounded_validation,MOBIO,PolyProtect,91843,random_key_pool_1,30,0.03333333333333333,92101,92107,8ff545675a984e3dad866c950b509f4d5b760669b54e48fff92f176ecd762ba8,02d0811437074f99181cd743a47339c7185bc5fa,10,mean_mlp,601,0.9333333333333333,1.0,0.993334530651341,0.04604885057471261,0.8125,0.7125,0.8333333333333334,1.0,120,0.8692915439605713,1.0
bounded_validation,MOBIO,PolyProtect,91843,random_key_pool_1,30,0.03333333333333333,92101,92107,8ff545675a984e3dad866c950b509f4d5b760669b54e48fff92f176ecd762ba8,02d0811437074f99181cd743a47339c7185bc5fa,10,mean_mlp,607,0.8833333333333333,1.0,0.9891068007662835,0.06379310344827585,0.7333333333333333,0.5083333333333333,0.7666666666666667,0.9833333333333333,120,0.9488463401794434,1.0
bounded_validation,MOBIO,PolyProtect,91843,random_key_pool_1,30,0.03333333333333333,92101,92107,8ff545675a984e3dad866c950b509f4d5b760669b54e48fff92f176ecd762ba8,02d0811437074f99181cd743a47339c7185bc5fa,10,mean_mlp,613,0.9666666666666667,1.0,0.9988056752873564,0.00869252873563217,0.9916666666666667,0.4791666666666667,0.9,1.0,120,0.9008128643035889,1.0
bounded_validation,MOBIO,PolyProtect,91843,random_key_pool_1,30,0.03333333333333333,92101,92107,8ff545675a984e3dad866c950b509f4d5b760669b54e48fff92f176ecd762ba8,02d0811437074f99181cd743a47339c7185bc5fa,10,deepsets,601,0.8,1.0,0.9890283764367815,0.04978448275862071,0.7416666666666667,0.6291666666666667,0.6625,0.9333333333333333,67,0.8915660381317139,1.0
bounded_validation,MOBIO,PolyProtect,91843,random_key_pool_1,30,0.03333333333333333,92101,92107,8ff545675a984e3dad866c950b509f4d5b760669b54e48fff92f176ecd762ba8,02d0811437074f99181cd743a47339c7185bc5fa,10,deepsets,607,0.8416666666666667,0.95,0.9758572796934867,0.08211206896551726,0.7,0.1875,0.7,0.9666666666666667,120,1.1820604801177979,1.0
bounded_validation,MOBIO,PolyProtect,91843,random_key_pool_1,30,0.03333333333333333,92101,92107,8ff545675a984e3dad866c950b509f4d5b760669b54e48fff92f176ecd762ba8,02d0811437074f99181cd743a47339c7185bc5fa,10,deepsets,613,0.8041666666666667,0.9666666666666667,0.9857159961685824,0.06659482758620688,0.8,0.625,0.6416666666666667,0.9375,76,1.0275051593780518,1.0
bounded_validation,SCface,PolyProtect,91843,random_key_pool_1,26,0.038461538461538464,92101,92107,11ef25aad6557f27350fb6bcf408de6c27486cbdc688992e11eb36e80f52f504,02d0811437074f99181cd743a47339c7185bc5fa,1,single_mlp,601,0.6346153846153846,0.8557692307692307,0.9253272928994083,0.1439423076923077,0.5576923076923077,0.39903846153846156,0.5336538461538461,0.7211538461538461,120,0.885547399520874,0.9134615384615384
bounded_validation,SCface,PolyProtect,91843,random_key_pool_1,26,0.038461538461538464,92101,92107,11ef25aad6557f27350fb6bcf408de6c27486cbdc688992e11eb36e80f52f504,02d0811437074f99181cd743a47339c7185bc5fa,1,single_mlp,607,0.6875,0.8942307692307693,0.9395737795857988,0.14490384615384616,0.6153846153846154,0.4567307692307692,0.5769230769230769,0.7884615384615384,120,0.8503284454345703,0.9134615384615384
bounded_validation,SCface,PolyProtect,91843,random_key_pool_1,26,0.038461538461538464,92101,92107,11ef25aad6557f27350fb6bcf408de6c27486cbdc688992e11eb36e80f52f504,02d0811437074f99181cd743a47339c7185bc5fa,1,single_mlp,613,0.6442307692307693,0.875,0.9205824704142012,0.15923076923076923,0.5576923076923077,0.35096153846153844,0.5528846153846154,0.7307692307692307,120,0.8590960502624512,0.9134615384615384
bounded_validation,SCface,PolyProtect,91843,random_key_pool_1,26,0.038461538461538464,92101,92107,11ef25aad6557f27350fb6bcf408de6c27486cbdc688992e11eb36e80f52f504,02d0811437074f99181cd743a47339c7185bc5fa,2,mean_mlp,601,0.7980769230769231,0.9326923076923077,0.9452829142011836,0.11096153846153849,0.7403846153846154,0.47596153846153844,0.6875,0.8846153846153846,120,0.8546116352081299,0.9519230769230769
bounded_validation,SCface,PolyProtect,91843,random_key_pool_1,26,0.038461538461538464,92101,92107,11ef25aad6557f27350fb6bcf408de6c27486cbdc688992e11eb36e80f52f504,02d0811437074f99181cd743a47339c7185bc5fa,2,mean_mlp,607,0.7836538461538461,0.9423076923076923,0.9595173816568047,0.09221153846153846,0.7163461538461539,0.5673076923076923,0.6826923076923077,0.8653846153846154,120,0.9292404651641846,0.9519230769230769
bounded_validation,SCface,PolyProtect,91843,random_key_pool_1,26,0.038461538461538464,92101,92107,11ef25aad6557f27350fb6bcf408de6c27486cbdc688992e11eb36e80f52f504,02d0811437074f99181cd743a47339c7185bc5fa,2,mean_mlp,613,0.7692307692307693,0.9086538461538461,0.9446874999999999,0.1153846153846154,0.7355769230769231,0.5673076923076923,0.672956730769231,0.8557692307692307,120,0.9827907085418701,0.9519230769230769
bounded_validation,SCface,PolyProtect,91843,random_key_pool_1,26,0.038461538461538464,92101,92107,11ef25aad6557f27350fb6bcf408de6c27486cbdc688992e11eb36e80f52f504,02d0811437074f99181cd743a47339c7185bc5fa,2,deepsets,601,0.6730769230769231,0.9038461538461539,0.9354280695266273,0.11596153846153848,0.5817307692307693,0.3317307692307692,0.5625,0.7692307692307693,120,1.2057859897613525,0.9519230769230769
bounded_validation,SCface,PolyProtect,91843,random_key_pool_1,26,0.038461538461538464,92101,92107,11ef25aad6557f27350fb6bcf408de6c27486cbdc688992e11eb36e80f52f504,02d0811437074f99181cd743a47339c7185bc5fa,2,deepsets,607,0.6442307692307693,0.8990384615384616,0.9372586908284024,0.13519230769230767,0.6009615384615384,0.38461538461538464,0.5240384615384616,0.75,120,1.186429738998413,0.9519230769230769
bounded_validation,SCface,PolyProtect,91843,random_key_pool_1,26,0.038461538461538464,92101,92107,11ef25aad6557f27350fb6bcf408de6c27486cbdc688992e11eb36e80f52f504,02d0811437074f99181cd743a47339c7185bc5fa,2,deepsets,613,0.6826923076923077,0.9182692307692307,0.9364395340236686,0.12596153846153846,0.5721153846153846,0.4326923076923077,0.5673076923076923,0.7932692307692307,116,1.1147160530090332,0.9519230769230769
bounded_validation,SCface,PolyProtect,91843,random_key_pool_1,26,0.038461538461538464,92101,92107,11ef25aad6557f27350fb6bcf408de6c27486cbdc688992e11eb36e80f52f504,02d0811437074f99181cd743a47339c7185bc5fa,5,mean_mlp,601,0.8846153846153846,0.9519230769230769,0.9635114644970415,0.0671153846153846,0.8221153846153846,0.4807692307692308,0.7788461538461539,0.9615384615384616,120,0.8894369602203369,0.9615384615384616
bounded_validation,SCface,PolyProtect,91843,random_key_pool_1,26,0.038461538461538464,92101,92107,11ef25aad6557f27350fb6bcf408de6c27486cbdc688992e11eb36e80f52f504,02d0811437074f99181cd743a47339c7185bc5fa,5,mean_mlp,607,0.8894230769230769,0.9615384615384616,0.973117603550296,0.058365384615384625,0.8365384615384616,0.7211538461538461,0.7884615384615384,0.9663461538461539,120,0.9260601997375488,0.9615384615384616
bounded_validation,SCface,PolyProtect,91843,random_key_pool_1,26,0.038461538461538464,92101,92107,11ef25aad6557f27350fb6bcf408de6c27486cbdc688992e11eb36e80f52f504,02d0811437074f99181cd743a47339c7185bc5fa,5,mean_mlp,613,0.8798076923076923,0.9567307692307693,0.966879622781065,0.0671153846153846,0.8173076923076923,0.6490384615384616,0.7836538461538461,0.9519230769230769,120,0.900728702545166,0.9615384615384616
bounded_validation,SCface,PolyProtect,91843,random_key_pool_1,26,0.038461538461538464,92101,92107,11ef25aad6557f27350fb6bcf408de6c27486cbdc688992e11eb36e80f52f504,02d0811437074f99181cd743a47339c7185bc5fa,5,deepsets,601,0.8076923076923077,0.9278846153846154,0.9563803624260355,0.09028846153846154,0.7067307692307693,0.46634615384615385,0.6875,0.8990384615384616,120,1.1728582382202148,0.9615384615384616
bounded_validation,SCface,PolyProtect,91843,random_key_pool_1,26,0.038461538461538464,92101,92107,11ef25aad6557f27350fb6bcf408de6c27486cbdc688992e11eb36e80f52f504,02d0811437074f99181cd743a47339c7185bc5fa,5,deepsets,607,0.7115384615384616,0.9230769230769231,0.9571551405325444,0.09557692307692307,0.625,0.2644230769230769,0.5625,0.8414663461538455,119,1.2773361206054688,0.9615384615384616
bounded_validation,SCface,PolyProtect,91843,random_key_pool_1,26,0.038461538461538464,92101,92107,11ef25aad6557f27350fb6bcf408de6c27486cbdc688992e11eb36e80f52f504,02d0811437074f99181cd743a47339c7185bc5fa,5,deepsets,613,0.8269230769230769,0.9423076923076923,0.9670811760355029,0.0816346153846154,0.7644230769230769,0.5384615384615384,0.7067307692307693,0.9230769230769231,118,1.2732200622558594,0.9615384615384616
bounded_validation,SCface,PolyProtect,91843,random_key_pool_1,26,0.038461538461538464,92101,92107,11ef25aad6557f27350fb6bcf408de6c27486cbdc688992e11eb36e80f52f504,02d0811437074f99181cd743a47339c7185bc5fa,10,mean_mlp,601,0.8846153846153846,0.9615384615384616,0.9613304363905326,0.05701923076923078,0.8125,0.5048076923076923,0.75,0.9903846153846154,120,0.8708205223083496,0.9615384615384616
bounded_validation,SCface,PolyProtect,91843,random_key_pool_1,26,0.038461538461538464,92101,92107,11ef25aad6557f27350fb6bcf408de6c27486cbdc688992e11eb36e80f52f504,02d0811437074f99181cd743a47339c7185bc5fa,10,mean_mlp,607,0.8894230769230769,0.9615384615384616,0.9804178994082839,0.03605769230769229,0.8269230769230769,0.5432692307692307,0.7836538461538461,0.9759615384615384,120,0.8854846954345703,0.9615384615384616
bounded_validation,SCface,PolyProtect,91843,random_key_pool_1,26,0.038461538461538464,92101,92107,11ef25aad6557f27350fb6bcf408de6c27486cbdc688992e11eb36e80f52f504,02d0811437074f99181cd743a47339c7185bc5fa,10,mean_mlp,613,0.8269230769230769,0.9615384615384616,0.976090976331361,0.05701923076923078,0.7596153846153846,0.6346153846153846,0.7115384615384616,0.9326923076923077,120,0.848989725112915,0.9615384615384616
bounded_validation,SCface,PolyProtect,91843,random_key_pool_1,26,0.038461538461538464,92101,92107,11ef25aad6557f27350fb6bcf408de6c27486cbdc688992e11eb36e80f52f504,02d0811437074f99181cd743a47339c7185bc5fa,10,deepsets,601,0.8701923076923077,0.9375,0.9636085428994082,0.07201923076923075,0.7211538461538461,0.6778846153846154,0.7451923076923077,0.9663461538461539,117,1.2387878894805908,0.9615384615384616
bounded_validation,SCface,PolyProtect,91843,random_key_pool_1,26,0.038461538461538464,92101,92107,11ef25aad6557f27350fb6bcf408de6c27486cbdc688992e11eb36e80f52f504,02d0811437074f99181cd743a47339c7185bc5fa,10,deepsets,607,0.7403846153846154,0.9278846153846154,0.9683570636094674,0.09096153846153847,0.7019230769230769,0.3317307692307692,0.5817307692307693,0.8894230769230769,120,1.1945781707763672,0.9615384615384616
bounded_validation,SCface,PolyProtect,91843,random_key_pool_1,26,0.038461538461538464,92101,92107,11ef25aad6557f27350fb6bcf408de6c27486cbdc688992e11eb36e80f52f504,02d0811437074f99181cd743a47339c7185bc5fa,10,deepsets,613,0.8317307692307693,0.9615384615384616,0.9688637204142012,0.06740384615384615,0.7932692307692307,0.6586538461538461,0.6923076923076923,0.9471153846153846,120,1.228435754776001,0.9615384615384616
bounded_validation,MOBIO,IoM-GRP,91831,random_key_pool_4,30,0.03333333333333333,92101,92107,43f8d7c138f35aef0f2e50c49aadf8aed7849044b7683b49fc969da30f85db05,02d0811437074f99181cd743a47339c7185bc5fa,1,single_mlp,601,0.6166666666666667,0.8791666666666667,0.9481645114942528,0.13836206896551723,0.49166666666666664,0.225,0.5333333333333333,0.7041666666666667,119,0.9384417533874512,1.0
bounded_validation,MOBIO,IoM-GRP,91831,random_key_pool_4,30,0.03333333333333333,92101,92107,43f8d7c138f35aef0f2e50c49aadf8aed7849044b7683b49fc969da30f85db05,02d0811437074f99181cd743a47339c7185bc5fa,1,single_mlp,607,0.5333333333333333,0.8958333333333334,0.9401233237547892,0.1280890804597701,0.43333333333333335,0.14583333333333334,0.4583333333333333,0.6083333333333333,119,0.9206318855285645,1.0
bounded_validation,MOBIO,IoM-GRP,91831,random_key_pool_4,30,0.03333333333333333,92101,92107,43f8d7c138f35aef0f2e50c49aadf8aed7849044b7683b49fc969da30f85db05,02d0811437074f99181cd743a47339c7185bc5fa,1,single_mlp,613,0.6125,0.9083333333333333,0.9531244013409961,0.116882183908046,0.5125,0.2375,0.5208333333333334,0.7083333333333334,118,0.9159154891967773,1.0
bounded_validation,MOBIO,IoM-GRP,91831,random_key_pool_4,30,0.03333333333333333,92101,92107,43f8d7c138f35aef0f2e50c49aadf8aed7849044b7683b49fc969da30f85db05,02d0811437074f99181cd743a47339c7185bc5fa,2,mean_mlp,601,0.8125,0.9708333333333333,0.9783243534482758,0.08728448275862069,0.6958333333333333,0.4,0.7291666666666666,0.8875,112,0.9220600128173828,1.0
bounded_validation,MOBIO,IoM-GRP,91831,random_key_pool_4,30,0.03333333333333333,92101,92107,43f8d7c138f35aef0f2e50c49aadf8aed7849044b7683b49fc969da30f85db05,02d0811437074f99181cd743a47339c7185bc5fa,2,mean_mlp,607,0.8,0.975,0.978927801724138,0.07033045977011493,0.6708333333333333,0.39166666666666666,0.7123958333333336,0.8791666666666667,106,0.9766557216644287,1.0
bounded_validation,MOBIO,IoM-GRP,91831,random_key_pool_4,30,0.03333333333333333,92101,92107,43f8d7c138f35aef0f2e50c49aadf8aed7849044b7683b49fc969da30f85db05,02d0811437074f99181cd743a47339c7185bc5fa,2,mean_mlp,613,0.875,0.9833333333333333,0.9874910201149425,0.058261494252873566,0.6958333333333333,0.4583333333333333,0.8125,0.9333333333333333,118,0.9382426738739014,1.0
bounded_validation,MOBIO,IoM-GRP,91831,random_key_pool_4,30,0.03333333333333333,92101,92107,43f8d7c138f35aef0f2e50c49aadf8aed7849044b7683b49fc969da30f85db05,02d0811437074f99181cd743a47339c7185bc5fa,2,deepsets,601,0.6208333333333333,0.9583333333333334,0.9685255028735633,0.09202586206896551,0.4875,0.25,0.5166666666666667,0.725,57,0.8099148273468018,1.0
bounded_validation,MOBIO,IoM-GRP,91831,random_key_pool_4,30,0.03333333333333333,92101,92107,43f8d7c138f35aef0f2e50c49aadf8aed7849044b7683b49fc969da30f85db05,02d0811437074f99181cd743a47339c7185bc5fa,2,deepsets,607,0.7041666666666667,0.9166666666666666,0.9587541906130268,0.10826149425287354,0.5583333333333333,0.25833333333333336,0.5873958333333336,0.8083333333333333,102,1.1347246170043945,1.0
bounded_validation,MOBIO,IoM-GRP,91831,random_key_pool_4,30,0.03333333333333333,92101,92107,43f8d7c138f35aef0f2e50c49aadf8aed7849044b7683b49fc969da30f85db05,02d0811437074f99181cd743a47339c7185bc5fa,2,deepsets,613,0.6708333333333333,0.9291666666666667,0.9537996886973179,0.11336206896551726,0.5208333333333334,0.2875,0.5583333333333333,0.775,76,1.120145320892334,1.0
bounded_validation,MOBIO,IoM-GRP,91831,random_key_pool_4,30,0.03333333333333333,92101,92107,43f8d7c138f35aef0f2e50c49aadf8aed7849044b7683b49fc969da30f85db05,02d0811437074f99181cd743a47339c7185bc5fa,5,mean_mlp,601,0.9208333333333333,1.0,0.9953023227969349,0.02859195402298851,0.8875,0.5416666666666666,0.85,0.975,119,2.2889482975006104,1.0
bounded_validation,MOBIO,IoM-GRP,91831,random_key_pool_4,30,0.03333333333333333,92101,92107,43f8d7c138f35aef0f2e50c49aadf8aed7849044b7683b49fc969da30f85db05,02d0811437074f99181cd743a47339c7185bc5fa,5,mean_mlp,607,0.875,1.0,0.9933997844827586,0.04080459770114941,0.8458333333333333,0.6,0.7833333333333333,0.95,120,1.0396387577056885,1.0
bounded_validation,MOBIO,IoM-GRP,91831,random_key_pool_4,30,0.03333333333333333,92101,92107,43f8d7c138f35aef0f2e50c49aadf8aed7849044b7683b49fc969da30f85db05,02d0811437074f99181cd743a47339c7185bc5fa,5,mean_mlp,613,0.9625,1.0,0.9975526819923372,0.021192528735632203,0.9416666666666667,0.6458333333333334,0.9291666666666667,0.9916666666666667,112,1.1175012588500977,1.0
bounded_validation,MOBIO,IoM-GRP,91831,random_key_pool_4,30,0.03333333333333333,92101,92107,43f8d7c138f35aef0f2e50c49aadf8aed7849044b7683b49fc969da30f85db05,02d0811437074f99181cd743a47339c7185bc5fa,5,deepsets,601,0.8083333333333333,0.9833333333333333,0.9824137931034483,0.06745689655172413,0.6875,0.3541666666666667,0.7125,0.8916666666666667,66,0.9371726512908936,1.0
bounded_validation,MOBIO,IoM-GRP,91831,random_key_pool_4,30,0.03333333333333333,92101,92107,43f8d7c138f35aef0f2e50c49aadf8aed7849044b7683b49fc969da30f85db05,02d0811437074f99181cd743a47339c7185bc5fa,5,deepsets,607,0.8333333333333334,0.9375,0.9692025862068964,0.07966954022988508,0.7375,0.5041666666666667,0.7208333333333333,0.9208333333333333,113,1.1598992347717285,1.0
bounded_validation,MOBIO,IoM-GRP,91831,random_key_pool_4,30,0.03333333333333333,92101,92107,43f8d7c138f35aef0f2e50c49aadf8aed7849044b7683b49fc969da30f85db05,02d0811437074f99181cd743a47339c7185bc5fa,5,deepsets,613,0.7125,0.9458333333333333,0.9592037835249042,0.0997126436781609,0.6041666666666666,0.375,0.575,0.8458333333333333,59,0.8368253707885742,1.0
bounded_validation,MOBIO,IoM-GRP,91831,random_key_pool_4,30,0.03333333333333333,92101,92107,43f8d7c138f35aef0f2e50c49aadf8aed7849044b7683b49fc969da30f85db05,02d0811437074f99181cd743a47339c7185bc5fa,10,mean_mlp,601,0.9208333333333333,1.0,0.9957698754789273,0.03275862068965517,0.8416666666666667,0.49166666666666664,0.8208333333333333,1.0,105,2.3101675510406494,1.0
bounded_validation,MOBIO,IoM-GRP,91831,random_key_pool_4,30,0.03333333333333333,92101,92107,43f8d7c138f35aef0f2e50c49aadf8aed7849044b7683b49fc969da30f85db05,02d0811437074f99181cd743a47339c7185bc5fa,10,mean_mlp,607,0.8625,1.0,0.9935919540229885,0.042744252873563204,0.8125,0.6333333333333333,0.75,0.9541666666666667,118,1.0718801021575928,1.0
bounded_validation,MOBIO,IoM-GRP,91831,random_key_pool_4,30,0.03333333333333333,92101,92107,43f8d7c138f35aef0f2e50c49aadf8aed7849044b7683b49fc969da30f85db05,02d0811437074f99181cd743a47339c7185bc5fa,10,mean_mlp,613,0.9541666666666667,1.0,0.996591235632184,0.025071839080459783,0.875,0.6208333333333333,0.875,1.0,118,1.0190222263336182,1.0
bounded_validation,MOBIO,IoM-GRP,91831,random_key_pool_4,30,0.03333333333333333,92101,92107,43f8d7c138f35aef0f2e50c49aadf8aed7849044b7683b49fc969da30f85db05,02d0811437074f99181cd743a47339c7185bc5fa,10,deepsets,601,0.6791666666666667,0.9666666666666667,0.9710141283524905,0.08742816091954024,0.5083333333333333,0.3416666666666667,0.5208333333333334,0.825,52,1.351100206375122,1.0
bounded_validation,MOBIO,IoM-GRP,91831,random_key_pool_4,30,0.03333333333333333,92101,92107,43f8d7c138f35aef0f2e50c49aadf8aed7849044b7683b49fc969da30f85db05,02d0811437074f99181cd743a47339c7185bc5fa,10,deepsets,607,0.8416666666666667,0.9333333333333333,0.9708075909961685,0.08527298850574713,0.7333333333333333,0.3458333333333333,0.7208333333333333,0.9458333333333333,57,1.405299425125122,1.0
bounded_validation,MOBIO,IoM-GRP,91831,random_key_pool_4,30,0.03333333333333333,92101,92107,43f8d7c138f35aef0f2e50c49aadf8aed7849044b7683b49fc969da30f85db05,02d0811437074f99181cd743a47339c7185bc5fa,10,deepsets,613,0.675,0.8875,0.9392181513409962,0.1538793103448276,0.5,0.24583333333333332,0.5291666666666667,0.825,38,1.1145267486572266,1.0
bounded_validation,SCface,IoM-GRP,91831,random_key_pool_4,26,0.038461538461538464,92101,92107,feec93bfc1d42c9c401c2a2bf9986fab930de1f80764906e88bd022c826a9aa8,02d0811437074f99181cd743a47339c7185bc5fa,1,single_mlp,601,0.2403846153846154,0.5528846153846154,0.7500286612426036,0.3267307692307692,0.15865384615384615,0.0673076923076923,0.13942307692307693,0.35096153846153844,119,2.203289031982422,0.8317307692307693
bounded_validation,SCface,IoM-GRP,91831,random_key_pool_4,26,0.038461538461538464,92101,92107,feec93bfc1d42c9c401c2a2bf9986fab930de1f80764906e88bd022c826a9aa8,02d0811437074f99181cd743a47339c7185bc5fa,1,single_mlp,607,0.20192307692307693,0.5673076923076923,0.7483376479289942,0.32692307692307687,0.14903846153846154,0.07211538461538461,0.1201923076923077,0.30288461538461536,116,1.372168779373169,0.8317307692307693
bounded_validation,SCface,IoM-GRP,91831,random_key_pool_4,26,0.038461538461538464,92101,92107,feec93bfc1d42c9c401c2a2bf9986fab930de1f80764906e88bd022c826a9aa8,02d0811437074f99181cd743a47339c7185bc5fa,1,single_mlp,613,0.2692307692307692,0.5721153846153846,0.7606268491124261,0.32163461538461535,0.15865384615384615,0.09615384615384616,0.16346153846153846,0.3798076923076923,111,1.113520860671997,0.8317307692307693
bounded_validation,SCface,IoM-GRP,91831,random_key_pool_4,26,0.038461538461538464,92101,92107,feec93bfc1d42c9c401c2a2bf9986fab930de1f80764906e88bd022c826a9aa8,02d0811437074f99181cd743a47339c7185bc5fa,2,mean_mlp,601,0.3269230769230769,0.6875,0.8450896819526627,0.24365384615384617,0.24519230769230768,0.10576923076923077,0.21153846153846154,0.4519230769230769,112,1.0449907779693604,0.9134615384615384
bounded_validation,SCface,IoM-GRP,91831,random_key_pool_4,26,0.038461538461538464,92101,92107,feec93bfc1d42c9c401c2a2bf9986fab930de1f80764906e88bd022c826a9aa8,02d0811437074f99181cd743a47339c7185bc5fa,2,mean_mlp,607,0.33653846153846156,0.6826923076923077,0.8509254807692308,0.23759615384615387,0.25961538461538464,0.0673076923076923,0.22596153846153846,0.4567307692307692,101,0.9791173934936523,0.9134615384615384
bounded_validation,SCface,IoM-GRP,91831,random_key_pool_4,26,0.038461538461538464,92101,92107,feec93bfc1d42c9c401c2a2bf9986fab930de1f80764906e88bd022c826a9aa8,02d0811437074f99181cd743a47339c7185bc5fa,2,mean_mlp,613,0.33653846153846156,0.7115384615384616,0.8476174186390533,0.24028846153846156,0.23076923076923078,0.11057692307692307,0.22115384615384615,0.46634615384615385,118,1.0430893898010254,0.9134615384615384
bounded_validation,SCface,IoM-GRP,91831,random_key_pool_4,26,0.038461538461538464,92101,92107,feec93bfc1d42c9c401c2a2bf9986fab930de1f80764906e88bd022c826a9aa8,02d0811437074f99181cd743a47339c7185bc5fa,2,deepsets,601,0.28846153846153844,0.5865384615384616,0.7957969674556212,0.28307692307692306,0.14903846153846154,0.08173076923076923,0.18269230769230768,0.40865384615384615,73,1.202193260192871,0.9134615384615384
bounded_validation,SCface,IoM-GRP,91831,random_key_pool_4,26,0.038461538461538464,92101,92107,feec93bfc1d42c9c401c2a2bf9986fab930de1f80764906e88bd022c826a9aa8,02d0811437074f99181cd743a47339c7185bc5fa,2,deepsets,607,0.2932692307692308,0.6346153846153846,0.808541050295858,0.28384615384615386,0.1875,0.0673076923076923,0.18269230769230768,0.4182692307692308,85,1.3033812046051025,0.9134615384615384
bounded_validation,SCface,IoM-GRP,91831,random_key_pool_4,26,0.038461538461538464,92101,92107,feec93bfc1d42c9c401c2a2bf9986fab930de1f80764906e88bd022c826a9aa8,02d0811437074f99181cd743a47339c7185bc5fa,2,deepsets,613,0.3125,0.6586538461538461,0.809897374260355,0.27384615384615385,0.15865384615384615,0.07211538461538461,0.19230769230769232,0.4375,91,1.2816612720489502,0.9134615384615384
bounded_validation,SCface,IoM-GRP,91831,random_key_pool_4,26,0.038461538461538464,92101,92107,feec93bfc1d42c9c401c2a2bf9986fab930de1f80764906e88bd022c826a9aa8,02d0811437074f99181cd743a47339c7185bc5fa,5,mean_mlp,601,0.33653846153846156,0.8125,0.8851460798816569,0.17394230769230773,0.27884615384615385,0.16826923076923078,0.1971153846153846,0.4807692307692308,120,0.8815653324127197,0.9230769230769231
bounded_validation,SCface,IoM-GRP,91831,random_key_pool_4,26,0.038461538461538464,92101,92107,feec93bfc1d42c9c401c2a2bf9986fab930de1f80764906e88bd022c826a9aa8,02d0811437074f99181cd743a47339c7185bc5fa,5,mean_mlp,607,0.375,0.8365384615384616,0.8899195636094674,0.16836538461538458,0.27884615384615385,0.1778846153846154,0.22596153846153846,0.5288461538461539,120,0.8474128246307373,0.9230769230769231
bounded_validation,SCface,IoM-GRP,91831,random_key_pool_4,26,0.038461538461538464,92101,92107,feec93bfc1d42c9c401c2a2bf9986fab930de1f80764906e88bd022c826a9aa8,02d0811437074f99181cd743a47339c7185bc5fa,5,mean_mlp,613,0.35096153846153844,0.8413461538461539,0.8868528106508875,0.15913461538461537,0.2932692307692308,0.23076923076923078,0.20192307692307693,0.504927884615384,118,2.267512321472168,0.9230769230769231
bounded_validation,SCface,IoM-GRP,91831,random_key_pool_4,26,0.038461538461538464,92101,92107,feec93bfc1d42c9c401c2a2bf9986fab930de1f80764906e88bd022c826a9aa8,02d0811437074f99181cd743a47339c7185bc5fa,5,deepsets,601,0.28846153846153844,0.6346153846153846,0.8382377958579882,0.25971153846153844,0.2403846153846154,0.14903846153846154,0.15865384615384615,0.4326923076923077,101,1.5576505661010742,0.9230769230769231
bounded_validation,SCface,IoM-GRP,91831,random_key_pool_4,26,0.038461538461538464,92101,92107,feec93bfc1d42c9c401c2a2bf9986fab930de1f80764906e88bd022c826a9aa8,02d0811437074f99181cd743a47339c7185bc5fa,5,deepsets,607,0.23557692307692307,0.5625,0.7900924556213018,0.27990384615384617,0.20673076923076922,0.07211538461538461,0.09134615384615384,0.3942307692307692,64,1.2812674045562744,0.9230769230769231
bounded_validation,SCface,IoM-GRP,91831,random_key_pool_4,26,0.038461538461538464,92101,92107,feec93bfc1d42c9c401c2a2bf9986fab930de1f80764906e88bd022c826a9aa8,02d0811437074f99181cd743a47339c7185bc5fa,5,deepsets,613,0.34134615384615385,0.6634615384615384,0.8303873890532545,0.26740384615384616,0.2692307692307692,0.08653846153846154,0.19699519230769252,0.5096153846153846,85,1.1361560821533203,0.9230769230769231
bounded_validation,SCface,IoM-GRP,91831,random_key_pool_4,26,0.038461538461538464,92101,92107,feec93bfc1d42c9c401c2a2bf9986fab930de1f80764906e88bd022c826a9aa8,02d0811437074f99181cd743a47339c7185bc5fa,10,mean_mlp,601,0.36538461538461536,0.8365384615384616,0.8951340606508875,0.1528846153846154,0.3076923076923077,0.2403846153846154,0.21153846153846154,0.5240384615384616,111,2.1778318881988525,0.9230769230769231
bounded_validation,SCface,IoM-GRP,91831,random_key_pool_4,26,0.038461538461538464,92101,92107,feec93bfc1d42c9c401c2a2bf9986fab930de1f80764906e88bd022c826a9aa8,02d0811437074f99181cd743a47339c7185bc5fa,10,mean_mlp,607,0.40865384615384615,0.8846153846153846,0.9178476331360946,0.13076923076923075,0.3076923076923077,0.24519230769230768,0.2548076923076923,0.5721153846153846,118,1.0414760112762451,0.9230769230769231
bounded_validation,SCface,IoM-GRP,91831,random_key_pool_4,26,0.038461538461538464,92101,92107,feec93bfc1d42c9c401c2a2bf9986fab930de1f80764906e88bd022c826a9aa8,02d0811437074f99181cd743a47339c7185bc5fa,10,mean_mlp,613,0.4230769230769231,0.8846153846153846,0.9071061390532545,0.13471153846153844,0.32211538461538464,0.27403846153846156,0.2644230769230769,0.5865384615384616,120,1.0059988498687744,0.9230769230769231
bounded_validation,SCface,IoM-GRP,91831,random_key_pool_4,26,0.038461538461538464,92101,92107,feec93bfc1d42c9c401c2a2bf9986fab930de1f80764906e88bd022c826a9aa8,02d0811437074f99181cd743a47339c7185bc5fa,10,deepsets,601,0.2980769230769231,0.6586538461538461,0.8366577292899409,0.2269230769230769,0.2403846153846154,0.15865384615384615,0.14903846153846154,0.4567307692307692,74,1.327446699142456,0.9230769230769231
bounded_validation,SCface,IoM-GRP,91831,random_key_pool_4,26,0.038461538461538464,92101,92107,feec93bfc1d42c9c401c2a2bf9986fab930de1f80764906e88bd022c826a9aa8,02d0811437074f99181cd743a47339c7185bc5fa,10,deepsets,607,0.28365384615384615,0.6153846153846154,0.8262721893491125,0.2361538461538462,0.23557692307692307,0.125,0.1346153846153846,0.4423076923076923,62,1.1899769306182861,0.9230769230769231
bounded_validation,SCface,IoM-GRP,91831,random_key_pool_4,26,0.038461538461538464,92101,92107,feec93bfc1d42c9c401c2a2bf9986fab930de1f80764906e88bd022c826a9aa8,02d0811437074f99181cd743a47339c7185bc5fa,10,deepsets,613,0.34615384615384615,0.75,0.8706675295857987,0.22067307692307692,0.22115384615384615,0.1201923076923077,0.1971153846153846,0.504927884615384,74,1.3271312713623047,0.9230769230769231
bounded_validation,MOBIO,IoM-GRP,91843,random_key_pool_4,30,0.03333333333333333,92101,92107,9aac0890aa4ce0164aaf48e5b70f0dcead76b286ca423bf297c2eff86e2db6f9,02d0811437074f99181cd743a47339c7185bc5fa,1,single_mlp,601,0.6125,0.9375,0.9477406609195403,0.11989942528735634,0.5041666666666667,0.12916666666666668,0.5125,0.7083333333333334,120,2.0842063426971436,1.0
bounded_validation,MOBIO,IoM-GRP,91843,random_key_pool_4,30,0.03333333333333333,92101,92107,9aac0890aa4ce0164aaf48e5b70f0dcead76b286ca423bf297c2eff86e2db6f9,02d0811437074f99181cd743a47339c7185bc5fa,1,single_mlp,607,0.6458333333333334,0.9083333333333333,0.9488673371647509,0.11673850574712645,0.5083333333333333,0.1625,0.5416666666666666,0.7416666666666667,117,1.0033190250396729,1.0
bounded_validation,MOBIO,IoM-GRP,91843,random_key_pool_4,30,0.03333333333333333,92101,92107,9aac0890aa4ce0164aaf48e5b70f0dcead76b286ca423bf297c2eff86e2db6f9,02d0811437074f99181cd743a47339c7185bc5fa,1,single_mlp,613,0.6541666666666667,0.8833333333333333,0.9461290708812261,0.12492816091954023,0.5291666666666667,0.3333333333333333,0.5541666666666667,0.7416666666666667,120,0.9612925052642822,1.0
bounded_validation,MOBIO,IoM-GRP,91843,random_key_pool_4,30,0.03333333333333333,92101,92107,9aac0890aa4ce0164aaf48e5b70f0dcead76b286ca423bf297c2eff86e2db6f9,02d0811437074f99181cd743a47339c7185bc5fa,2,mean_mlp,601,0.7875,0.9708333333333333,0.9769061302681992,0.07873563218390807,0.7291666666666666,0.42083333333333334,0.6957291666666668,0.8709374999999995,120,0.8835775852203369,1.0
bounded_validation,MOBIO,IoM-GRP,91843,random_key_pool_4,30,0.03333333333333333,92101,92107,9aac0890aa4ce0164aaf48e5b70f0dcead76b286ca423bf297c2eff86e2db6f9,02d0811437074f99181cd743a47339c7185bc5fa,2,mean_mlp,607,0.7791666666666667,0.9583333333333334,0.975159841954023,0.07952586206896554,0.7125,0.4,0.6875,0.8625,112,0.9347763061523438,1.0
bounded_validation,MOBIO,IoM-GRP,91843,random_key_pool_4,30,0.03333333333333333,92101,92107,9aac0890aa4ce0164aaf48e5b70f0dcead76b286ca423bf297c2eff86e2db6f9,02d0811437074f99181cd743a47339c7185bc5fa,2,mean_mlp,613,0.7833333333333333,0.9625,0.974382183908046,0.09655172413793103,0.7166666666666667,0.5541666666666667,0.6833333333333333,0.8708333333333333,117,1.0034143924713135,1.0
bounded_validation,MOBIO,IoM-GRP,91843,random_key_pool_4,30,0.03333333333333333,92101,92107,9aac0890aa4ce0164aaf48e5b70f0dcead76b286ca423bf297c2eff86e2db6f9,02d0811437074f99181cd743a47339c7185bc5fa,2,deepsets,601,0.575,0.8958333333333334,0.9401107519157088,0.14051724137931038,0.49583333333333335,0.24583333333333332,0.4708333333333333,0.6791666666666667,71,1.041015863418579,1.0
bounded_validation,MOBIO,IoM-GRP,91843,random_key_pool_4,30,0.03333333333333333,92101,92107,9aac0890aa4ce0164aaf48e5b70f0dcead76b286ca423bf297c2eff86e2db6f9,02d0811437074f99181cd743a47339c7185bc5fa,2,deepsets,607,0.6416666666666667,0.875,0.933752993295019,0.15373563218390807,0.5916666666666667,0.3125,0.5041666666666667,0.7666666666666667,106,1.135819673538208,1.0
bounded_validation,MOBIO,IoM-GRP,91843,random_key_pool_4,30,0.03333333333333333,92101,92107,9aac0890aa4ce0164aaf48e5b70f0dcead76b286ca423bf297c2eff86e2db6f9,02d0811437074f99181cd743a47339c7185bc5fa,2,deepsets,613,0.7416666666666667,0.9333333333333333,0.9572521551724139,0.11192528735632186,0.6791666666666667,0.22083333333333333,0.6291666666666667,0.8417708333333328,75,1.0576088428497314,1.0
bounded_validation,MOBIO,IoM-GRP,91843,random_key_pool_4,30,0.03333333333333333,92101,92107,9aac0890aa4ce0164aaf48e5b70f0dcead76b286ca423bf297c2eff86e2db6f9,02d0811437074f99181cd743a47339c7185bc5fa,5,mean_mlp,601,0.8916666666666667,0.9958333333333333,0.9911464319923372,0.0502873563218391,0.8208333333333333,0.7458333333333333,0.8,0.9666666666666667,120,0.8882296085357666,1.0
bounded_validation,MOBIO,IoM-GRP,91843,random_key_pool_4,30,0.03333333333333333,92101,92107,9aac0890aa4ce0164aaf48e5b70f0dcead76b286ca423bf297c2eff86e2db6f9,02d0811437074f99181cd743a47339c7185bc5fa,5,mean_mlp,607,0.9208333333333333,0.9916666666666667,0.9924054118773947,0.0538793103448276,0.85,0.6708333333333333,0.8208333333333333,0.9958333333333333,120,0.8060121536254883,1.0
bounded_validation,MOBIO,IoM-GRP,91843,random_key_pool_4,30,0.03333333333333333,92101,92107,9aac0890aa4ce0164aaf48e5b70f0dcead76b286ca423bf297c2eff86e2db6f9,02d0811437074f99181cd743a47339c7185bc5fa,5,mean_mlp,613,0.8791666666666667,0.9708333333333333,0.9867444923371648,0.05481321839080461,0.8625,0.7625,0.7791666666666667,0.9625,118,2.1031036376953125,1.0
bounded_validation,MOBIO,IoM-GRP,91843,random_key_pool_4,30,0.03333333333333333,92101,92107,9aac0890aa4ce0164aaf48e5b70f0dcead76b286ca423bf297c2eff86e2db6f9,02d0811437074f99181cd743a47339c7185bc5fa,5,deepsets,601,0.5666666666666667,0.8791666666666667,0.9330124521072797,0.13814655172413792,0.4708333333333333,0.32083333333333336,0.4207291666666669,0.7209374999999995,52,0.9361526966094971,1.0
bounded_validation,MOBIO,IoM-GRP,91843,random_key_pool_4,30,0.03333333333333333,92101,92107,9aac0890aa4ce0164aaf48e5b70f0dcead76b286ca423bf297c2eff86e2db6f9,02d0811437074f99181cd743a47339c7185bc5fa,5,deepsets,607,0.7083333333333334,0.8916666666666667,0.946132662835249,0.10754310344827585,0.6708333333333333,0.4125,0.5666666666666667,0.8333333333333334,112,1.3727481365203857,1.0
bounded_validation,MOBIO,IoM-GRP,91843,random_key_pool_4,30,0.03333333333333333,92101,92107,9aac0890aa4ce0164aaf48e5b70f0dcead76b286ca423bf297c2eff86e2db6f9,02d0811437074f99181cd743a47339c7185bc5fa,5,deepsets,613,0.825,0.9583333333333334,0.973107638888889,0.08742816091954024,0.7666666666666667,0.5083333333333333,0.7082291666666669,0.9208333333333333,83,1.094628095626831,1.0
bounded_validation,MOBIO,IoM-GRP,91843,random_key_pool_4,30,0.03333333333333333,92101,92107,9aac0890aa4ce0164aaf48e5b70f0dcead76b286ca423bf297c2eff86e2db6f9,02d0811437074f99181cd743a47339c7185bc5fa,10,mean_mlp,601,0.8916666666666667,1.0,0.9913823036398468,0.05510057471264369,0.8,0.7666666666666667,0.7666666666666667,0.9916666666666667,117,2.4095730781555176,1.0
bounded_validation,MOBIO,IoM-GRP,91843,random_key_pool_4,30,0.03333333333333333,92101,92107,9aac0890aa4ce0164aaf48e5b70f0dcead76b286ca423bf297c2eff86e2db6f9,02d0811437074f99181cd743a47339c7185bc5fa,10,mean_mlp,607,0.9333333333333333,1.0,0.9951053639846743,0.033333333333333326,0.85,0.8333333333333334,0.8333333333333334,1.0,105,1.1349258422851562,1.0
bounded_validation,MOBIO,IoM-GRP,91843,random_key_pool_4,30,0.03333333333333333,92101,92107,9aac0890aa4ce0164aaf48e5b70f0dcead76b286ca423bf297c2eff86e2db6f9,02d0811437074f99181cd743a47339c7185bc5fa,10,mean_mlp,613,0.9041666666666667,0.9833333333333333,0.9924515086206898,0.04576149425287354,0.8708333333333333,0.6875,0.7958333333333333,0.9833333333333333,120,1.0449426174163818,1.0
bounded_validation,MOBIO,IoM-GRP,91843,random_key_pool_4,30,0.03333333333333333,92101,92107,9aac0890aa4ce0164aaf48e5b70f0dcead76b286ca423bf297c2eff86e2db6f9,02d0811437074f99181cd743a47339c7185bc5fa,10,deepsets,601,0.48333333333333334,0.8625,0.9019384578544061,0.15754310344827588,0.5,0.20833333333333334,0.3125,0.6625,78,1.7343485355377197,1.0
bounded_validation,MOBIO,IoM-GRP,91843,random_key_pool_4,30,0.03333333333333333,92101,92107,9aac0890aa4ce0164aaf48e5b70f0dcead76b286ca423bf297c2eff86e2db6f9,02d0811437074f99181cd743a47339c7185bc5fa,10,deepsets,607,0.6875,0.8666666666666667,0.9411188936781609,0.11436781609195401,0.5875,0.43333333333333335,0.5248958333333336,0.8375,64,1.5232276916503906,1.0
bounded_validation,MOBIO,IoM-GRP,91843,random_key_pool_4,30,0.03333333333333333,92101,92107,9aac0890aa4ce0164aaf48e5b70f0dcead76b286ca423bf297c2eff86e2db6f9,02d0811437074f99181cd743a47339c7185bc5fa,10,deepsets,613,0.7666666666666667,0.9333333333333333,0.9528765565134101,0.12162356321839081,0.6958333333333333,0.4875,0.6,0.9,34,1.0686960220336914,1.0
bounded_validation,SCface,IoM-GRP,91843,random_key_pool_4,26,0.038461538461538464,92101,92107,59c40900194319b3011a0e019160ae101e7726e0687e5f446c061a758aa984f2,02d0811437074f99181cd743a47339c7185bc5fa,1,single_mlp,601,0.3173076923076923,0.6394230769230769,0.8217936390532545,0.2602884615384615,0.1971153846153846,0.07692307692307693,0.23076923076923078,0.40865384615384615,108,2.0771944522857666,0.9134615384615384
bounded_validation,SCface,IoM-GRP,91843,random_key_pool_4,26,0.038461538461538464,92101,92107,59c40900194319b3011a0e019160ae101e7726e0687e5f446c061a758aa984f2,02d0811437074f99181cd743a47339c7185bc5fa,1,single_mlp,607,0.2548076923076923,0.6105769230769231,0.7991207470414201,0.27865384615384614,0.13942307692307693,0.057692307692307696,0.16826923076923078,0.3557692307692308,120,0.9285197257995605,0.9134615384615384
bounded_validation,SCface,IoM-GRP,91843,random_key_pool_4,26,0.038461538461538464,92101,92107,59c40900194319b3011a0e019160ae101e7726e0687e5f446c061a758aa984f2,02d0811437074f99181cd743a47339c7185bc5fa,1,single_mlp,613,0.3125,0.6057692307692307,0.8082692307692307,0.26942307692307693,0.23076923076923078,0.09134615384615384,0.21634615384615385,0.4182692307692308,120,0.9233081340789795,0.9134615384615384
bounded_validation,SCface,IoM-GRP,91843,random_key_pool_4,26,0.038461538461538464,92101,92107,59c40900194319b3011a0e019160ae101e7726e0687e5f446c061a758aa984f2,02d0811437074f99181cd743a47339c7185bc5fa,2,mean_mlp,601,0.39903846153846156,0.7692307692307693,0.8740652736686391,0.2023076923076923,0.27884615384615385,0.16346153846153846,0.2932692307692308,0.5096153846153846,112,0.9309561252593994,0.9519230769230769
bounded_validation,SCface,IoM-GRP,91843,random_key_pool_4,26,0.038461538461538464,92101,92107,59c40900194319b3011a0e019160ae101e7726e0687e5f446c061a758aa984f2,02d0811437074f99181cd743a47339c7185bc5fa,2,mean_mlp,607,0.39903846153846156,0.7836538461538461,0.8714182692307693,0.19326923076923075,0.3076923076923077,0.14423076923076922,0.28365384615384615,0.5144230769230769,119,0.9564623832702637,0.9519230769230769
bounded_validation,SCface,IoM-GRP,91843,random_key_pool_4,26,0.038461538461538464,92101,92107,59c40900194319b3011a0e019160ae101e7726e0687e5f446c061a758aa984f2,02d0811437074f99181cd743a47339c7185bc5fa,2,mean_mlp,613,0.4423076923076923,0.7644230769230769,0.8687666420118344,0.21634615384615385,0.3605769230769231,0.14423076923076922,0.32211538461538464,0.5673076923076923,118,0.9222171306610107,0.9519230769230769
bounded_validation,SCface,IoM-GRP,91843,random_key_pool_4,26,0.038461538461538464,92101,92107,59c40900194319b3011a0e019160ae101e7726e0687e5f446c061a758aa984f2,02d0811437074f99181cd743a47339c7185bc5fa,2,deepsets,601,0.4182692307692308,0.7211538461538461,0.86020525147929,0.22634615384615384,0.35096153846153844,0.16346153846153846,0.2980769230769231,0.5530048076923071,79,1.117551565170288,0.9519230769230769
bounded_validation,SCface,IoM-GRP,91843,random_key_pool_4,26,0.038461538461538464,92101,92107,59c40900194319b3011a0e019160ae101e7726e0687e5f446c061a758aa984f2,02d0811437074f99181cd743a47339c7185bc5fa,2,deepsets,607,0.38461538461538464,0.7644230769230769,0.8574214127218934,0.22163461538461537,0.23557692307692307,0.09615384615384616,0.2692307692307692,0.5,95,1.054612159729004,0.9519230769230769
bounded_validation,SCface,IoM-GRP,91843,random_key_pool_4,26,0.038461538461538464,92101,92107,59c40900194319b3011a0e019160ae101e7726e0687e5f446c061a758aa984f2,02d0811437074f99181cd743a47339c7185bc5fa,2,deepsets,613,0.3605769230769231,0.7211538461538461,0.8543870192307692,0.23567307692307693,0.22115384615384615,0.08653846153846154,0.2548076923076923,0.4807692307692308,70,2.2339415550231934,0.9519230769230769
bounded_validation,SCface,IoM-GRP,91843,random_key_pool_4,26,0.038461538461538464,92101,92107,59c40900194319b3011a0e019160ae101e7726e0687e5f446c061a758aa984f2,02d0811437074f99181cd743a47339c7185bc5fa,5,mean_mlp,601,0.6201923076923077,0.8365384615384616,0.9190726701183433,0.15759615384615383,0.47115384615384615,0.28846153846153844,0.47115384615384615,0.7597355769230763,118,0.958815336227417,0.9615384615384616
bounded_validation,SCface,IoM-GRP,91843,random_key_pool_4,26,0.038461538461538464,92101,92107,59c40900194319b3011a0e019160ae101e7726e0687e5f446c061a758aa984f2,02d0811437074f99181cd743a47339c7185bc5fa,5,mean_mlp,607,0.5673076923076923,0.8557692307692307,0.9123529955621302,0.14875,0.46153846153846156,0.25961538461538464,0.41814903846153867,0.7115384615384616,115,0.9656991958618164,0.9615384615384616
bounded_validation,SCface,IoM-GRP,91843,random_key_pool_4,26,0.038461538461538464,92101,92107,59c40900194319b3011a0e019160ae101e7726e0687e5f446c061a758aa984f2,02d0811437074f99181cd743a47339c7185bc5fa,5,mean_mlp,613,0.5528846153846154,0.8269230769230769,0.912706176035503,0.15807692307692306,0.40865384615384615,0.2548076923076923,0.39903846153846156,0.7067307692307693,114,0.9006137847900391,0.9615384615384616
bounded_validation,SCface,IoM-GRP,91843,random_key_pool_4,26,0.038461538461538464,92101,92107,59c40900194319b3011a0e019160ae101e7726e0687e5f446c061a758aa984f2,02d0811437074f99181cd743a47339c7185bc5fa,5,deepsets,601,0.4807692307692308,0.7451923076923077,0.8815717455621304,0.2317307692307692,0.3798076923076923,0.2403846153846154,0.3269230769230769,0.6442307692307693,119,1.3185515403747559,0.9615384615384616
bounded_validation,SCface,IoM-GRP,91843,random_key_pool_4,26,0.038461538461538464,92101,92107,59c40900194319b3011a0e019160ae101e7726e0687e5f446c061a758aa984f2,02d0811437074f99181cd743a47339c7185bc5fa,5,deepsets,607,0.5,0.7403846153846154,0.872292899408284,0.2251923076923077,0.41346153846153844,0.20192307692307693,0.3269230769230769,0.6682692307692307,83,1.209934949874878,0.9615384615384616
bounded_validation,SCface,IoM-GRP,91843,random_key_pool_4,26,0.038461538461538464,92101,92107,59c40900194319b3011a0e019160ae101e7726e0687e5f446c061a758aa984f2,02d0811437074f99181cd743a47339c7185bc5fa,5,deepsets,613,0.44711538461538464,0.7692307692307693,0.8789913091715975,0.20750000000000002,0.34134615384615385,0.18269230769230768,0.2980769230769231,0.6057692307692307,89,1.1391575336456299,0.9615384615384616
bounded_validation,SCface,IoM-GRP,91843,random_key_pool_4,26,0.038461538461538464,92101,92107,59c40900194319b3011a0e019160ae101e7726e0687e5f446c061a758aa984f2,02d0811437074f99181cd743a47339c7185bc5fa,10,mean_mlp,601,0.6346153846153846,0.8365384615384616,0.9229086538461538,0.14884615384615385,0.5336538461538461,0.3605769230769231,0.4758413461538463,0.7932692307692307,117,2.1115121841430664,0.9615384615384616
bounded_validation,SCface,IoM-GRP,91843,random_key_pool_4,26,0.038461538461538464,92101,92107,59c40900194319b3011a0e019160ae101e7726e0687e5f446c061a758aa984f2,02d0811437074f99181cd743a47339c7185bc5fa,10,mean_mlp,607,0.6346153846153846,0.8461538461538461,0.9252986316568048,0.1356730769230769,0.5144230769230769,0.34134615384615385,0.46634615384615385,0.7980769230769231,117,0.989840030670166,0.9615384615384616
bounded_validation,SCface,IoM-GRP,91843,random_key_pool_4,26,0.038461538461538464,92101,92107,59c40900194319b3011a0e019160ae101e7726e0687e5f446c061a758aa984f2,02d0811437074f99181cd743a47339c7185bc5fa,10,mean_mlp,613,0.6442307692307693,0.8701923076923077,0.9325711908284025,0.12028846153846154,0.5,0.3701923076923077,0.47596153846153844,0.8076923076923077,120,0.9411172866821289,0.9615384615384616
bounded_validation,SCface,IoM-GRP,91843,random_key_pool_4,26,0.038461538461538464,92101,92107,59c40900194319b3011a0e019160ae101e7726e0687e5f446c061a758aa984f2,02d0811437074f99181cd743a47339c7185bc5fa,10,deepsets,601,0.5048076923076923,0.7596153846153846,0.8929558062130177,0.17211538461538464,0.3894230769230769,0.2644230769230769,0.32211538461538464,0.6826923076923077,78,1.4084932804107666,0.9615384615384616
bounded_validation,SCface,IoM-GRP,91843,random_key_pool_4,26,0.038461538461538464,92101,92107,59c40900194319b3011a0e019160ae101e7726e0687e5f446c061a758aa984f2,02d0811437074f99181cd743a47339c7185bc5fa,10,deepsets,607,0.5288461538461539,0.7067307692307693,0.8609319526627219,0.2448076923076923,0.4567307692307692,0.22596153846153846,0.34615384615384615,0.7067307692307693,65,1.2331349849700928,0.9615384615384616
bounded_validation,SCface,IoM-GRP,91843,random_key_pool_4,26,0.038461538461538464,92101,92107,59c40900194319b3011a0e019160ae101e7726e0687e5f446c061a758aa984f2,02d0811437074f99181cd743a47339c7185bc5fa,10,deepsets,613,0.5865384615384616,0.8028846153846154,0.8881453402366863,0.19548076923076924,0.4423076923076923,0.2980769230769231,0.42295673076923096,0.7548076923076923,81,1.4386639595031738,0.9615384615384616
bounded_validation,MOBIO,PolyProtect,91831,random_key_pool_4,30,0.03333333333333333,92101,92107,d50e492f1df57d0fd60cfe3afa28c483360b9581be5796d4a75cf2c1961ac29d,02d0811437074f99181cd743a47339c7185bc5fa,1,single_mlp,601,0.029166666666666667,0.25,0.5690235871647509,0.4291666666666667,0.03333333333333333,0.004166666666666667,0.0,0.07083333333333333,16,0.3522787094116211,1.0
bounded_validation,MOBIO,PolyProtect,91831,random_key_pool_4,30,0.03333333333333333,92101,92107,d50e492f1df57d0fd60cfe3afa28c483360b9581be5796d4a75cf2c1961ac29d,02d0811437074f99181cd743a47339c7185bc5fa,1,single_mlp,607,0.05416666666666667,0.2375,0.5785662116858238,0.43764367816091954,0.016666666666666666,0.008333333333333333,0.0125,0.10416666666666667,18,0.35042548179626465,1.0
bounded_validation,MOBIO,PolyProtect,91831,random_key_pool_4,30,0.03333333333333333,92101,92107,d50e492f1df57d0fd60cfe3afa28c483360b9581be5796d4a75cf2c1961ac29d,02d0811437074f99181cd743a47339c7185bc5fa,1,single_mlp,613,0.04583333333333333,0.23333333333333334,0.551239224137931,0.4458333333333333,0.016666666666666666,0.008333333333333333,0.0,0.10833333333333334,16,0.33047986030578613,1.0
bounded_validation,MOBIO,PolyProtect,91831,random_key_pool_4,30,0.03333333333333333,92101,92107,d50e492f1df57d0fd60cfe3afa28c483360b9581be5796d4a75cf2c1961ac29d,02d0811437074f99181cd743a47339c7185bc5fa,2,mean_mlp,601,0.058333333333333334,0.25833333333333336,0.5900383141762453,0.42025862068965514,0.05,0.008333333333333333,0.0,0.13333333333333333,17,0.3751516342163086,1.0
bounded_validation,MOBIO,PolyProtect,91831,random_key_pool_4,30,0.03333333333333333,92101,92107,d50e492f1df57d0fd60cfe3afa28c483360b9581be5796d4a75cf2c1961ac29d,02d0811437074f99181cd743a47339c7185bc5fa,2,mean_mlp,607,0.06666666666666667,0.2875,0.6045773467432951,0.421551724137931,0.025,0.0125,0.020833333333333332,0.125,18,0.3741333484649658,1.0
bounded_validation,MOBIO,PolyProtect,91831,random_key_pool_4,30,0.03333333333333333,92101,92107,d50e492f1df57d0fd60cfe3afa28c483360b9581be5796d4a75cf2c1961ac29d,02d0811437074f99181cd743a47339c7185bc5fa,2,mean_mlp,613,0.07916666666666666,0.2708333333333333,0.5834045737547893,0.43778735632183907,0.0375,0.016666666666666666,0.0125,0.16666666666666666,17,0.34487318992614746,1.0
bounded_validation,MOBIO,PolyProtect,91831,random_key_pool_4,30,0.03333333333333333,92101,92107,d50e492f1df57d0fd60cfe3afa28c483360b9581be5796d4a75cf2c1961ac29d,02d0811437074f99181cd743a47339c7185bc5fa,2,deepsets,601,0.03333333333333333,0.16666666666666666,0.5185057471264368,0.48268678160919537,0.016666666666666666,0.0,0.0,0.1,10,0.4098329544067383,1.0
bounded_validation,MOBIO,PolyProtect,91831,random_key_pool_4,30,0.03333333333333333,92101,92107,d50e492f1df57d0fd60cfe3afa28c483360b9581be5796d4a75cf2c1961ac29d,02d0811437074f99181cd743a47339c7185bc5fa,2,deepsets,607,0.05,0.20416666666666666,0.5480375957854406,0.44992816091954024,0.020833333333333332,0.004166666666666667,0.0,0.1125,13,0.4284994602203369,1.0
bounded_validation,MOBIO,PolyProtect,91831,random_key_pool_4,30,0.03333333333333333,92101,92107,d50e492f1df57d0fd60cfe3afa28c483360b9581be5796d4a75cf2c1961ac29d,02d0811437074f99181cd743a47339c7185bc5fa,2,deepsets,613,0.05416666666666667,0.175,0.5223210009578544,0.4915948275862069,0.0375,0.004166666666666667,0.0,0.14166666666666666,12,0.4546220302581787,1.0
bounded_validation,MOBIO,PolyProtect,91831,random_key_pool_4,30,0.03333333333333333,92101,92107,d50e492f1df57d0fd60cfe3afa28c483360b9581be5796d4a75cf2c1961ac29d,02d0811437074f99181cd743a47339c7185bc5fa,5,mean_mlp,601,0.5583333333333333,0.7625,0.8817714319923371,0.19260057471264366,0.4,0.24166666666666667,0.44166666666666665,0.6708333333333333,120,0.8555107116699219,1.0
bounded_validation,MOBIO,PolyProtect,91831,random_key_pool_4,30,0.03333333333333333,92101,92107,d50e492f1df57d0fd60cfe3afa28c483360b9581be5796d4a75cf2c1961ac29d,02d0811437074f99181cd743a47339c7185bc5fa,5,mean_mlp,607,0.49583333333333335,0.7625,0.8966942049808431,0.17162356321839084,0.39166666666666666,0.14166666666666666,0.375,0.625,120,0.8771941661834717,1.0
bounded_validation,MOBIO,PolyProtect,91831,random_key_pool_4,30,0.03333333333333333,92101,92107,d50e492f1df57d0fd60cfe3afa28c483360b9581be5796d4a75cf2c1961ac29d,02d0811437074f99181cd743a47339c7185bc5fa,5,mean_mlp,613,0.45416666666666666,0.7875,0.8738362068965517,0.18850574712643678,0.3958333333333333,0.175,0.325,0.5833333333333334,120,0.8727848529815674,1.0
bounded_validation,MOBIO,PolyProtect,91831,random_key_pool_4,30,0.03333333333333333,92101,92107,d50e492f1df57d0fd60cfe3afa28c483360b9581be5796d4a75cf2c1961ac29d,02d0811437074f99181cd743a47339c7185bc5fa,5,deepsets,601,0.3416666666666667,0.7416666666666667,0.8716301484674329,0.21752873563218392,0.3375,0.0125,0.225,0.4666666666666667,120,1.0141232013702393,1.0
bounded_validation,MOBIO,PolyProtect,91831,random_key_pool_4,30,0.03333333333333333,92101,92107,d50e492f1df57d0fd60cfe3afa28c483360b9581be5796d4a75cf2c1961ac29d,02d0811437074f99181cd743a47339c7185bc5fa,5,deepsets,607,0.4666666666666667,0.6958333333333333,0.8567283285440612,0.22866379310344825,0.35833333333333334,0.14166666666666666,0.325,0.6125,116,1.2779531478881836,1.0
bounded_validation,MOBIO,PolyProtect,91831,random_key_pool_4,30,0.03333333333333333,92101,92107,d50e492f1df57d0fd60cfe3afa28c483360b9581be5796d4a75cf2c1961ac29d,02d0811437074f99181cd743a47339c7185bc5fa,5,deepsets,613,0.4,0.6875,0.8540307710727969,0.2112787356321839,0.24166666666666667,0.058333333333333334,0.27072916666666685,0.5375,58,0.9454090595245361,1.0
bounded_validation,MOBIO,PolyProtect,91831,random_key_pool_4,30,0.03333333333333333,92101,92107,d50e492f1df57d0fd60cfe3afa28c483360b9581be5796d4a75cf2c1961ac29d,02d0811437074f99181cd743a47339c7185bc5fa,10,mean_mlp,601,0.6166666666666667,0.85,0.9432124042145593,0.13024425287356323,0.4791666666666667,0.14583333333333334,0.45822916666666685,0.7709374999999995,120,1.051710844039917,1.0
bounded_validation,MOBIO,PolyProtect,91831,random_key_pool_4,30,0.03333333333333333,92101,92107,d50e492f1df57d0fd60cfe3afa28c483360b9581be5796d4a75cf2c1961ac29d,02d0811437074f99181cd743a47339c7185bc5fa,10,mean_mlp,607,0.7083333333333334,0.9375,0.9563218390804599,0.09568965517241379,0.4583333333333333,0.21666666666666667,0.575,0.8291666666666667,120,1.0464081764221191,1.0
bounded_validation,MOBIO,PolyProtect,91831,random_key_pool_4,30,0.03333333333333333,92101,92107,d50e492f1df57d0fd60cfe3afa28c483360b9581be5796d4a75cf2c1961ac29d,02d0811437074f99181cd743a47339c7185bc5fa,10,mean_mlp,613,0.55,0.8833333333333333,0.9425293342911878,0.14209770114942533,0.4708333333333333,0.22083333333333333,0.39166666666666666,0.7083333333333334,120,0.8994944095611572,1.0
bounded_validation,MOBIO,PolyProtect,91831,random_key_pool_4,30,0.03333333333333333,92101,92107,d50e492f1df57d0fd60cfe3afa28c483360b9581be5796d4a75cf2c1961ac29d,02d0811437074f99181cd743a47339c7185bc5fa,10,deepsets,601,0.4375,0.8166666666666667,0.885124521072797,0.18606321839080459,0.3,0.075,0.2708333333333333,0.6041666666666666,45,0.7685554027557373,1.0
bounded_validation,MOBIO,PolyProtect,91831,random_key_pool_4,30,0.03333333333333333,92101,92107,d50e492f1df57d0fd60cfe3afa28c483360b9581be5796d4a75cf2c1961ac29d,02d0811437074f99181cd743a47339c7185bc5fa,10,deepsets,607,0.625,0.7958333333333333,0.9204118773946359,0.17564655172413796,0.4666666666666667,0.1875,0.4665625000000002,0.7791666666666667,120,1.3817992210388184,1.0
bounded_validation,MOBIO,PolyProtect,91831,random_key_pool_4,30,0.03333333333333333,92101,92107,d50e492f1df57d0fd60cfe3afa28c483360b9581be5796d4a75cf2c1961ac29d,02d0811437074f99181cd743a47339c7185bc5fa,10,deepsets,613,0.4791666666666667,0.7708333333333334,0.900582495210728,0.17040229885057467,0.2916666666666667,0.16666666666666666,0.32916666666666666,0.6291666666666667,119,1.0808525085449219,1.0
bounded_validation,SCface,PolyProtect,91831,random_key_pool_4,26,0.038461538461538464,92101,92107,e9c8d888ae412ef3a08a1b86b3290d7fe8d24d647bc42231ddef27222a321465,02d0811437074f99181cd743a47339c7185bc5fa,1,single_mlp,601,0.04326923076923077,0.25961538461538464,0.5450351331360946,0.4806730769230769,0.03365384615384615,0.028846153846153848,0.0,0.125,28,0.4247896671295166,0.8317307692307693
bounded_validation,SCface,PolyProtect,91831,random_key_pool_4,26,0.038461538461538464,92101,92107,e9c8d888ae412ef3a08a1b86b3290d7fe8d24d647bc42231ddef27222a321465,02d0811437074f99181cd743a47339c7185bc5fa,1,single_mlp,607,0.04807692307692308,0.25,0.5537962278106509,0.47134615384615386,0.028846153846153848,0.004807692307692308,0.0,0.1346153846153846,29,0.43807387351989746,0.8317307692307693
bounded_validation,SCface,PolyProtect,91831,random_key_pool_4,26,0.038461538461538464,92101,92107,e9c8d888ae412ef3a08a1b86b3290d7fe8d24d647bc42231ddef27222a321465,02d0811437074f99181cd743a47339c7185bc5fa,1,single_mlp,613,0.038461538461538464,0.22115384615384615,0.5266225961538461,0.4754807692307692,0.038461538461538464,0.009615384615384616,0.0,0.11538461538461539,28,0.4459078311920166,0.8317307692307693
bounded_validation,SCface,PolyProtect,91831,random_key_pool_4,26,0.038461538461538464,92101,92107,e9c8d888ae412ef3a08a1b86b3290d7fe8d24d647bc42231ddef27222a321465,02d0811437074f99181cd743a47339c7185bc5fa,2,mean_mlp,601,0.04326923076923077,0.27403846153846156,0.5569526627218935,0.46240384615384617,0.038461538461538464,0.009615384615384616,0.0,0.125,31,0.5012714862823486,0.9134615384615384
bounded_validation,SCface,PolyProtect,91831,random_key_pool_4,26,0.038461538461538464,92101,92107,e9c8d888ae412ef3a08a1b86b3290d7fe8d24d647bc42231ddef27222a321465,02d0811437074f99181cd743a47339c7185bc5fa,2,mean_mlp,607,0.052884615384615384,0.2692307692307692,0.5608542899408284,0.4589423076923077,0.03365384615384615,0.0,0.0,0.14423076923076922,32,0.46485042572021484,0.9134615384615384
bounded_validation,SCface,PolyProtect,91831,random_key_pool_4,26,0.038461538461538464,92101,92107,e9c8d888ae412ef3a08a1b86b3290d7fe8d24d647bc42231ddef27222a321465,02d0811437074f99181cd743a47339c7185bc5fa,2,mean_mlp,613,0.052884615384615384,0.2403846153846154,0.542029400887574,0.48096153846153844,0.02403846153846154,0.004807692307692308,0.0,0.14423076923076922,30,0.43100666999816895,0.9134615384615384
bounded_validation,SCface,PolyProtect,91831,random_key_pool_4,26,0.038461538461538464,92101,92107,e9c8d888ae412ef3a08a1b86b3290d7fe8d24d647bc42231ddef27222a321465,02d0811437074f99181cd743a47339c7185bc5fa,2,deepsets,601,0.038461538461538464,0.19230769230769232,0.515524223372781,0.49432692307692305,0.038461538461538464,0.009615384615384616,0.0,0.11538461538461539,31,0.5568063259124756,0.9134615384615384
bounded_validation,SCface,PolyProtect,91831,random_key_pool_4,26,0.038461538461538464,92101,92107,e9c8d888ae412ef3a08a1b86b3290d7fe8d24d647bc42231ddef27222a321465,02d0811437074f99181cd743a47339c7185bc5fa,2,deepsets,607,0.038461538461538464,0.1875,0.5334430473372781,0.48057692307692307,0.019230769230769232,0.004807692307692308,0.0,0.11538461538461539,30,0.592423677444458,0.9134615384615384
bounded_validation,SCface,PolyProtect,91831,random_key_pool_4,26,0.038461538461538464,92101,92107,e9c8d888ae412ef3a08a1b86b3290d7fe8d24d647bc42231ddef27222a321465,02d0811437074f99181cd743a47339c7185bc5fa,2,deepsets,613,0.038461538461538464,0.20192307692307693,0.528015902366864,0.48096153846153844,0.028846153846153848,0.0,0.0,0.11538461538461539,31,0.5722513198852539,0.9134615384615384
bounded_validation,SCface,PolyProtect,91831,random_key_pool_4,26,0.038461538461538464,92101,92107,e9c8d888ae412ef3a08a1b86b3290d7fe8d24d647bc42231ddef27222a321465,02d0811437074f99181cd743a47339c7185bc5fa,5,mean_mlp,601,0.057692307692307696,0.3269230769230769,0.6350323594674555,0.4190384615384615,0.04326923076923077,0.009615384615384616,0.0,0.15384615384615385,33,0.47314453125,0.9230769230769231
bounded_validation,SCface,PolyProtect,91831,random_key_pool_4,26,0.038461538461538464,92101,92107,e9c8d888ae412ef3a08a1b86b3290d7fe8d24d647bc42231ddef27222a321465,02d0811437074f99181cd743a47339c7185bc5fa,5,mean_mlp,607,0.052884615384615384,0.30288461538461536,0.6071292529585799,0.4343269230769231,0.02403846153846154,0.004807692307692308,0.0,0.14435096153846086,32,0.48455381393432617,0.9230769230769231
bounded_validation,SCface,PolyProtect,91831,random_key_pool_4,26,0.038461538461538464,92101,92107,e9c8d888ae412ef3a08a1b86b3290d7fe8d24d647bc42231ddef27222a321465,02d0811437074f99181cd743a47339c7185bc5fa,5,mean_mlp,613,0.07692307692307693,0.3269230769230769,0.629577477810651,0.40865384615384615,0.038461538461538464,0.019230769230769232,0.004807692307692308,0.17307692307692307,32,0.4610927104949951,0.9230769230769231
bounded_validation,SCface,PolyProtect,91831,random_key_pool_4,26,0.038461538461538464,92101,92107,e9c8d888ae412ef3a08a1b86b3290d7fe8d24d647bc42231ddef27222a321465,02d0811437074f99181cd743a47339c7185bc5fa,5,deepsets,601,0.23076923076923078,0.6105769230769231,0.8004058801775148,0.2795192307692308,0.12980769230769232,0.052884615384615384,0.1201923076923077,0.35096153846153844,89,1.0960993766784668,0.9230769230769231
bounded_validation,SCface,PolyProtect,91831,random_key_pool_4,26,0.038461538461538464,92101,92107,e9c8d888ae412ef3a08a1b86b3290d7fe8d24d647bc42231ddef27222a321465,02d0811437074f99181cd743a47339c7185bc5fa,5,deepsets,607,0.21634615384615385,0.5528846153846154,0.7767437130177515,0.2929807692307692,0.14903846153846154,0.0673076923076923,0.09615384615384616,0.3557692307692308,79,0.9909589290618896,0.9230769230769231
bounded_validation,SCface,PolyProtect,91831,random_key_pool_4,26,0.038461538461538464,92101,92107,e9c8d888ae412ef3a08a1b86b3290d7fe8d24d647bc42231ddef27222a321465,02d0811437074f99181cd743a47339c7185bc5fa,5,deepsets,613,0.24519230769230768,0.5673076923076923,0.7667178254437869,0.2979807692307692,0.16346153846153846,0.057692307692307696,0.11538461538461539,0.3895432692307686,91,1.3662478923797607,0.9230769230769231
bounded_validation,SCface,PolyProtect,91831,random_key_pool_4,26,0.038461538461538464,92101,92107,e9c8d888ae412ef3a08a1b86b3290d7fe8d24d647bc42231ddef27222a321465,02d0811437074f99181cd743a47339c7185bc5fa,10,mean_mlp,601,0.1201923076923077,0.39903846153846156,0.6742030325443787,0.37403846153846154,0.0673076923076923,0.04326923076923077,0.019230769230769232,0.2403846153846154,31,0.6056995391845703,0.9230769230769231
bounded_validation,SCface,PolyProtect,91831,random_key_pool_4,26,0.038461538461538464,92101,92107,e9c8d888ae412ef3a08a1b86b3290d7fe8d24d647bc42231ddef27222a321465,02d0811437074f99181cd743a47339c7185bc5fa,10,mean_mlp,607,0.08173076923076923,0.34615384615384615,0.6591845414201184,0.3896153846153846,0.038461538461538464,0.004807692307692308,0.004807692307692308,0.18762019230769164,30,0.5006208419799805,0.9230769230769231
bounded_validation,SCface,PolyProtect,91831,random_key_pool_4,26,0.038461538461538464,92101,92107,e9c8d888ae412ef3a08a1b86b3290d7fe8d24d647bc42231ddef27222a321465,02d0811437074f99181cd743a47339c7185bc5fa,10,mean_mlp,613,0.10576923076923077,0.3701923076923077,0.6969951923076924,0.3425,0.04326923076923077,0.03365384615384615,0.014423076923076924,0.21634615384615385,30,0.4955277442932129,0.9230769230769231
bounded_validation,SCface,PolyProtect,91831,random_key_pool_4,26,0.038461538461538464,92101,92107,e9c8d888ae412ef3a08a1b86b3290d7fe8d24d647bc42231ddef27222a321465,02d0811437074f99181cd743a47339c7185bc5fa,10,deepsets,601,0.33653846153846156,0.6826923076923077,0.8551997041420117,0.23653846153846156,0.28846153846153844,0.17307692307692307,0.1971153846153846,0.4807692307692308,102,1.1541471481323242,0.9230769230769231
bounded_validation,SCface,PolyProtect,91831,random_key_pool_4,26,0.038461538461538464,92101,92107,e9c8d888ae412ef3a08a1b86b3290d7fe8d24d647bc42231ddef27222a321465,02d0811437074f99181cd743a47339c7185bc5fa,10,deepsets,607,0.19230769230769232,0.6875,0.8358089866863905,0.22288461538461538,0.16346153846153846,0.0625,0.0625,0.3414663461538455,80,1.0149130821228027,0.9230769230769231
bounded_validation,SCface,PolyProtect,91831,random_key_pool_4,26,0.038461538461538464,92101,92107,e9c8d888ae412ef3a08a1b86b3290d7fe8d24d647bc42231ddef27222a321465,02d0811437074f99181cd743a47339c7185bc5fa,10,deepsets,613,0.3173076923076923,0.6923076923076923,0.8198613165680473,0.26182692307692307,0.2403846153846154,0.17307692307692307,0.16826923076923078,0.4760817307692301,119,1.270524263381958,0.9230769230769231
bounded_validation,MOBIO,PolyProtect,91843,random_key_pool_4,30,0.03333333333333333,92101,92107,2aa30db54701ce15bf9d558964610f6c9676bc8dc193d337d7c41132a0f2b4d8,02d0811437074f99181cd743a47339c7185bc5fa,1,single_mlp,601,0.05,0.22083333333333333,0.5672988505747126,0.4625718390804598,0.029166666666666667,0.0125,0.008333333333333333,0.10416666666666667,16,0.36652302742004395,1.0
bounded_validation,MOBIO,PolyProtect,91843,random_key_pool_4,30,0.03333333333333333,92101,92107,2aa30db54701ce15bf9d558964610f6c9676bc8dc193d337d7c41132a0f2b4d8,02d0811437074f99181cd743a47339c7185bc5fa,1,single_mlp,607,0.0375,0.20416666666666666,0.5582884339080461,0.4653735632183908,0.0125,0.0,0.004166666666666667,0.08333333333333333,18,0.39207005500793457,1.0
bounded_validation,MOBIO,PolyProtect,91843,random_key_pool_4,30,0.03333333333333333,92101,92107,2aa30db54701ce15bf9d558964610f6c9676bc8dc193d337d7c41132a0f2b4d8,02d0811437074f99181cd743a47339c7185bc5fa,1,single_mlp,613,0.05,0.20833333333333334,0.5699658764367816,0.4330459770114943,0.016666666666666666,0.0,0.0125,0.1,18,0.36190104484558105,1.0
bounded_validation,MOBIO,PolyProtect,91843,random_key_pool_4,30,0.03333333333333333,92101,92107,2aa30db54701ce15bf9d558964610f6c9676bc8dc193d337d7c41132a0f2b4d8,02d0811437074f99181cd743a47339c7185bc5fa,2,mean_mlp,601,0.05416666666666667,0.26666666666666666,0.6121809147509579,0.4339080459770115,0.041666666666666664,0.0125,0.0125,0.1125,17,0.3826868534088135,1.0
bounded_validation,MOBIO,PolyProtect,91843,random_key_pool_4,30,0.03333333333333333,92101,92107,2aa30db54701ce15bf9d558964610f6c9676bc8dc193d337d7c41132a0f2b4d8,02d0811437074f99181cd743a47339c7185bc5fa,2,mean_mlp,607,0.2625,0.55,0.7685847701149425,0.29518678160919537,0.16666666666666666,0.041666666666666664,0.17083333333333334,0.3625,45,0.5215051174163818,1.0
bounded_validation,MOBIO,PolyProtect,91843,random_key_pool_4,30,0.03333333333333333,92101,92107,2aa30db54701ce15bf9d558964610f6c9676bc8dc193d337d7c41132a0f2b4d8,02d0811437074f99181cd743a47339c7185bc5fa,2,mean_mlp,613,0.058333333333333334,0.26666666666666666,0.6222665229885057,0.40826149425287356,0.016666666666666666,0.0,0.016562500000000185,0.1125,19,0.39293503761291504,1.0
bounded_validation,MOBIO,PolyProtect,91843,random_key_pool_4,30,0.03333333333333333,92101,92107,2aa30db54701ce15bf9d558964610f6c9676bc8dc193d337d7c41132a0f2b4d8,02d0811437074f99181cd743a47339c7185bc5fa,2,deepsets,601,0.04583333333333333,0.20833333333333334,0.5218791906130268,0.48750000000000004,0.020833333333333332,0.0125,0.008333333333333333,0.09166666666666666,13,0.4194612503051758,1.0
bounded_validation,MOBIO,PolyProtect,91843,random_key_pool_4,30,0.03333333333333333,92101,92107,2aa30db54701ce15bf9d558964610f6c9676bc8dc193d337d7c41132a0f2b4d8,02d0811437074f99181cd743a47339c7185bc5fa,2,deepsets,607,0.04583333333333333,0.19166666666666668,0.513405172413793,0.5166666666666666,0.016666666666666666,0.004166666666666667,0.0,0.12083333333333333,11,0.4126462936401367,1.0
bounded_validation,MOBIO,PolyProtect,91843,random_key_pool_4,30,0.03333333333333333,92101,92107,2aa30db54701ce15bf9d558964610f6c9676bc8dc193d337d7c41132a0f2b4d8,02d0811437074f99181cd743a47339c7185bc5fa,2,deepsets,613,0.05416666666666667,0.1875,0.5161907327586208,0.4915948275862069,0.03333333333333333,0.0125,0.0,0.12916666666666668,9,0.37439513206481934,1.0
bounded_validation,MOBIO,PolyProtect,91843,random_key_pool_4,30,0.03333333333333333,92101,92107,2aa30db54701ce15bf9d558964610f6c9676bc8dc193d337d7c41132a0f2b4d8,02d0811437074f99181cd743a47339c7185bc5fa,5,mean_mlp,601,0.5291666666666667,0.8166666666666667,0.884353448275862,0.1877155172413793,0.44583333333333336,0.20416666666666666,0.4083333333333333,0.6417708333333328,65,0.7320737838745117,1.0
bounded_validation,MOBIO,PolyProtect,91843,random_key_pool_4,30,0.03333333333333333,92101,92107,2aa30db54701ce15bf9d558964610f6c9676bc8dc193d337d7c41132a0f2b4d8,02d0811437074f99181cd743a47339c7185bc5fa,5,mean_mlp,607,0.44583333333333336,0.7,0.8401430795019156,0.24992816091954023,0.4166666666666667,0.2125,0.30833333333333335,0.575,67,0.8698399066925049,1.0
bounded_validation,MOBIO,PolyProtect,91843,random_key_pool_4,30,0.03333333333333333,92101,92107,2aa30db54701ce15bf9d558964610f6c9676bc8dc193d337d7c41132a0f2b4d8,02d0811437074f99181cd743a47339c7185bc5fa,5,mean_mlp,613,0.48333333333333334,0.8083333333333333,0.8778406369731799,0.20086206896551723,0.3958333333333333,0.17916666666666667,0.3625,0.6001041666666661,65,0.6518380641937256,1.0
bounded_validation,MOBIO,PolyProtect,91843,random_key_pool_4,30,0.03333333333333333,92101,92107,2aa30db54701ce15bf9d558964610f6c9676bc8dc193d337d7c41132a0f2b4d8,02d0811437074f99181cd743a47339c7185bc5fa,5,deepsets,601,0.42083333333333334,0.7375,0.8690403496168583,0.20876436781609198,0.2625,0.09166666666666666,0.30833333333333335,0.5376041666666661,85,1.0220355987548828,1.0
bounded_validation,MOBIO,PolyProtect,91843,random_key_pool_4,30,0.03333333333333333,92101,92107,2aa30db54701ce15bf9d558964610f6c9676bc8dc193d337d7c41132a0f2b4d8,02d0811437074f99181cd743a47339c7185bc5fa,5,deepsets,607,0.36666666666666664,0.7041666666666667,0.864566570881226,0.22499999999999998,0.26666666666666666,0.07916666666666666,0.24583333333333332,0.49583333333333335,85,1.0668799877166748,1.0
bounded_validation,MOBIO,PolyProtect,91843,random_key_pool_4,30,0.03333333333333333,92101,92107,2aa30db54701ce15bf9d558964610f6c9676bc8dc193d337d7c41132a0f2b4d8,02d0811437074f99181cd743a47339c7185bc5fa,5,deepsets,613,0.3375,0.6,0.783650622605364,0.29073275862068965,0.24166666666666667,0.1125,0.20833333333333334,0.4708333333333333,120,1.0951716899871826,1.0
bounded_validation,MOBIO,PolyProtect,91843,random_key_pool_4,30,0.03333333333333333,92101,92107,2aa30db54701ce15bf9d558964610f6c9676bc8dc193d337d7c41132a0f2b4d8,02d0811437074f99181cd743a47339c7185bc5fa,10,mean_mlp,601,0.6625,0.8791666666666667,0.9292899904214559,0.1338362068965517,0.6166666666666667,0.2916666666666667,0.5083333333333333,0.8083333333333333,120,0.8412690162658691,1.0
bounded_validation,MOBIO,PolyProtect,91843,random_key_pool_4,30,0.03333333333333333,92101,92107,2aa30db54701ce15bf9d558964610f6c9676bc8dc193d337d7c41132a0f2b4d8,02d0811437074f99181cd743a47339c7185bc5fa,10,mean_mlp,607,0.5583333333333333,0.8083333333333333,0.9041696599616859,0.18929597701149425,0.5041666666666667,0.3125,0.4,0.7084374999999995,120,0.8426430225372314,1.0
bounded_validation,MOBIO,PolyProtect,91843,random_key_pool_4,30,0.03333333333333333,92101,92107,2aa30db54701ce15bf9d558964610f6c9676bc8dc193d337d7c41132a0f2b4d8,02d0811437074f99181cd743a47339c7185bc5fa,10,mean_mlp,613,0.5208333333333334,0.8541666666666666,0.924708453065134,0.16422413793103446,0.4125,0.25416666666666665,0.3540625000000002,0.6791666666666667,120,0.8380122184753418,1.0
bounded_validation,MOBIO,PolyProtect,91843,random_key_pool_4,30,0.03333333333333333,92101,92107,2aa30db54701ce15bf9d558964610f6c9676bc8dc193d337d7c41132a0f2b4d8,02d0811437074f99181cd743a47339c7185bc5fa,10,deepsets,601,0.525,0.825,0.9128502155172413,0.17162356321839078,0.2708333333333333,0.029166666666666667,0.3790625000000002,0.6625,117,1.085395336151123,1.0
bounded_validation,MOBIO,PolyProtect,91843,random_key_pool_4,30,0.03333333333333333,92101,92107,2aa30db54701ce15bf9d558964610f6c9676bc8dc193d337d7c41132a0f2b4d8,02d0811437074f99181cd743a47339c7185bc5fa,10,deepsets,607,0.4375,0.7916666666666666,0.8983776340996168,0.17737068965517244,0.39166666666666666,0.19583333333333333,0.2833333333333333,0.5958333333333333,120,1.1289303302764893,1.0
bounded_validation,MOBIO,PolyProtect,91843,random_key_pool_4,30,0.03333333333333333,92101,92107,2aa30db54701ce15bf9d558964610f6c9676bc8dc193d337d7c41132a0f2b4d8,02d0811437074f99181cd743a47339c7185bc5fa,10,deepsets,613,0.45,0.7125,0.8586937260536398,0.23397988505747125,0.38333333333333336,0.2791666666666667,0.2833333333333333,0.6041666666666666,118,1.0678114891052246,1.0
bounded_validation,SCface,PolyProtect,91843,random_key_pool_4,26,0.038461538461538464,92101,92107,5bf6401055656ee205cc4a28b7e9cb0a7960069ea8dbb6a124dccc91a8f060d2,02d0811437074f99181cd743a47339c7185bc5fa,1,single_mlp,601,0.038461538461538464,0.2403846153846154,0.5517964127218935,0.45182692307692307,0.019230769230769232,0.014423076923076924,0.0,0.10096153846153846,29,0.4372110366821289,0.9134615384615384
bounded_validation,SCface,PolyProtect,91843,random_key_pool_4,26,0.038461538461538464,92101,92107,5bf6401055656ee205cc4a28b7e9cb0a7960069ea8dbb6a124dccc91a8f060d2,02d0811437074f99181cd743a47339c7185bc5fa,1,single_mlp,607,0.04326923076923077,0.25,0.5461899038461538,0.46125000000000005,0.02403846153846154,0.0,0.0,0.10576923076923077,28,0.45100927352905273,0.9134615384615384
bounded_validation,SCface,PolyProtect,91843,random_key_pool_4,26,0.038461538461538464,92101,92107,5bf6401055656ee205cc4a28b7e9cb0a7960069ea8dbb6a124dccc91a8f060d2,02d0811437074f99181cd743a47339c7185bc5fa,1,single_mlp,613,0.04807692307692308,0.25961538461538464,0.5509199334319526,0.46634615384615385,0.038461538461538464,0.009615384615384616,0.0,0.11538461538461539,31,0.45999574661254883,0.9134615384615384
bounded_validation,SCface,PolyProtect,91843,random_key_pool_4,26,0.038461538461538464,92101,92107,5bf6401055656ee205cc4a28b7e9cb0a7960069ea8dbb6a124dccc91a8f060d2,02d0811437074f99181cd743a47339c7185bc5fa,2,mean_mlp,601,0.0625,0.21634615384615385,0.5581139053254438,0.4524038461538461,0.04326923076923077,0.004807692307692308,0.0,0.14903846153846154,32,0.4665229320526123,0.9519230769230769
bounded_validation,SCface,PolyProtect,91843,random_key_pool_4,26,0.038461538461538464,92101,92107,5bf6401055656ee205cc4a28b7e9cb0a7960069ea8dbb6a124dccc91a8f060d2,02d0811437074f99181cd743a47339c7185bc5fa,2,mean_mlp,607,0.04807692307692308,0.27403846153846156,0.5771995192307693,0.4376923076923077,0.028846153846153848,0.0,0.004807692307692308,0.10588942307692242,32,0.4475746154785156,0.9519230769230769
bounded_validation,SCface,PolyProtect,91843,random_key_pool_4,26,0.038461538461538464,92101,92107,5bf6401055656ee205cc4a28b7e9cb0a7960069ea8dbb6a124dccc91a8f060d2,02d0811437074f99181cd743a47339c7185bc5fa,2,mean_mlp,613,0.04807692307692308,0.25961538461538464,0.5539977810650887,0.45653846153846156,0.03365384615384615,0.004807692307692308,0.004807692307692308,0.10576923076923077,33,0.4868581295013428,0.9519230769230769
bounded_validation,SCface,PolyProtect,91843,random_key_pool_4,26,0.038461538461538464,92101,92107,5bf6401055656ee205cc4a28b7e9cb0a7960069ea8dbb6a124dccc91a8f060d2,02d0811437074f99181cd743a47339c7185bc5fa,2,deepsets,601,0.057692307692307696,0.25,0.5435734097633136,0.45634615384615385,0.028846153846153848,0.014423076923076924,0.0,0.14423076923076922,33,0.5953891277313232,0.9519230769230769
bounded_validation,SCface,PolyProtect,91843,random_key_pool_4,26,0.038461538461538464,92101,92107,5bf6401055656ee205cc4a28b7e9cb0a7960069ea8dbb6a124dccc91a8f060d2,02d0811437074f99181cd743a47339c7185bc5fa,2,deepsets,607,0.038461538461538464,0.24519230769230768,0.5275878328402366,0.47096153846153843,0.004807692307692308,0.0,0.0,0.10576923076923077,29,0.5548076629638672,0.9519230769230769
bounded_validation,SCface,PolyProtect,91843,random_key_pool_4,26,0.038461538461538464,92101,92107,5bf6401055656ee205cc4a28b7e9cb0a7960069ea8dbb6a124dccc91a8f060d2,02d0811437074f99181cd743a47339c7185bc5fa,2,deepsets,613,0.03365384615384615,0.21634615384615385,0.5350406804733727,0.4621153846153846,0.028846153846153848,0.009615384615384616,0.0,0.09134615384615384,32,0.6084208488464355,0.9519230769230769
bounded_validation,SCface,PolyProtect,91843,random_key_pool_4,26,0.038461538461538464,92101,92107,5bf6401055656ee205cc4a28b7e9cb0a7960069ea8dbb6a124dccc91a8f060d2,02d0811437074f99181cd743a47339c7185bc5fa,5,mean_mlp,601,0.07692307692307693,0.28846153846153844,0.5954511834319526,0.4225961538461539,0.0673076923076923,0.02403846153846154,0.0,0.1875,32,0.5225820541381836,0.9615384615384616
bounded_validation,SCface,PolyProtect,91843,random_key_pool_4,26,0.038461538461538464,92101,92107,5bf6401055656ee205cc4a28b7e9cb0a7960069ea8dbb6a124dccc91a8f060d2,02d0811437074f99181cd743a47339c7185bc5fa,5,mean_mlp,607,0.07692307692307693,0.28365384615384615,0.6201423816568048,0.4,0.08173076923076923,0.019230769230769232,0.009615384615384616,0.16826923076923078,32,0.46936845779418945,0.9615384615384616
bounded_validation,SCface,PolyProtect,91843,random_key_pool_4,26,0.038461538461538464,92101,92107,5bf6401055656ee205cc4a28b7e9cb0a7960069ea8dbb6a124dccc91a8f060d2,02d0811437074f99181cd743a47339c7185bc5fa,5,mean_mlp,613,0.08173076923076923,0.2403846153846154,0.5904419378698225,0.4475,0.057692307692307696,0.02403846153846154,0.004807692307692308,0.18269230769230768,31,0.5170857906341553,0.9615384615384616
bounded_validation,SCface,PolyProtect,91843,random_key_pool_4,26,0.038461538461538464,92101,92107,5bf6401055656ee205cc4a28b7e9cb0a7960069ea8dbb6a124dccc91a8f060d2,02d0811437074f99181cd743a47339c7185bc5fa,5,deepsets,601,0.3173076923076923,0.6298076923076923,0.7922651627218935,0.30201923076923076,0.22115384615384615,0.09134615384615384,0.1875,0.47115384615384615,116,1.3967523574829102,0.9615384615384616
bounded_validation,SCface,PolyProtect,91843,random_key_pool_4,26,0.038461538461538464,92101,92107,5bf6401055656ee205cc4a28b7e9cb0a7960069ea8dbb6a124dccc91a8f060d2,02d0811437074f99181cd743a47339c7185bc5fa,5,deepsets,607,0.3076923076923077,0.6490384615384616,0.8213738905325444,0.28,0.1971153846153846,0.028846153846153848,0.1971153846153846,0.42788461538461536,98,1.3763656616210938,0.9615384615384616
bounded_validation,SCface,PolyProtect,91843,random_key_pool_4,26,0.038461538461538464,92101,92107,5bf6401055656ee205cc4a28b7e9cb0a7960069ea8dbb6a124dccc91a8f060d2,02d0811437074f99181cd743a47339c7185bc5fa,5,deepsets,613,0.2403846153846154,0.5528846153846154,0.7725110946745563,0.30701923076923077,0.125,0.04807692307692308,0.1346153846153846,0.3605769230769231,70,1.0674231052398682,0.9615384615384616
bounded_validation,SCface,PolyProtect,91843,random_key_pool_4,26,0.038461538461538464,92101,92107,5bf6401055656ee205cc4a28b7e9cb0a7960069ea8dbb6a124dccc91a8f060d2,02d0811437074f99181cd743a47339c7185bc5fa,10,mean_mlp,601,0.10096153846153846,0.34615384615384615,0.627446375739645,0.3930769230769231,0.09615384615384616,0.004807692307692308,0.014302884615384828,0.21634615384615385,29,0.5155012607574463,0.9615384615384616
bounded_validation,SCface,PolyProtect,91843,random_key_pool_4,26,0.038461538461538464,92101,92107,5bf6401055656ee205cc4a28b7e9cb0a7960069ea8dbb6a124dccc91a8f060d2,02d0811437074f99181cd743a47339c7185bc5fa,10,mean_mlp,607,0.1201923076923077,0.39903846153846156,0.6610826553254439,0.37403846153846154,0.08653846153846154,0.004807692307692308,0.019230769230769232,0.25,29,0.4619121551513672,0.9615384615384616
bounded_validation,SCface,PolyProtect,91843,random_key_pool_4,26,0.038461538461538464,92101,92107,5bf6401055656ee205cc4a28b7e9cb0a7960069ea8dbb6a124dccc91a8f060d2,02d0811437074f99181cd743a47339c7185bc5fa,10,mean_mlp,613,0.08173076923076923,0.27884615384615385,0.6214349112426035,0.4175,0.07692307692307693,0.004807692307692308,0.014423076923076924,0.16826923076923078,29,0.4558281898498535,0.9615384615384616
bounded_validation,SCface,PolyProtect,91843,random_key_pool_4,26,0.038461538461538464,92101,92107,5bf6401055656ee205cc4a28b7e9cb0a7960069ea8dbb6a124dccc91a8f060d2,02d0811437074f99181cd743a47339c7185bc5fa,10,deepsets,601,0.2932692307692308,0.5817307692307693,0.7704798446745562,0.3071153846153846,0.20192307692307693,0.11538461538461539,0.15853365384615406,0.4519230769230769,81,0.9852755069732666,0.9615384615384616
bounded_validation,SCface,PolyProtect,91843,random_key_pool_4,26,0.038461538461538464,92101,92107,5bf6401055656ee205cc4a28b7e9cb0a7960069ea8dbb6a124dccc91a8f060d2,02d0811437074f99181cd743a47339c7185bc5fa,10,deepsets,607,0.34134615384615385,0.6875,0.8343916420118344,0.2466346153846154,0.22596153846153846,0.10096153846153846,0.21153846153846154,0.47596153846153844,81,1.0127980709075928,0.9615384615384616
bounded_validation,SCface,PolyProtect,91843,random_key_pool_4,26,0.038461538461538464,92101,92107,5bf6401055656ee205cc4a28b7e9cb0a7960069ea8dbb6a124dccc91a8f060d2,02d0811437074f99181cd743a47339c7185bc5fa,10,deepsets,613,0.3269230769230769,0.6394230769230769,0.8084448964497042,0.2781730769230769,0.25961538461538464,0.12980769230769232,0.1825721153846156,0.49038461538461536,73,0.9648556709289551,0.9615384615384616
bounded_validation,MOBIO,IoM-GRP,91831,random_key_pool_8,30,0.03333333333333333,92101,92107,c85bc87994072569f85740a8be162b001cd5db0b5aa33438c12967666c051206,02d0811437074f99181cd743a47339c7185bc5fa,1,single_mlp,601,0.2791666666666667,0.5791666666666667,0.802752035440613,0.27514367816091956,0.13333333333333333,0.06666666666666667,0.19989583333333352,0.35833333333333334,116,0.985903263092041,1.0
bounded_validation,MOBIO,IoM-GRP,91831,random_key_pool_8,30,0.03333333333333333,92101,92107,c85bc87994072569f85740a8be162b001cd5db0b5aa33438c12967666c051206,02d0811437074f99181cd743a47339c7185bc5fa,1,single_mlp,607,0.24583333333333332,0.6041666666666666,0.8099814415708811,0.2790948275862069,0.14583333333333334,0.0625,0.175,0.32916666666666666,74,0.849970817565918,1.0
bounded_validation,MOBIO,IoM-GRP,91831,random_key_pool_8,30,0.03333333333333333,92101,92107,c85bc87994072569f85740a8be162b001cd5db0b5aa33438c12967666c051206,02d0811437074f99181cd743a47339c7185bc5fa,1,single_mlp,613,0.32083333333333336,0.675,0.8387278496168583,0.241882183908046,0.17083333333333334,0.0375,0.2375,0.4125,117,0.9306037425994873,1.0
bounded_validation,MOBIO,IoM-GRP,91831,random_key_pool_8,30,0.03333333333333333,92101,92107,c85bc87994072569f85740a8be162b001cd5db0b5aa33438c12967666c051206,02d0811437074f99181cd743a47339c7185bc5fa,2,mean_mlp,601,0.4125,0.775,0.8905070641762453,0.1989942528735632,0.29583333333333334,0.10416666666666667,0.30833333333333335,0.5208333333333334,118,0.9512307643890381,1.0
bounded_validation,MOBIO,IoM-GRP,91831,random_key_pool_8,30,0.03333333333333333,92101,92107,c85bc87994072569f85740a8be162b001cd5db0b5aa33438c12967666c051206,02d0811437074f99181cd743a47339c7185bc5fa,2,mean_mlp,607,0.4583333333333333,0.7708333333333334,0.9061631944444445,0.18232758620689654,0.2833333333333333,0.08333333333333333,0.3375,0.575,109,0.9493246078491211,1.0
bounded_validation,MOBIO,IoM-GRP,91831,random_key_pool_8,30,0.03333333333333333,92101,92107,c85bc87994072569f85740a8be162b001cd5db0b5aa33438c12967666c051206,02d0811437074f99181cd743a47339c7185bc5fa,2,mean_mlp,613,0.45416666666666666,0.7875,0.9163846982758621,0.16307471264367815,0.29583333333333334,0.10833333333333334,0.3333333333333333,0.5791666666666667,101,0.9182696342468262,1.0
bounded_validation,MOBIO,IoM-GRP,91831,random_key_pool_8,30,0.03333333333333333,92101,92107,c85bc87994072569f85740a8be162b001cd5db0b5aa33438c12967666c051206,02d0811437074f99181cd743a47339c7185bc5fa,2,deepsets,601,0.4,0.7125,0.858796096743295,0.22521551724137928,0.275,0.125,0.29583333333333334,0.5083333333333333,101,1.1792654991149902,1.0
bounded_validation,MOBIO,IoM-GRP,91831,random_key_pool_8,30,0.03333333333333333,92101,92107,c85bc87994072569f85740a8be162b001cd5db0b5aa33438c12967666c051206,02d0811437074f99181cd743a47339c7185bc5fa,2,deepsets,607,0.30416666666666664,0.7166666666666667,0.8607950191570882,0.2123563218390805,0.2,0.041666666666666664,0.19583333333333333,0.425,66,1.030606985092163,1.0
bounded_validation,MOBIO,IoM-GRP,91831,random_key_pool_8,30,0.03333333333333333,92101,92107,c85bc87994072569f85740a8be162b001cd5db0b5aa33438c12967666c051206,02d0811437074f99181cd743a47339c7185bc5fa,2,deepsets,613,0.325,0.7041666666666667,0.8411631944444443,0.2497844827586207,0.2375,0.075,0.20833333333333334,0.45416666666666666,98,1.5122270584106445,1.0
bounded_validation,MOBIO,IoM-GRP,91831,random_key_pool_8,30,0.03333333333333333,92101,92107,c85bc87994072569f85740a8be162b001cd5db0b5aa33438c12967666c051206,02d0811437074f99181cd743a47339c7185bc5fa,5,mean_mlp,601,0.5958333333333333,0.9208333333333333,0.9447413793103449,0.1295258620689655,0.4875,0.15416666666666667,0.4625,0.725,116,1.0732800960540771,1.0
bounded_validation,MOBIO,IoM-GRP,91831,random_key_pool_8,30,0.03333333333333333,92101,92107,c85bc87994072569f85740a8be162b001cd5db0b5aa33438c12967666c051206,02d0811437074f99181cd743a47339c7185bc5fa,5,mean_mlp,607,0.6,0.9,0.9607866379310345,0.11242816091954025,0.475,0.19166666666666668,0.48333333333333334,0.725,119,1.0512213706970215,1.0
bounded_validation,MOBIO,IoM-GRP,91831,random_key_pool_8,30,0.03333333333333333,92101,92107,c85bc87994072569f85740a8be162b001cd5db0b5aa33438c12967666c051206,02d0811437074f99181cd743a47339c7185bc5fa,5,mean_mlp,613,0.6125,0.9291666666666667,0.9575353208812261,0.10043103448275861,0.5,0.15416666666666667,0.4875,0.7291666666666666,112,0.9867358207702637,1.0
bounded_validation,MOBIO,IoM-GRP,91831,random_key_pool_8,30,0.03333333333333333,92101,92107,c85bc87994072569f85740a8be162b001cd5db0b5aa33438c12967666c051206,02d0811437074f99181cd743a47339c7185bc5fa,5,deepsets,601,0.4125,0.725,0.8770390325670498,0.2156609195402299,0.3541666666666667,0.18333333333333332,0.2625,0.5541666666666667,61,0.9073028564453125,1.0
bounded_validation,MOBIO,IoM-GRP,91831,random_key_pool_8,30,0.03333333333333333,92101,92107,c85bc87994072569f85740a8be162b001cd5db0b5aa33438c12967666c051206,02d0811437074f99181cd743a47339c7185bc5fa,5,deepsets,607,0.5208333333333334,0.825,0.9029573754789272,0.1724137931034483,0.4083333333333333,0.1375,0.38333333333333336,0.6541666666666667,69,1.0116095542907715,1.0
bounded_validation,MOBIO,IoM-GRP,91831,random_key_pool_8,30,0.03333333333333333,92101,92107,c85bc87994072569f85740a8be162b001cd5db0b5aa33438c12967666c051206,02d0811437074f99181cd743a47339c7185bc5fa,5,deepsets,613,0.37083333333333335,0.7458333333333333,0.8789924568965517,0.20265804597701154,0.30833333333333335,0.1,0.23333333333333334,0.5166666666666667,62,0.9288766384124756,1.0
bounded_validation,MOBIO,IoM-GRP,91831,random_key_pool_8,30,0.03333333333333333,92101,92107,c85bc87994072569f85740a8be162b001cd5db0b5aa33438c12967666c051206,02d0811437074f99181cd743a47339c7185bc5fa,10,mean_mlp,601,0.6791666666666667,0.9583333333333334,0.963551245210728,0.07945402298850578,0.4708333333333333,0.30833333333333335,0.5166666666666667,0.8291666666666667,108,2.190000057220459,1.0
bounded_validation,MOBIO,IoM-GRP,91831,random_key_pool_8,30,0.03333333333333333,92101,92107,c85bc87994072569f85740a8be162b001cd5db0b5aa33438c12967666c051206,02d0811437074f99181cd743a47339c7185bc5fa,10,mean_mlp,607,0.675,0.9333333333333333,0.9672952586206895,0.08829022988505748,0.5416666666666666,0.12083333333333333,0.5166666666666667,0.8208333333333333,118,1.1187114715576172,1.0
bounded_validation,MOBIO,IoM-GRP,91831,random_key_pool_8,30,0.03333333333333333,92101,92107,c85bc87994072569f85740a8be162b001cd5db0b5aa33438c12967666c051206,02d0811437074f99181cd743a47339c7185bc5fa,10,mean_mlp,613,0.7,0.975,0.9719558189655173,0.09583333333333333,0.6458333333333334,0.20416666666666666,0.5416666666666666,0.8542708333333328,104,0.9705545902252197,1.0
bounded_validation,MOBIO,IoM-GRP,91831,random_key_pool_8,30,0.03333333333333333,92101,92107,c85bc87994072569f85740a8be162b001cd5db0b5aa33438c12967666c051206,02d0811437074f99181cd743a47339c7185bc5fa,10,deepsets,601,0.3875,0.8083333333333333,0.9178292624521073,0.17485632183908048,0.24166666666666667,0.15,0.22083333333333333,0.5584374999999995,40,1.170609474182129,1.0
bounded_validation,MOBIO,IoM-GRP,91831,random_key_pool_8,30,0.03333333333333333,92101,92107,c85bc87994072569f85740a8be162b001cd5db0b5aa33438c12967666c051206,02d0811437074f99181cd743a47339c7185bc5fa,10,deepsets,607,0.4625,0.7416666666666667,0.9085237068965517,0.17679597701149427,0.38333333333333336,0.15,0.30416666666666664,0.6291666666666667,39,1.2797603607177734,1.0
bounded_validation,MOBIO,IoM-GRP,91831,random_key_pool_8,30,0.03333333333333333,92101,92107,c85bc87994072569f85740a8be162b001cd5db0b5aa33438c12967666c051206,02d0811437074f99181cd743a47339c7185bc5fa,10,deepsets,613,0.38333333333333336,0.7125,0.8777215038314177,0.22004310344827588,0.275,0.15416666666666667,0.225,0.5458333333333333,39,1.1928601264953613,1.0
bounded_validation,SCface,IoM-GRP,91831,random_key_pool_8,26,0.038461538461538464,92101,92107,8c77948186d8ab6978891450798cd5e720fd00b03b1f5cb60887a4795b51f8f9,02d0811437074f99181cd743a47339c7185bc5fa,1,single_mlp,601,0.15384615384615385,0.36538461538461536,0.6313063979289941,0.4028846153846154,0.09134615384615384,0.014423076923076924,0.0625,0.25961538461538464,70,0.7251663208007812,0.8317307692307693
bounded_validation,SCface,IoM-GRP,91831,random_key_pool_8,26,0.038461538461538464,92101,92107,8c77948186d8ab6978891450798cd5e720fd00b03b1f5cb60887a4795b51f8f9,02d0811437074f99181cd743a47339c7185bc5fa,1,single_mlp,607,0.16826923076923078,0.3605769230769231,0.6426923076923078,0.3942307692307693,0.0625,0.02403846153846154,0.0673076923076923,0.28846153846153844,114,0.9769308567047119,0.8317307692307693
bounded_validation,SCface,IoM-GRP,91831,random_key_pool_8,26,0.038461538461538464,92101,92107,8c77948186d8ab6978891450798cd5e720fd00b03b1f5cb60887a4795b51f8f9,02d0811437074f99181cd743a47339c7185bc5fa,1,single_mlp,613,0.14903846153846154,0.35096153846153844,0.6441318417159764,0.3836538461538461,0.0673076923076923,0.028846153846153848,0.0673076923076923,0.2403846153846154,59,0.7150630950927734,0.8317307692307693
bounded_validation,SCface,IoM-GRP,91831,random_key_pool_8,26,0.038461538461538464,92101,92107,8c77948186d8ab6978891450798cd5e720fd00b03b1f5cb60887a4795b51f8f9,02d0811437074f99181cd743a47339c7185bc5fa,2,mean_mlp,601,0.16826923076923078,0.47596153846153844,0.7155316198224853,0.3409615384615384,0.125,0.04326923076923077,0.07692307692307693,0.27884615384615385,93,0.815941333770752,0.9134615384615384
bounded_validation,SCface,IoM-GRP,91831,random_key_pool_8,26,0.038461538461538464,92101,92107,8c77948186d8ab6978891450798cd5e720fd00b03b1f5cb60887a4795b51f8f9,02d0811437074f99181cd743a47339c7185bc5fa,2,mean_mlp,607,0.1971153846153846,0.49038461538461536,0.7245950443786983,0.3504807692307692,0.1346153846153846,0.04807692307692308,0.09615384615384616,0.3125,115,0.8739011287689209,0.9134615384615384
bounded_validation,SCface,IoM-GRP,91831,random_key_pool_8,26,0.038461538461538464,92101,92107,8c77948186d8ab6978891450798cd5e720fd00b03b1f5cb60887a4795b51f8f9,02d0811437074f99181cd743a47339c7185bc5fa,2,mean_mlp,613,0.1875,0.46634615384615385,0.7314469304733728,0.32798076923076924,0.11057692307692307,0.052884615384615384,0.08653846153846154,0.3076923076923077,106,0.8755035400390625,0.9134615384615384
bounded_validation,SCface,IoM-GRP,91831,random_key_pool_8,26,0.038461538461538464,92101,92107,8c77948186d8ab6978891450798cd5e720fd00b03b1f5cb60887a4795b51f8f9,02d0811437074f99181cd743a47339c7185bc5fa,2,deepsets,601,0.13942307692307693,0.4326923076923077,0.6987268860946745,0.36423076923076925,0.07692307692307693,0.014423076923076924,0.0625,0.23088942307692242,62,0.8651328086853027,0.9134615384615384
bounded_validation,SCface,IoM-GRP,91831,random_key_pool_8,26,0.038461538461538464,92101,92107,8c77948186d8ab6978891450798cd5e720fd00b03b1f5cb60887a4795b51f8f9,02d0811437074f99181cd743a47339c7185bc5fa,2,deepsets,607,0.038461538461538464,0.19230769230769232,0.5138711168639053,0.48894230769230773,0.02403846153846154,0.0,0.0,0.11538461538461539,22,0.5517964363098145,0.9134615384615384
bounded_validation,SCface,IoM-GRP,91831,random_key_pool_8,26,0.038461538461538464,92101,92107,8c77948186d8ab6978891450798cd5e720fd00b03b1f5cb60887a4795b51f8f9,02d0811437074f99181cd743a47339c7185bc5fa,2,deepsets,613,0.14903846153846154,0.4855769230769231,0.6923622411242604,0.36615384615384616,0.07692307692307693,0.038461538461538464,0.052884615384615384,0.2644230769230769,79,1.030888557434082,0.9134615384615384
bounded_validation,SCface,IoM-GRP,91831,random_key_pool_8,26,0.038461538461538464,92101,92107,8c77948186d8ab6978891450798cd5e720fd00b03b1f5cb60887a4795b51f8f9,02d0811437074f99181cd743a47339c7185bc5fa,5,mean_mlp,601,0.22596153846153846,0.6009615384615384,0.7989497041420118,0.26538461538461533,0.17307692307692307,0.10576923076923077,0.10096153846153846,0.3701923076923077,110,2.023022413253784,0.9230769230769231
bounded_validation,SCface,IoM-GRP,91831,random_key_pool_8,26,0.038461538461538464,92101,92107,8c77948186d8ab6978891450798cd5e720fd00b03b1f5cb60887a4795b51f8f9,02d0811437074f99181cd743a47339c7185bc5fa,5,mean_mlp,607,0.23076923076923078,0.6057692307692307,0.8103134245562129,0.25403846153846155,0.16826923076923078,0.057692307692307696,0.09134615384615384,0.3798076923076923,111,1.0611038208007812,0.9230769230769231
bounded_validation,SCface,IoM-GRP,91831,random_key_pool_8,26,0.038461538461538464,92101,92107,8c77948186d8ab6978891450798cd5e720fd00b03b1f5cb60887a4795b51f8f9,02d0811437074f99181cd743a47339c7185bc5fa,5,mean_mlp,613,0.22115384615384615,0.6201923076923077,0.8057146819526626,0.2552884615384615,0.18269230769230768,0.09134615384615384,0.09134615384615384,0.3701923076923077,109,0.9600486755371094,0.9230769230769231
bounded_validation,SCface,IoM-GRP,91831,random_key_pool_8,26,0.038461538461538464,92101,92107,8c77948186d8ab6978891450798cd5e720fd00b03b1f5cb60887a4795b51f8f9,02d0811437074f99181cd743a47339c7185bc5fa,5,deepsets,601,0.16826923076923078,0.42788461538461536,0.6981370192307692,0.36480769230769233,0.1201923076923077,0.08173076923076923,0.04807692307692308,0.30288461538461536,69,0.9873554706573486,0.9230769230769231
bounded_validation,SCface,IoM-GRP,91831,random_key_pool_8,26,0.038461538461538464,92101,92107,8c77948186d8ab6978891450798cd5e720fd00b03b1f5cb60887a4795b51f8f9,02d0811437074f99181cd743a47339c7185bc5fa,5,deepsets,607,0.2403846153846154,0.4423076923076923,0.7381712278106509,0.3439423076923077,0.15865384615384615,0.0673076923076923,0.10096153846153846,0.3942307692307692,72,0.9924414157867432,0.9230769230769231
bounded_validation,SCface,IoM-GRP,91831,random_key_pool_8,26,0.038461538461538464,92101,92107,8c77948186d8ab6978891450798cd5e720fd00b03b1f5cb60887a4795b51f8f9,02d0811437074f99181cd743a47339c7185bc5fa,5,deepsets,613,0.1875,0.47115384615384615,0.7273363535502958,0.3465384615384616,0.09615384615384616,0.038461538461538464,0.07211538461538461,0.3317307692307692,69,1.0026893615722656,0.9230769230769231
bounded_validation,SCface,IoM-GRP,91831,random_key_pool_8,26,0.038461538461538464,92101,92107,8c77948186d8ab6978891450798cd5e720fd00b03b1f5cb60887a4795b51f8f9,02d0811437074f99181cd743a47339c7185bc5fa,10,mean_mlp,601,0.22115384615384615,0.6346153846153846,0.8266420118343195,0.24461538461538462,0.19230769230769232,0.15865384615384615,0.08173076923076923,0.37992788461538396,110,2.2532670497894287,0.9230769230769231
bounded_validation,SCface,IoM-GRP,91831,random_key_pool_8,26,0.038461538461538464,92101,92107,8c77948186d8ab6978891450798cd5e720fd00b03b1f5cb60887a4795b51f8f9,02d0811437074f99181cd743a47339c7185bc5fa,10,mean_mlp,607,0.27884615384615385,0.6730769230769231,0.8536242603550296,0.22663461538461538,0.21153846153846154,0.11538461538461539,0.125,0.4423076923076923,119,1.0150508880615234,0.9230769230769231
bounded_validation,SCface,IoM-GRP,91831,random_key_pool_8,26,0.038461538461538464,92101,92107,8c77948186d8ab6978891450798cd5e720fd00b03b1f5cb60887a4795b51f8f9,02d0811437074f99181cd743a47339c7185bc5fa,10,mean_mlp,613,0.22596153846153846,0.6586538461538461,0.831557877218935,0.23259615384615384,0.20673076923076922,0.17307692307692307,0.08653846153846154,0.38461538461538464,114,1.0144994258880615,0.9230769230769231
bounded_validation,SCface,IoM-GRP,91831,random_key_pool_8,26,0.038461538461538464,92101,92107,8c77948186d8ab6978891450798cd5e720fd00b03b1f5cb60887a4795b51f8f9,02d0811437074f99181cd743a47339c7185bc5fa,10,deepsets,601,0.22115384615384615,0.5240384615384616,0.7534190088757398,0.30625,0.18269230769230768,0.08653846153846154,0.09134615384615384,0.36538461538461536,68,1.2725059986114502,0.9230769230769231
bounded_validation,SCface,IoM-GRP,91831,random_key_pool_8,26,0.038461538461538464,92101,92107,8c77948186d8ab6978891450798cd5e720fd00b03b1f5cb60887a4795b51f8f9,02d0811437074f99181cd743a47339c7185bc5fa,10,deepsets,607,0.27884615384615385,0.5288461538461539,0.7744924186390534,0.3119230769230769,0.20673076923076922,0.08653846153846154,0.125,0.44242788461538396,72,1.334550142288208,0.9230769230769231
bounded_validation,SCface,IoM-GRP,91831,random_key_pool_8,26,0.038461538461538464,92101,92107,8c77948186d8ab6978891450798cd5e720fd00b03b1f5cb60887a4795b51f8f9,02d0811437074f99181cd743a47339c7185bc5fa,10,deepsets,613,0.21153846153846154,0.5240384615384616,0.7727838387573965,0.3259615384615384,0.1201923076923077,0.02403846153846154,0.08653846153846154,0.35588942307692245,74,1.3596093654632568,0.9230769230769231
bounded_validation,MOBIO,IoM-GRP,91843,random_key_pool_8,30,0.03333333333333333,92101,92107,1df847973a550e134217013f1d71a7f383882477fe1faa03c3c08d0fc33fc7c9,02d0811437074f99181cd743a47339c7185bc5fa,1,single_mlp,601,0.2791666666666667,0.5958333333333333,0.8216792385057472,0.26242816091954024,0.15416666666666667,0.04583333333333333,0.17916666666666667,0.38333333333333336,110,0.834291934967041,1.0
bounded_validation,MOBIO,IoM-GRP,91843,random_key_pool_8,30,0.03333333333333333,92101,92107,1df847973a550e134217013f1d71a7f383882477fe1faa03c3c08d0fc33fc7c9,02d0811437074f99181cd743a47339c7185bc5fa,1,single_mlp,607,0.2875,0.625,0.8134207375478928,0.26673850574712643,0.1375,0.0375,0.19583333333333333,0.3792708333333327,114,0.953425407409668,1.0
bounded_validation,MOBIO,IoM-GRP,91843,random_key_pool_8,30,0.03333333333333333,92101,92107,1df847973a550e134217013f1d71a7f383882477fe1faa03c3c08d0fc33fc7c9,02d0811437074f99181cd743a47339c7185bc5fa,1,single_mlp,613,0.24583333333333332,0.5833333333333334,0.7969019396551724,0.2790948275862069,0.1625,0.0375,0.16666666666666666,0.32916666666666666,119,0.9296040534973145,1.0
bounded_validation,MOBIO,IoM-GRP,91843,random_key_pool_8,30,0.03333333333333333,92101,92107,1df847973a550e134217013f1d71a7f383882477fe1faa03c3c08d0fc33fc7c9,02d0811437074f99181cd743a47339c7185bc5fa,2,mean_mlp,601,0.4791666666666667,0.8125,0.9066912116858238,0.15682471264367814,0.36666666666666664,0.17916666666666667,0.37083333333333335,0.5916666666666667,115,0.8951718807220459,1.0
bounded_validation,MOBIO,IoM-GRP,91843,random_key_pool_8,30,0.03333333333333333,92101,92107,1df847973a550e134217013f1d71a7f383882477fe1faa03c3c08d0fc33fc7c9,02d0811437074f99181cd743a47339c7185bc5fa,2,mean_mlp,607,0.4625,0.7875,0.9070839319923372,0.17126436781609194,0.3416666666666667,0.12083333333333333,0.35,0.575,112,0.8577394485473633,1.0
bounded_validation,MOBIO,IoM-GRP,91843,random_key_pool_8,30,0.03333333333333333,92101,92107,1df847973a550e134217013f1d71a7f383882477fe1faa03c3c08d0fc33fc7c9,02d0811437074f99181cd743a47339c7185bc5fa,2,mean_mlp,613,0.44166666666666665,0.7875,0.9009171455938697,0.17162356321839084,0.3416666666666667,0.13333333333333333,0.3375,0.5416666666666666,107,0.9821209907531738,1.0
bounded_validation,MOBIO,IoM-GRP,91843,random_key_pool_8,30,0.03333333333333333,92101,92107,1df847973a550e134217013f1d71a7f383882477fe1faa03c3c08d0fc33fc7c9,02d0811437074f99181cd743a47339c7185bc5fa,2,deepsets,601,0.325,0.675,0.8575407088122605,0.22485632183908044,0.24166666666666667,0.07083333333333333,0.2125,0.44583333333333336,94,1.1620829105377197,1.0
bounded_validation,MOBIO,IoM-GRP,91843,random_key_pool_8,30,0.03333333333333333,92101,92107,1df847973a550e134217013f1d71a7f383882477fe1faa03c3c08d0fc33fc7c9,02d0811437074f99181cd743a47339c7185bc5fa,2,deepsets,607,0.32083333333333336,0.7416666666666667,0.8717199473180075,0.20739942528735633,0.22916666666666666,0.05416666666666667,0.225,0.425,112,1.1173501014709473,1.0
bounded_validation,MOBIO,IoM-GRP,91843,random_key_pool_8,30,0.03333333333333333,92101,92107,1df847973a550e134217013f1d71a7f383882477fe1faa03c3c08d0fc33fc7c9,02d0811437074f99181cd743a47339c7185bc5fa,2,deepsets,613,0.3875,0.7208333333333333,0.8635219109195402,0.22126436781609193,0.30833333333333335,0.12083333333333333,0.2916666666666667,0.49583333333333335,59,0.8971462249755859,1.0
bounded_validation,MOBIO,IoM-GRP,91843,random_key_pool_8,30,0.03333333333333333,92101,92107,1df847973a550e134217013f1d71a7f383882477fe1faa03c3c08d0fc33fc7c9,02d0811437074f99181cd743a47339c7185bc5fa,5,mean_mlp,601,0.7458333333333333,0.9041666666666667,0.9500113745210729,0.10897988505747125,0.6541666666666667,0.4375,0.6166666666666667,0.8584374999999994,113,0.9482815265655518,1.0
bounded_validation,MOBIO,IoM-GRP,91843,random_key_pool_8,30,0.03333333333333333,92101,92107,1df847973a550e134217013f1d71a7f383882477fe1faa03c3c08d0fc33fc7c9,02d0811437074f99181cd743a47339c7185bc5fa,5,mean_mlp,607,0.6166666666666667,0.8625,0.930110153256705,0.14669540229885059,0.5708333333333333,0.4,0.4875,0.7416666666666667,106,0.9475765228271484,1.0
bounded_validation,MOBIO,IoM-GRP,91843,random_key_pool_8,30,0.03333333333333333,92101,92107,1df847973a550e134217013f1d71a7f383882477fe1faa03c3c08d0fc33fc7c9,02d0811437074f99181cd743a47339c7185bc5fa,5,mean_mlp,613,0.6958333333333333,0.8875,0.9475538793103448,0.13749999999999998,0.6125,0.42083333333333334,0.575,0.8083333333333333,119,0.8592433929443359,1.0
bounded_validation,MOBIO,IoM-GRP,91843,random_key_pool_8,30,0.03333333333333333,92101,92107,1df847973a550e134217013f1d71a7f383882477fe1faa03c3c08d0fc33fc7c9,02d0811437074f99181cd743a47339c7185bc5fa,5,deepsets,601,0.37083333333333335,0.7125,0.8533914032567049,0.22119252873563217,0.25833333333333336,0.14583333333333334,0.24156250000000018,0.5083333333333333,65,0.9207181930541992,1.0
bounded_validation,MOBIO,IoM-GRP,91843,random_key_pool_8,30,0.03333333333333333,92101,92107,1df847973a550e134217013f1d71a7f383882477fe1faa03c3c08d0fc33fc7c9,02d0811437074f99181cd743a47339c7185bc5fa,5,deepsets,607,0.4083333333333333,0.8083333333333333,0.8865978208812262,0.1831896551724138,0.32083333333333336,0.04583333333333333,0.275,0.55,80,1.024062156677246,1.0
bounded_validation,MOBIO,IoM-GRP,91843,random_key_pool_8,30,0.03333333333333333,92101,92107,1df847973a550e134217013f1d71a7f383882477fe1faa03c3c08d0fc33fc7c9,02d0811437074f99181cd743a47339c7185bc5fa,5,deepsets,613,0.4375,0.75,0.8720055076628351,0.205316091954023,0.325,0.125,0.3,0.5791666666666667,39,0.6845245361328125,1.0
bounded_validation,MOBIO,IoM-GRP,91843,random_key_pool_8,30,0.03333333333333333,92101,92107,1df847973a550e134217013f1d71a7f383882477fe1faa03c3c08d0fc33fc7c9,02d0811437074f99181cd743a47339c7185bc5fa,10,mean_mlp,601,0.775,0.9416666666666667,0.9723521312260537,0.0915948275862069,0.6791666666666667,0.6125,0.6416666666666667,0.9,107,2.136000633239746,1.0
bounded_validation,MOBIO,IoM-GRP,91843,random_key_pool_8,30,0.03333333333333333,92101,92107,1df847973a550e134217013f1d71a7f383882477fe1faa03c3c08d0fc33fc7c9,02d0811437074f99181cd743a47339c7185bc5fa,10,mean_mlp,607,0.7041666666666667,0.9083333333333333,0.9554232519157088,0.12916666666666665,0.6583333333333333,0.5375,0.5375,0.8583333333333333,119,1.0324409008026123,1.0
bounded_validation,MOBIO,IoM-GRP,91843,random_key_pool_8,30,0.03333333333333333,92101,92107,1df847973a550e134217013f1d71a7f383882477fe1faa03c3c08d0fc33fc7c9,02d0811437074f99181cd743a47339c7185bc5fa,10,mean_mlp,613,0.6916666666666667,0.8916666666666667,0.9627550287356321,0.12492816091954023,0.7125,0.5166666666666667,0.5375,0.8459374999999995,119,1.061802625656128,1.0
bounded_validation,MOBIO,IoM-GRP,91843,random_key_pool_8,30,0.03333333333333333,92101,92107,1df847973a550e134217013f1d71a7f383882477fe1faa03c3c08d0fc33fc7c9,02d0811437074f99181cd743a47339c7185bc5fa,10,deepsets,601,0.3125,0.6333333333333333,0.8283477011494252,0.262787356321839,0.2375,0.125,0.17083333333333334,0.4666666666666667,40,1.155945062637329,1.0
bounded_validation,MOBIO,IoM-GRP,91843,random_key_pool_8,30,0.03333333333333333,92101,92107,1df847973a550e134217013f1d71a7f383882477fe1faa03c3c08d0fc33fc7c9,02d0811437074f99181cd743a47339c7185bc5fa,10,deepsets,607,0.4708333333333333,0.7583333333333333,0.8949898227969348,0.18103448275862072,0.3416666666666667,0.06666666666666667,0.30833333333333335,0.6416666666666667,38,1.1301922798156738,1.0
bounded_validation,MOBIO,IoM-GRP,91843,random_key_pool_8,30,0.03333333333333333,92101,92107,1df847973a550e134217013f1d71a7f383882477fe1faa03c3c08d0fc33fc7c9,02d0811437074f99181cd743a47339c7185bc5fa,10,deepsets,613,0.4583333333333333,0.75,0.8410075431034483,0.23017241379310344,0.35,0.10833333333333334,0.2875,0.625,30,1.0100183486938477,1.0
bounded_validation,SCface,IoM-GRP,91843,random_key_pool_8,26,0.038461538461538464,92101,92107,3fbae4d959bb93c63eefb080e08425cd6db13ea6ac1ef1d048e9f10b1bc84536,02d0811437074f99181cd743a47339c7185bc5fa,1,single_mlp,601,0.1201923076923077,0.3942307692307692,0.6611298076923078,0.40855769230769234,0.038461538461538464,0.014423076923076924,0.07211538461538461,0.17307692307692307,47,0.5770299434661865,0.9134615384615384
bounded_validation,SCface,IoM-GRP,91843,random_key_pool_8,26,0.038461538461538464,92101,92107,3fbae4d959bb93c63eefb080e08425cd6db13ea6ac1ef1d048e9f10b1bc84536,02d0811437074f99181cd743a47339c7185bc5fa,1,single_mlp,607,0.125,0.46153846153846156,0.6629881656804734,0.3848076923076923,0.052884615384615384,0.014423076923076924,0.0673076923076923,0.19242788461538396,114,0.867450475692749,0.9134615384615384
bounded_validation,SCface,IoM-GRP,91843,random_key_pool_8,26,0.038461538461538464,92101,92107,3fbae4d959bb93c63eefb080e08425cd6db13ea6ac1ef1d048e9f10b1bc84536,02d0811437074f99181cd743a47339c7185bc5fa,1,single_mlp,613,0.125,0.41346153846153844,0.6890486316568047,0.3748076923076923,0.04807692307692308,0.009615384615384616,0.0625,0.19230769230769232,115,0.7721548080444336,0.9134615384615384
bounded_validation,SCface,IoM-GRP,91843,random_key_pool_8,26,0.038461538461538464,92101,92107,3fbae4d959bb93c63eefb080e08425cd6db13ea6ac1ef1d048e9f10b1bc84536,02d0811437074f99181cd743a47339c7185bc5fa,2,mean_mlp,601,0.22596153846153846,0.5192307692307693,0.7478217455621302,0.32644230769230764,0.1201923076923077,0.04807692307692308,0.1346153846153846,0.3269230769230769,115,0.8946285247802734,0.9519230769230769
bounded_validation,SCface,IoM-GRP,91843,random_key_pool_8,26,0.038461538461538464,92101,92107,3fbae4d959bb93c63eefb080e08425cd6db13ea6ac1ef1d048e9f10b1bc84536,02d0811437074f99181cd743a47339c7185bc5fa,2,mean_mlp,607,0.1875,0.5336538461538461,0.7441299926035504,0.3228846153846154,0.11538461538461539,0.009615384615384616,0.10096153846153846,0.29338942307692245,110,0.8614592552185059,0.9519230769230769
bounded_validation,SCface,IoM-GRP,91843,random_key_pool_8,26,0.038461538461538464,92101,92107,3fbae4d959bb93c63eefb080e08425cd6db13ea6ac1ef1d048e9f10b1bc84536,02d0811437074f99181cd743a47339c7185bc5fa,2,mean_mlp,613,0.20192307692307693,0.5240384615384616,0.7498973742603551,0.31740384615384615,0.125,0.028846153846153848,0.1201923076923077,0.2932692307692308,107,0.9050512313842773,0.9519230769230769
bounded_validation,SCface,IoM-GRP,91843,random_key_pool_8,26,0.038461538461538464,92101,92107,3fbae4d959bb93c63eefb080e08425cd6db13ea6ac1ef1d048e9f10b1bc84536,02d0811437074f99181cd743a47339c7185bc5fa,2,deepsets,601,0.18269230769230768,0.4807692307692308,0.73098650147929,0.3175,0.0625,0.009615384615384616,0.10096153846153846,0.27884615384615385,60,0.8593721389770508,0.9519230769230769
bounded_validation,SCface,IoM-GRP,91843,random_key_pool_8,26,0.038461538461538464,92101,92107,3fbae4d959bb93c63eefb080e08425cd6db13ea6ac1ef1d048e9f10b1bc84536,02d0811437074f99181cd743a47339c7185bc5fa,2,deepsets,607,0.18269230769230768,0.4855769230769231,0.7132516642011835,0.3372115384615385,0.1201923076923077,0.038461538461538464,0.10564903846153867,0.27403846153846156,93,1.2089922428131104,0.9519230769230769
bounded_validation,SCface,IoM-GRP,91843,random_key_pool_8,26,0.038461538461538464,92101,92107,3fbae4d959bb93c63eefb080e08425cd6db13ea6ac1ef1d048e9f10b1bc84536,02d0811437074f99181cd743a47339c7185bc5fa,2,deepsets,613,0.1778846153846154,0.5240384615384616,0.7319877958579881,0.33490384615384616,0.08173076923076923,0.019230769230769232,0.10576923076923077,0.2548076923076923,65,0.9111204147338867,0.9519230769230769
bounded_validation,SCface,IoM-GRP,91843,random_key_pool_8,26,0.038461538461538464,92101,92107,3fbae4d959bb93c63eefb080e08425cd6db13ea6ac1ef1d048e9f10b1bc84536,02d0811437074f99181cd743a47339c7185bc5fa,5,mean_mlp,601,0.3125,0.6346153846153846,0.7942557322485206,0.28394230769230766,0.20192307692307693,0.08653846153846154,0.1971153846153846,0.44711538461538464,117,0.92694091796875,0.9615384615384616
bounded_validation,SCface,IoM-GRP,91843,random_key_pool_8,26,0.038461538461538464,92101,92107,3fbae4d959bb93c63eefb080e08425cd6db13ea6ac1ef1d048e9f10b1bc84536,02d0811437074f99181cd743a47339c7185bc5fa,5,mean_mlp,607,0.24519230769230768,0.6634615384615384,0.8069508136094674,0.26942307692307693,0.16346153846153846,0.038461538461538464,0.1346153846153846,0.37512019230769167,111,1.0079741477966309,0.9615384615384616
bounded_validation,SCface,IoM-GRP,91843,random_key_pool_8,26,0.038461538461538464,92101,92107,3fbae4d959bb93c63eefb080e08425cd6db13ea6ac1ef1d048e9f10b1bc84536,02d0811437074f99181cd743a47339c7185bc5fa,5,mean_mlp,613,0.2644230769230769,0.6538461538461539,0.8045081360946745,0.27634615384615385,0.16826923076923078,0.04807692307692308,0.15384615384615385,0.3943509615384609,115,1.0425798892974854,0.9615384615384616
bounded_validation,SCface,IoM-GRP,91843,random_key_pool_8,26,0.038461538461538464,92101,92107,3fbae4d959bb93c63eefb080e08425cd6db13ea6ac1ef1d048e9f10b1bc84536,02d0811437074f99181cd743a47339c7185bc5fa,5,deepsets,601,0.1201923076923077,0.5288461538461539,0.746610576923077,0.3075,0.057692307692307696,0.009615384615384616,0.04326923076923077,0.22596153846153846,75,1.0000202655792236,0.9615384615384616
bounded_validation,SCface,IoM-GRP,91843,random_key_pool_8,26,0.038461538461538464,92101,92107,3fbae4d959bb93c63eefb080e08425cd6db13ea6ac1ef1d048e9f10b1bc84536,02d0811437074f99181cd743a47339c7185bc5fa,5,deepsets,607,0.23557692307692307,0.5144230769230769,0.7216826923076923,0.3473076923076923,0.13942307692307693,0.04326923076923077,0.1201923076923077,0.3701923076923077,81,1.0350723266601562,0.9615384615384616
bounded_validation,SCface,IoM-GRP,91843,random_key_pool_8,26,0.038461538461538464,92101,92107,3fbae4d959bb93c63eefb080e08425cd6db13ea6ac1ef1d048e9f10b1bc84536,02d0811437074f99181cd743a47339c7185bc5fa,5,deepsets,613,0.19230769230769232,0.5480769230769231,0.7557775517751479,0.31826923076923075,0.11057692307692307,0.03365384615384615,0.09134615384615384,0.3125,81,1.0439159870147705,0.9615384615384616
bounded_validation,SCface,IoM-GRP,91843,random_key_pool_8,26,0.038461538461538464,92101,92107,3fbae4d959bb93c63eefb080e08425cd6db13ea6ac1ef1d048e9f10b1bc84536,02d0811437074f99181cd743a47339c7185bc5fa,10,mean_mlp,601,0.3317307692307692,0.6971153846153846,0.8212407544378697,0.26384615384615384,0.25961538461538464,0.08173076923076923,0.1875,0.5048076923076923,118,2.27984356880188,0.9615384615384616
bounded_validation,SCface,IoM-GRP,91843,random_key_pool_8,26,0.038461538461538464,92101,92107,3fbae4d959bb93c63eefb080e08425cd6db13ea6ac1ef1d048e9f10b1bc84536,02d0811437074f99181cd743a47339c7185bc5fa,10,mean_mlp,607,0.38461538461538464,0.6682692307692307,0.8354262204142011,0.24923076923076923,0.2548076923076923,0.125,0.22584134615384638,0.5480769230769231,119,0.9697279930114746,0.9615384615384616
bounded_validation,SCface,IoM-GRP,91843,random_key_pool_8,26,0.038461538461538464,92101,92107,3fbae4d959bb93c63eefb080e08425cd6db13ea6ac1ef1d048e9f10b1bc84536,02d0811437074f99181cd743a47339c7185bc5fa,10,mean_mlp,613,0.34134615384615385,0.6586538461538461,0.8183912721893492,0.25942307692307687,0.1875,0.08653846153846154,0.19230769230769232,0.5096153846153846,117,1.0692777633666992,0.9615384615384616
bounded_validation,SCface,IoM-GRP,91843,random_key_pool_8,26,0.038461538461538464,92101,92107,3fbae4d959bb93c63eefb080e08425cd6db13ea6ac1ef1d048e9f10b1bc84536,02d0811437074f99181cd743a47339c7185bc5fa,10,deepsets,601,0.28846153846153844,0.5769230769230769,0.7821301775147929,0.3024038461538462,0.19230769230769232,0.07692307692307693,0.14423076923076922,0.4519230769230769,65,1.270352840423584,0.9615384615384616
bounded_validation,SCface,IoM-GRP,91843,random_key_pool_8,26,0.038461538461538464,92101,92107,3fbae4d959bb93c63eefb080e08425cd6db13ea6ac1ef1d048e9f10b1bc84536,02d0811437074f99181cd743a47339c7185bc5fa,10,deepsets,607,0.28846153846153844,0.5865384615384616,0.7814515532544378,0.3057692307692308,0.20673076923076922,0.04326923076923077,0.13942307692307693,0.44711538461538464,70,1.3151612281799316,0.9615384615384616
bounded_validation,SCface,IoM-GRP,91843,random_key_pool_8,26,0.038461538461538464,92101,92107,3fbae4d959bb93c63eefb080e08425cd6db13ea6ac1ef1d048e9f10b1bc84536,02d0811437074f99181cd743a47339c7185bc5fa,10,deepsets,613,0.30288461538461536,0.5769230769230769,0.7568121301775148,0.3170192307692308,0.20192307692307693,0.1346153846153846,0.16346153846153846,0.46165865384615323,70,1.3267788887023926,0.9615384615384616
bounded_validation,MOBIO,PolyProtect,91831,random_key_pool_8,30,0.03333333333333333,92101,92107,d0c08c78c09868ce51253d3e4c31b669122d3d4550da5dec50cd06292385f958,02d0811437074f99181cd743a47339c7185bc5fa,1,single_mlp,601,0.3375,0.6375,0.7876023706896552,0.2665229885057472,0.19166666666666668,0.05,0.24583333333333332,0.4375,48,0.5707499980926514,1.0
bounded_validation,MOBIO,PolyProtect,91831,random_key_pool_8,30,0.03333333333333333,92101,92107,d0c08c78c09868ce51253d3e4c31b669122d3d4550da5dec50cd06292385f958,02d0811437074f99181cd743a47339c7185bc5fa,1,single_mlp,607,0.2708333333333333,0.6041666666666666,0.7963116618773947,0.2831896551724138,0.21666666666666667,0.08333333333333333,0.19166666666666668,0.35833333333333334,50,0.5975754261016846,1.0
bounded_validation,MOBIO,PolyProtect,91831,random_key_pool_8,30,0.03333333333333333,92101,92107,d0c08c78c09868ce51253d3e4c31b669122d3d4550da5dec50cd06292385f958,02d0811437074f99181cd743a47339c7185bc5fa,1,single_mlp,613,0.3416666666666667,0.6333333333333333,0.7865619013409961,0.26163793103448274,0.25416666666666665,0.075,0.25416666666666665,0.42916666666666664,97,0.8865180015563965,1.0
bounded_validation,MOBIO,PolyProtect,91831,random_key_pool_8,30,0.03333333333333333,92101,92107,d0c08c78c09868ce51253d3e4c31b669122d3d4550da5dec50cd06292385f958,02d0811437074f99181cd743a47339c7185bc5fa,2,mean_mlp,601,0.525,0.8333333333333334,0.9105980603448276,0.17500000000000002,0.42083333333333334,0.225,0.42083333333333334,0.6291666666666667,72,0.7700939178466797,1.0
bounded_validation,MOBIO,PolyProtect,91831,random_key_pool_8,30,0.03333333333333333,92101,92107,d0c08c78c09868ce51253d3e4c31b669122d3d4550da5dec50cd06292385f958,02d0811437074f99181cd743a47339c7185bc5fa,2,mean_mlp,607,0.5083333333333333,0.8041666666666667,0.9015367576628353,0.17974137931034484,0.44166666666666665,0.22083333333333333,0.4083333333333333,0.6083333333333333,88,0.9188292026519775,1.0
bounded_validation,MOBIO,PolyProtect,91831,random_key_pool_8,30,0.03333333333333333,92101,92107,d0c08c78c09868ce51253d3e4c31b669122d3d4550da5dec50cd06292385f958,02d0811437074f99181cd743a47339c7185bc5fa,2,mean_mlp,613,0.49583333333333335,0.7708333333333334,0.8973090277777779,0.18426724137931033,0.425,0.175,0.3915625000000002,0.6041666666666666,87,0.8800671100616455,1.0
bounded_validation,MOBIO,PolyProtect,91831,random_key_pool_8,30,0.03333333333333333,92101,92107,d0c08c78c09868ce51253d3e4c31b669122d3d4550da5dec50cd06292385f958,02d0811437074f99181cd743a47339c7185bc5fa,2,deepsets,601,0.375,0.6458333333333334,0.8323204022988506,0.25,0.25833333333333336,0.07083333333333333,0.26666666666666666,0.48760416666666606,52,0.8034443855285645,1.0
bounded_validation,MOBIO,PolyProtect,91831,random_key_pool_8,30,0.03333333333333333,92101,92107,d0c08c78c09868ce51253d3e4c31b669122d3d4550da5dec50cd06292385f958,02d0811437074f99181cd743a47339c7185bc5fa,2,deepsets,607,0.36666666666666664,0.6291666666666667,0.8236829501915708,0.2583333333333333,0.275,0.04583333333333333,0.25833333333333336,0.475,62,0.8754229545593262,1.0
bounded_validation,MOBIO,PolyProtect,91831,random_key_pool_8,30,0.03333333333333333,92101,92107,d0c08c78c09868ce51253d3e4c31b669122d3d4550da5dec50cd06292385f958,02d0811437074f99181cd743a47339c7185bc5fa,2,deepsets,613,0.44166666666666665,0.7458333333333333,0.8590223898467433,0.2165948275862069,0.35833333333333334,0.08333333333333333,0.32916666666666666,0.5541666666666667,70,0.9192068576812744,1.0
bounded_validation,MOBIO,PolyProtect,91831,random_key_pool_8,30,0.03333333333333333,92101,92107,d0c08c78c09868ce51253d3e4c31b669122d3d4550da5dec50cd06292385f958,02d0811437074f99181cd743a47339c7185bc5fa,5,mean_mlp,601,0.7208333333333333,0.9166666666666666,0.9536835488505747,0.12442528735632183,0.6125,0.38333333333333336,0.5875,0.8458333333333333,120,0.9203917980194092,1.0
bounded_validation,MOBIO,PolyProtect,91831,random_key_pool_8,30,0.03333333333333333,92101,92107,d0c08c78c09868ce51253d3e4c31b669122d3d4550da5dec50cd06292385f958,02d0811437074f99181cd743a47339c7185bc5fa,5,mean_mlp,607,0.725,0.9125,0.9556261973180078,0.12464080459770115,0.6416666666666667,0.32083333333333336,0.6125,0.8291666666666667,120,0.8698153495788574,1.0
bounded_validation,MOBIO,PolyProtect,91831,random_key_pool_8,30,0.03333333333333333,92101,92107,d0c08c78c09868ce51253d3e4c31b669122d3d4550da5dec50cd06292385f958,02d0811437074f99181cd743a47339c7185bc5fa,5,mean_mlp,613,0.7416666666666667,0.8875,0.9522880747126437,0.12442528735632183,0.7,0.35833333333333334,0.6083333333333333,0.8541666666666666,120,1.1033415794372559,1.0
bounded_validation,MOBIO,PolyProtect,91831,random_key_pool_8,30,0.03333333333333333,92101,92107,d0c08c78c09868ce51253d3e4c31b669122d3d4550da5dec50cd06292385f958,02d0811437074f99181cd743a47339c7185bc5fa,5,deepsets,601,0.5583333333333333,0.8625,0.9362847222222223,0.15064655172413793,0.4583333333333333,0.25833333333333336,0.4125,0.7,111,1.1937215328216553,1.0
bounded_validation,MOBIO,PolyProtect,91831,random_key_pool_8,30,0.03333333333333333,92101,92107,d0c08c78c09868ce51253d3e4c31b669122d3d4550da5dec50cd06292385f958,02d0811437074f99181cd743a47339c7185bc5fa,5,deepsets,607,0.6125,0.85,0.9289014607279694,0.15926724137931034,0.5208333333333334,0.31666666666666665,0.4708333333333333,0.7416666666666667,101,1.1329154968261719,1.0
bounded_validation,MOBIO,PolyProtect,91831,random_key_pool_8,30,0.03333333333333333,92101,92107,d0c08c78c09868ce51253d3e4c31b669122d3d4550da5dec50cd06292385f958,02d0811437074f99181cd743a47339c7185bc5fa,5,deepsets,613,0.6333333333333333,0.9,0.9434548611111111,0.11652298850574713,0.5416666666666666,0.25,0.5,0.75,119,1.1920228004455566,1.0
bounded_validation,MOBIO,PolyProtect,91831,random_key_pool_8,30,0.03333333333333333,92101,92107,d0c08c78c09868ce51253d3e4c31b669122d3d4550da5dec50cd06292385f958,02d0811437074f99181cd743a47339c7185bc5fa,10,mean_mlp,601,0.8458333333333333,0.9625,0.9807555076628353,0.08606321839080461,0.7875,0.3625,0.7125,0.9583333333333334,120,0.944610595703125,1.0
bounded_validation,MOBIO,PolyProtect,91831,random_key_pool_8,30,0.03333333333333333,92101,92107,d0c08c78c09868ce51253d3e4c31b669122d3d4550da5dec50cd06292385f958,02d0811437074f99181cd743a47339c7185bc5fa,10,mean_mlp,607,0.7791666666666667,0.9291666666666667,0.972890924329502,0.09942528735632183,0.6708333333333333,0.1125,0.6333333333333333,0.9166666666666666,120,0.8908669948577881,1.0
bounded_validation,MOBIO,PolyProtect,91831,random_key_pool_8,30,0.03333333333333333,92101,92107,d0c08c78c09868ce51253d3e4c31b669122d3d4550da5dec50cd06292385f958,02d0811437074f99181cd743a47339c7185bc5fa,10,mean_mlp,613,0.7833333333333333,0.95,0.9649832375478927,0.09942528735632183,0.7041666666666667,0.26666666666666666,0.6375,0.9125,120,0.8472824096679688,1.0
bounded_validation,MOBIO,PolyProtect,91831,random_key_pool_8,30,0.03333333333333333,92101,92107,d0c08c78c09868ce51253d3e4c31b669122d3d4550da5dec50cd06292385f958,02d0811437074f99181cd743a47339c7185bc5fa,10,deepsets,601,0.575,0.9166666666666666,0.9510314894636016,0.10919540229885055,0.45,0.30833333333333335,0.4166666666666667,0.7375,120,1.1089928150177002,1.0
bounded_validation,MOBIO,PolyProtect,91831,random_key_pool_8,30,0.03333333333333333,92101,92107,d0c08c78c09868ce51253d3e4c31b669122d3d4550da5dec50cd06292385f958,02d0811437074f99181cd743a47339c7185bc5fa,10,deepsets,607,0.5958333333333333,0.875,0.9432435344827585,0.14367816091954022,0.5083333333333333,0.18333333333333332,0.42916666666666664,0.7583333333333333,116,1.1089670658111572,1.0
bounded_validation,MOBIO,PolyProtect,91831,random_key_pool_8,30,0.03333333333333333,92101,92107,d0c08c78c09868ce51253d3e4c31b669122d3d4550da5dec50cd06292385f958,02d0811437074f99181cd743a47339c7185bc5fa,10,deepsets,613,0.625,0.9458333333333333,0.966391882183908,0.10653735632183906,0.5666666666666667,0.30833333333333335,0.4625,0.775,119,1.1216142177581787,1.0
bounded_validation,SCface,PolyProtect,91831,random_key_pool_8,26,0.038461538461538464,92101,92107,81996a40a8081b54c1ed9820562f0389a38c5a41244cad1d16043525b1fe91e0,02d0811437074f99181cd743a47339c7185bc5fa,1,single_mlp,601,0.0625,0.2980769230769231,0.6017529585798816,0.4327884615384615,0.028846153846153848,0.009615384615384616,0.009615384615384616,0.13473557692307625,35,0.5070157051086426,0.8317307692307693
bounded_validation,SCface,PolyProtect,91831,random_key_pool_8,26,0.038461538461538464,92101,92107,81996a40a8081b54c1ed9820562f0389a38c5a41244cad1d16043525b1fe91e0,02d0811437074f99181cd743a47339c7185bc5fa,1,single_mlp,607,0.057692307692307696,0.32211538461538464,0.6010401257396449,0.44999999999999996,0.019230769230769232,0.009615384615384616,0.009615384615384616,0.14435096153846086,32,0.4960339069366455,0.8317307692307693
bounded_validation,SCface,PolyProtect,91831,random_key_pool_8,26,0.038461538461538464,92101,92107,81996a40a8081b54c1ed9820562f0389a38c5a41244cad1d16043525b1fe91e0,02d0811437074f99181cd743a47339c7185bc5fa,1,single_mlp,613,0.057692307692307696,0.34615384615384615,0.595577847633136,0.4423076923076923,0.04326923076923077,0.028846153846153848,0.0,0.14903846153846154,33,0.5162515640258789,0.8317307692307693
bounded_validation,SCface,PolyProtect,91831,random_key_pool_8,26,0.038461538461538464,92101,92107,81996a40a8081b54c1ed9820562f0389a38c5a41244cad1d16043525b1fe91e0,02d0811437074f99181cd743a47339c7185bc5fa,2,mean_mlp,601,0.07692307692307693,0.3798076923076923,0.6648335798816567,0.38596153846153847,0.038461538461538464,0.019230769230769232,0.014423076923076924,0.16826923076923078,36,0.47959351539611816,0.9134615384615384
bounded_validation,SCface,PolyProtect,91831,random_key_pool_8,26,0.038461538461538464,92101,92107,81996a40a8081b54c1ed9820562f0389a38c5a41244cad1d16043525b1fe91e0,02d0811437074f99181cd743a47339c7185bc5fa,2,mean_mlp,607,0.07692307692307693,0.42788461538461536,0.6460142381656804,0.40240384615384617,0.028846153846153848,0.0,0.009615384615384616,0.17307692307692307,34,0.5112676620483398,0.9134615384615384
bounded_validation,SCface,PolyProtect,91831,random_key_pool_8,26,0.038461538461538464,92101,92107,81996a40a8081b54c1ed9820562f0389a38c5a41244cad1d16043525b1fe91e0,02d0811437074f99181cd743a47339c7185bc5fa,2,mean_mlp,613,0.07211538461538461,0.4182692307692308,0.6670377218934911,0.38711538461538464,0.04326923076923077,0.014423076923076924,0.009615384615384616,0.1635817307692301,36,0.49265146255493164,0.9134615384615384
bounded_validation,SCface,PolyProtect,91831,random_key_pool_8,26,0.038461538461538464,92101,92107,81996a40a8081b54c1ed9820562f0389a38c5a41244cad1d16043525b1fe91e0,02d0811437074f99181cd743a47339c7185bc5fa,2,deepsets,601,0.11057692307692307,0.4567307692307692,0.6932451923076923,0.36086538461538464,0.07211538461538461,0.028846153846153848,0.03365384615384615,0.20673076923076922,56,0.7970948219299316,0.9134615384615384
bounded_validation,SCface,PolyProtect,91831,random_key_pool_8,26,0.038461538461538464,92101,92107,81996a40a8081b54c1ed9820562f0389a38c5a41244cad1d16043525b1fe91e0,02d0811437074f99181cd743a47339c7185bc5fa,2,deepsets,607,0.038461538461538464,0.25961538461538464,0.5648372781065089,0.44653846153846155,0.038461538461538464,0.009615384615384616,0.0,0.11538461538461539,28,0.6119365692138672,0.9134615384615384
bounded_validation,SCface,PolyProtect,91831,random_key_pool_8,26,0.038461538461538464,92101,92107,81996a40a8081b54c1ed9820562f0389a38c5a41244cad1d16043525b1fe91e0,02d0811437074f99181cd743a47339c7185bc5fa,2,deepsets,613,0.16346153846153846,0.49038461538461536,0.7495857988165681,0.31673076923076926,0.0625,0.028846153846153848,0.09134615384615384,0.25961538461538464,57,0.8581583499908447,0.9134615384615384
bounded_validation,SCface,PolyProtect,91831,random_key_pool_8,26,0.038461538461538464,92101,92107,81996a40a8081b54c1ed9820562f0389a38c5a41244cad1d16043525b1fe91e0,02d0811437074f99181cd743a47339c7185bc5fa,5,mean_mlp,601,0.3942307692307692,0.7644230769230769,0.861459874260355,0.19682692307692307,0.22115384615384615,0.07692307692307693,0.28846153846153844,0.5096153846153846,90,0.8534300327301025,0.9230769230769231
bounded_validation,SCface,PolyProtect,91831,random_key_pool_8,26,0.038461538461538464,92101,92107,81996a40a8081b54c1ed9820562f0389a38c5a41244cad1d16043525b1fe91e0,02d0811437074f99181cd743a47339c7185bc5fa,5,mean_mlp,607,0.32211538461538464,0.7644230769230769,0.8626710428994083,0.20817307692307696,0.22115384615384615,0.07211538461538461,0.20192307692307693,0.4519230769230769,86,0.8157963752746582,0.9230769230769231
bounded_validation,SCface,PolyProtect,91831,random_key_pool_8,26,0.038461538461538464,92101,92107,81996a40a8081b54c1ed9820562f0389a38c5a41244cad1d16043525b1fe91e0,02d0811437074f99181cd743a47339c7185bc5fa,5,mean_mlp,613,0.4230769230769231,0.7980769230769231,0.8956333210059172,0.17653846153846156,0.27403846153846156,0.10096153846153846,0.3125,0.5432692307692307,87,0.896207332611084,0.9230769230769231
bounded_validation,SCface,PolyProtect,91831,random_key_pool_8,26,0.038461538461538464,92101,92107,81996a40a8081b54c1ed9820562f0389a38c5a41244cad1d16043525b1fe91e0,02d0811437074f99181cd743a47339c7185bc5fa,5,deepsets,601,0.21153846153846154,0.6778846153846154,0.8415393860946745,0.23625000000000002,0.12980769230769232,0.04807692307692308,0.11538461538461539,0.3173076923076923,84,1.2054312229156494,0.9230769230769231
bounded_validation,SCface,PolyProtect,91831,random_key_pool_8,26,0.038461538461538464,92101,92107,81996a40a8081b54c1ed9820562f0389a38c5a41244cad1d16043525b1fe91e0,02d0811437074f99181cd743a47339c7185bc5fa,5,deepsets,607,0.28365384615384615,0.6442307692307693,0.8295765532544379,0.25971153846153844,0.1875,0.057692307692307696,0.16826923076923078,0.40865384615384615,75,0.9580280780792236,0.9230769230769231
bounded_validation,SCface,PolyProtect,91831,random_key_pool_8,26,0.038461538461538464,92101,92107,81996a40a8081b54c1ed9820562f0389a38c5a41244cad1d16043525b1fe91e0,02d0811437074f99181cd743a47339c7185bc5fa,5,deepsets,613,0.34615384615384615,0.6778846153846154,0.8116910133136096,0.2656730769230769,0.23557692307692307,0.08173076923076923,0.22115384615384615,0.47596153846153844,96,1.1126735210418701,0.9230769230769231
bounded_validation,SCface,PolyProtect,91831,random_key_pool_8,26,0.038461538461538464,92101,92107,81996a40a8081b54c1ed9820562f0389a38c5a41244cad1d16043525b1fe91e0,02d0811437074f99181cd743a47339c7185bc5fa,10,mean_mlp,601,0.5432692307692307,0.8509615384615384,0.8955501109467455,0.14865384615384616,0.34615384615384615,0.10576923076923077,0.41346153846153844,0.6826923076923077,120,0.8989756107330322,0.9230769230769231
bounded_validation,SCface,PolyProtect,91831,random_key_pool_8,26,0.038461538461538464,92101,92107,81996a40a8081b54c1ed9820562f0389a38c5a41244cad1d16043525b1fe91e0,02d0811437074f99181cd743a47339c7185bc5fa,10,mean_mlp,607,0.4519230769230769,0.875,0.9189154955621303,0.14903846153846156,0.2980769230769231,0.1346153846153846,0.32211538461538464,0.5770432692307685,120,0.9192295074462891,0.9230769230769231
bounded_validation,SCface,PolyProtect,91831,random_key_pool_8,26,0.038461538461538464,92101,92107,81996a40a8081b54c1ed9820562f0389a38c5a41244cad1d16043525b1fe91e0,02d0811437074f99181cd743a47339c7185bc5fa,10,mean_mlp,613,0.4855769230769231,0.9182692307692307,0.9474879807692307,0.11980769230769231,0.3605769230769231,0.15865384615384615,0.35096153846153844,0.625,120,0.919053316116333,0.9230769230769231
bounded_validation,SCface,PolyProtect,91831,random_key_pool_8,26,0.038461538461538464,92101,92107,81996a40a8081b54c1ed9820562f0389a38c5a41244cad1d16043525b1fe91e0,02d0811437074f99181cd743a47339c7185bc5fa,10,deepsets,601,0.3317307692307692,0.8125,0.9021801035502959,0.16769230769230767,0.1875,0.057692307692307696,0.20661057692307713,0.4567307692307692,120,1.1131653785705566,0.9230769230769231
bounded_validation,SCface,PolyProtect,91831,random_key_pool_8,26,0.038461538461538464,92101,92107,81996a40a8081b54c1ed9820562f0389a38c5a41244cad1d16043525b1fe91e0,02d0811437074f99181cd743a47339c7185bc5fa,10,deepsets,607,0.2692307692307692,0.7596153846153846,0.8608949704142013,0.20163461538461536,0.16346153846153846,0.09615384615384616,0.1346153846153846,0.4182692307692308,90,1.2339518070220947,0.9230769230769231
bounded_validation,SCface,PolyProtect,91831,random_key_pool_8,26,0.038461538461538464,92101,92107,81996a40a8081b54c1ed9820562f0389a38c5a41244cad1d16043525b1fe91e0,02d0811437074f99181cd743a47339c7185bc5fa,10,deepsets,613,0.42788461538461536,0.8317307692307693,0.8957636834319526,0.16980769230769227,0.2980769230769231,0.09134615384615384,0.27403846153846156,0.5866586538461532,120,1.0905416011810303,0.9230769230769231
bounded_validation,MOBIO,PolyProtect,91843,random_key_pool_8,30,0.03333333333333333,92101,92107,077755eab8ec8d36fd04f01e23302fbf5cbe1842cc294cedcaf70902ca62d70c,02d0811437074f99181cd743a47339c7185bc5fa,1,single_mlp,601,0.3125,0.6416666666666667,0.7938230363984674,0.2583333333333333,0.21666666666666667,0.07083333333333333,0.22083333333333333,0.4041666666666667,69,0.7402694225311279,1.0
bounded_validation,MOBIO,PolyProtect,91843,random_key_pool_8,30,0.03333333333333333,92101,92107,077755eab8ec8d36fd04f01e23302fbf5cbe1842cc294cedcaf70902ca62d70c,02d0811437074f99181cd743a47339c7185bc5fa,1,single_mlp,607,0.3625,0.5958333333333333,0.7843636254789272,0.2998563218390805,0.2125,0.10416666666666667,0.25416666666666665,0.4666666666666667,69,0.718529224395752,1.0
bounded_validation,MOBIO,PolyProtect,91843,random_key_pool_8,30,0.03333333333333333,92101,92107,077755eab8ec8d36fd04f01e23302fbf5cbe1842cc294cedcaf70902ca62d70c,02d0811437074f99181cd743a47339c7185bc5fa,1,single_mlp,613,0.35,0.6333333333333333,0.7757130028735633,0.2915229885057471,0.29583333333333334,0.15,0.24583333333333332,0.4583333333333333,77,0.7310264110565186,1.0
bounded_validation,MOBIO,PolyProtect,91843,random_key_pool_8,30,0.03333333333333333,92101,92107,077755eab8ec8d36fd04f01e23302fbf5cbe1842cc294cedcaf70902ca62d70c,02d0811437074f99181cd743a47339c7185bc5fa,2,mean_mlp,601,0.5416666666666666,0.7875,0.8847563457854406,0.1958333333333333,0.44583333333333336,0.225,0.43739583333333354,0.65,89,0.8365662097930908,1.0
bounded_validation,MOBIO,PolyProtect,91843,random_key_pool_8,30,0.03333333333333333,92101,92107,077755eab8ec8d36fd04f01e23302fbf5cbe1842cc294cedcaf70902ca62d70c,02d0811437074f99181cd743a47339c7185bc5fa,2,mean_mlp,607,0.4791666666666667,0.7541666666666667,0.8667768199233716,0.21688218390804598,0.39166666666666666,0.22916666666666666,0.375,0.5916666666666667,70,0.7200558185577393,1.0
bounded_validation,MOBIO,PolyProtect,91843,random_key_pool_8,30,0.03333333333333333,92101,92107,077755eab8ec8d36fd04f01e23302fbf5cbe1842cc294cedcaf70902ca62d70c,02d0811437074f99181cd743a47339c7185bc5fa,2,mean_mlp,613,0.5208333333333334,0.7708333333333334,0.8837176724137931,0.1877155172413793,0.42083333333333334,0.18333333333333332,0.4166666666666667,0.6375,69,0.7175822257995605,1.0
bounded_validation,MOBIO,PolyProtect,91843,random_key_pool_8,30,0.03333333333333333,92101,92107,077755eab8ec8d36fd04f01e23302fbf5cbe1842cc294cedcaf70902ca62d70c,02d0811437074f99181cd743a47339c7185bc5fa,2,deepsets,601,0.35,0.6541666666666667,0.8204801245210728,0.26163793103448274,0.2375,0.07083333333333333,0.2665625000000002,0.44166666666666665,88,1.0780088901519775,1.0
bounded_validation,MOBIO,PolyProtect,91843,random_key_pool_8,30,0.03333333333333333,92101,92107,077755eab8ec8d36fd04f01e23302fbf5cbe1842cc294cedcaf70902ca62d70c,02d0811437074f99181cd743a47339c7185bc5fa,2,deepsets,607,0.35,0.65,0.829048132183908,0.2622844827586207,0.2833333333333333,0.05,0.24166666666666667,0.4625,57,0.7945530414581299,1.0
bounded_validation,MOBIO,PolyProtect,91843,random_key_pool_8,30,0.03333333333333333,92101,92107,077755eab8ec8d36fd04f01e23302fbf5cbe1842cc294cedcaf70902ca62d70c,02d0811437074f99181cd743a47339c7185bc5fa,2,deepsets,613,0.3458333333333333,0.625,0.8002867576628352,0.28283045977011495,0.2708333333333333,0.0875,0.24156250000000018,0.4666666666666667,75,0.9872267246246338,1.0
bounded_validation,MOBIO,PolyProtect,91843,random_key_pool_8,30,0.03333333333333333,92101,92107,077755eab8ec8d36fd04f01e23302fbf5cbe1842cc294cedcaf70902ca62d70c,02d0811437074f99181cd743a47339c7185bc5fa,5,mean_mlp,601,0.6583333333333333,0.9166666666666666,0.9546408045977012,0.11817528735632185,0.5708333333333333,0.3416666666666667,0.5415625000000002,0.7666666666666667,120,0.8929519653320312,1.0
bounded_validation,MOBIO,PolyProtect,91843,random_key_pool_8,30,0.03333333333333333,92101,92107,077755eab8ec8d36fd04f01e23302fbf5cbe1842cc294cedcaf70902ca62d70c,02d0811437074f99181cd743a47339c7185bc5fa,5,mean_mlp,607,0.7291666666666666,0.925,0.9497874760536399,0.11422413793103449,0.6375,0.44166666666666665,0.6208333333333333,0.8375,120,0.8883893489837646,1.0
bounded_validation,MOBIO,PolyProtect,91843,random_key_pool_8,30,0.03333333333333333,92101,92107,077755eab8ec8d36fd04f01e23302fbf5cbe1842cc294cedcaf70902ca62d70c,02d0811437074f99181cd743a47339c7185bc5fa,5,mean_mlp,613,0.7083333333333334,0.9375,0.9637769396551724,0.09935344827586207,0.6208333333333333,0.425,0.6,0.8125,120,0.9372544288635254,1.0
bounded_validation,MOBIO,PolyProtect,91843,random_key_pool_8,30,0.03333333333333333,92101,92107,077755eab8ec8d36fd04f01e23302fbf5cbe1842cc294cedcaf70902ca62d70c,02d0811437074f99181cd743a47339c7185bc5fa,5,deepsets,601,0.6083333333333333,0.875,0.9312811302681993,0.1545258620689655,0.525,0.2916666666666667,0.48333333333333334,0.7208333333333333,118,1.1685340404510498,1.0
bounded_validation,MOBIO,PolyProtect,91843,random_key_pool_8,30,0.03333333333333333,92101,92107,077755eab8ec8d36fd04f01e23302fbf5cbe1842cc294cedcaf70902ca62d70c,02d0811437074f99181cd743a47339c7185bc5fa,5,deepsets,607,0.5541666666666667,0.8291666666666667,0.9099940134099617,0.17442528735632185,0.49583333333333335,0.3,0.4166666666666667,0.6916666666666667,118,1.1187829971313477,1.0
bounded_validation,MOBIO,PolyProtect,91843,random_key_pool_8,30,0.03333333333333333,92101,92107,077755eab8ec8d36fd04f01e23302fbf5cbe1842cc294cedcaf70902ca62d70c,02d0811437074f99181cd743a47339c7185bc5fa,5,deepsets,613,0.575,0.8458333333333333,0.9264762931034483,0.1456896551724138,0.4791666666666667,0.2,0.44583333333333336,0.7,119,1.1114463806152344,1.0
bounded_validation,MOBIO,PolyProtect,91843,random_key_pool_8,30,0.03333333333333333,92101,92107,077755eab8ec8d36fd04f01e23302fbf5cbe1842cc294cedcaf70902ca62d70c,02d0811437074f99181cd743a47339c7185bc5fa,10,mean_mlp,601,0.825,0.9583333333333334,0.9769372605363985,0.07931034482758623,0.7375,0.2833333333333333,0.7041666666666667,0.9251041666666662,120,0.9265391826629639,1.0
bounded_validation,MOBIO,PolyProtect,91843,random_key_pool_8,30,0.03333333333333333,92101,92107,077755eab8ec8d36fd04f01e23302fbf5cbe1842cc294cedcaf70902ca62d70c,02d0811437074f99181cd743a47339c7185bc5fa,10,mean_mlp,607,0.6916666666666667,0.8791666666666667,0.960210129310345,0.13936781609195403,0.65,0.5166666666666667,0.525,0.8458333333333333,120,0.8718686103820801,1.0
bounded_validation,MOBIO,PolyProtect,91843,random_key_pool_8,30,0.03333333333333333,92101,92107,077755eab8ec8d36fd04f01e23302fbf5cbe1842cc294cedcaf70902ca62d70c,02d0811437074f99181cd743a47339c7185bc5fa,10,mean_mlp,613,0.7458333333333333,0.9916666666666667,0.9827496408045977,0.0680316091954023,0.6791666666666667,0.35833333333333334,0.6083333333333333,0.875,120,0.9294102191925049,1.0
bounded_validation,MOBIO,PolyProtect,91843,random_key_pool_8,30,0.03333333333333333,92101,92107,077755eab8ec8d36fd04f01e23302fbf5cbe1842cc294cedcaf70902ca62d70c,02d0811437074f99181cd743a47339c7185bc5fa,10,deepsets,601,0.6083333333333333,0.85,0.9384051724137931,0.15696839080459768,0.5291666666666667,0.13333333333333333,0.44166666666666665,0.775,118,1.0687038898468018,1.0
bounded_validation,MOBIO,PolyProtect,91843,random_key_pool_8,30,0.03333333333333333,92101,92107,077755eab8ec8d36fd04f01e23302fbf5cbe1842cc294cedcaf70902ca62d70c,02d0811437074f99181cd743a47339c7185bc5fa,10,deepsets,607,0.6791666666666667,0.9041666666666667,0.950827346743295,0.13426724137931034,0.6208333333333333,0.3958333333333333,0.5125,0.8291666666666667,120,1.2097272872924805,1.0
bounded_validation,MOBIO,PolyProtect,91843,random_key_pool_8,30,0.03333333333333333,92101,92107,077755eab8ec8d36fd04f01e23302fbf5cbe1842cc294cedcaf70902ca62d70c,02d0811437074f99181cd743a47339c7185bc5fa,10,deepsets,613,0.6416666666666667,0.9083333333333333,0.953487787356322,0.1280890804597701,0.5166666666666667,0.4125,0.4875,0.7916666666666666,119,1.1429128646850586,1.0
bounded_validation,SCface,PolyProtect,91843,random_key_pool_8,26,0.038461538461538464,92101,92107,6b468cd17d8f6e6e2bfb570116839c6d0c0a6ac4311be5e8d2073b6c830e0230,02d0811437074f99181cd743a47339c7185bc5fa,1,single_mlp,601,0.10576923076923077,0.3125,0.6027782914201183,0.4403846153846154,0.052884615384615384,0.028846153846153848,0.038461538461538464,0.19242788461538396,33,0.5211505889892578,0.9134615384615384
bounded_validation,SCface,PolyProtect,91843,random_key_pool_8,26,0.038461538461538464,92101,92107,6b468cd17d8f6e6e2bfb570116839c6d0c0a6ac4311be5e8d2073b6c830e0230,02d0811437074f99181cd743a47339c7185bc5fa,1,single_mlp,607,0.08173076923076923,0.3605769230769231,0.6097022928994082,0.42307692307692313,0.04807692307692308,0.009615384615384616,0.02403846153846154,0.15865384615384615,33,0.4755380153656006,0.9134615384615384
bounded_validation,SCface,PolyProtect,91843,random_key_pool_8,26,0.038461538461538464,92101,92107,6b468cd17d8f6e6e2bfb570116839c6d0c0a6ac4311be5e8d2073b6c830e0230,02d0811437074f99181cd743a47339c7185bc5fa,1,single_mlp,613,0.08653846153846154,0.3173076923076923,0.6186418269230769,0.42307692307692313,0.04807692307692308,0.0,0.02403846153846154,0.15865384615384615,33,0.4466586112976074,0.9134615384615384
bounded_validation,SCface,PolyProtect,91843,random_key_pool_8,26,0.038461538461538464,92101,92107,6b468cd17d8f6e6e2bfb570116839c6d0c0a6ac4311be5e8d2073b6c830e0230,02d0811437074f99181cd743a47339c7185bc5fa,2,mean_mlp,601,0.08653846153846154,0.3701923076923077,0.6455630547337279,0.39990384615384617,0.038461538461538464,0.02403846153846154,0.028846153846153848,0.15865384615384615,35,0.4532313346862793,0.9519230769230769
bounded_validation,SCface,PolyProtect,91843,random_key_pool_8,26,0.038461538461538464,92101,92107,6b468cd17d8f6e6e2bfb570116839c6d0c0a6ac4311be5e8d2073b6c830e0230,02d0811437074f99181cd743a47339c7185bc5fa,2,mean_mlp,607,0.10576923076923077,0.46634615384615385,0.6615865384615385,0.3698076923076923,0.0625,0.014423076923076924,0.03365384615384615,0.1971153846153846,36,0.5294196605682373,0.9519230769230769
bounded_validation,SCface,PolyProtect,91843,random_key_pool_8,26,0.038461538461538464,92101,92107,6b468cd17d8f6e6e2bfb570116839c6d0c0a6ac4311be5e8d2073b6c830e0230,02d0811437074f99181cd743a47339c7185bc5fa,2,mean_mlp,613,0.11057692307692307,0.34615384615384615,0.6424657914201184,0.40326923076923077,0.057692307692307696,0.014423076923076924,0.04326923076923077,0.19242788461538396,36,0.5284271240234375,0.9519230769230769
bounded_validation,SCface,PolyProtect,91843,random_key_pool_8,26,0.038461538461538464,92101,92107,6b468cd17d8f6e6e2bfb570116839c6d0c0a6ac4311be5e8d2073b6c830e0230,02d0811437074f99181cd743a47339c7185bc5fa,2,deepsets,601,0.04326923076923077,0.2644230769230769,0.5563970044378699,0.46163461538461537,0.019230769230769232,0.004807692307692308,0.0,0.11057692307692307,30,0.594982385635376,0.9519230769230769
bounded_validation,SCface,PolyProtect,91843,random_key_pool_8,26,0.038461538461538464,92101,92107,6b468cd17d8f6e6e2bfb570116839c6d0c0a6ac4311be5e8d2073b6c830e0230,02d0811437074f99181cd743a47339c7185bc5fa,2,deepsets,607,0.057692307692307696,0.2548076923076923,0.5455981878698225,0.46192307692307694,0.019230769230769232,0.0,0.0,0.12980769230769232,27,0.5457229614257812,0.9519230769230769
bounded_validation,SCface,PolyProtect,91843,random_key_pool_8,26,0.038461538461538464,92101,92107,6b468cd17d8f6e6e2bfb570116839c6d0c0a6ac4311be5e8d2073b6c830e0230,02d0811437074f99181cd743a47339c7185bc5fa,2,deepsets,613,0.04807692307692308,0.27884615384615385,0.5632544378698225,0.45125,0.028846153846153848,0.004807692307692308,0.0,0.11538461538461539,30,0.5874385833740234,0.9519230769230769
bounded_validation,SCface,PolyProtect,91843,random_key_pool_8,26,0.038461538461538464,92101,92107,6b468cd17d8f6e6e2bfb570116839c6d0c0a6ac4311be5e8d2073b6c830e0230,02d0811437074f99181cd743a47339c7185bc5fa,5,mean_mlp,601,0.47115384615384615,0.7692307692307693,0.8574482248520711,0.21557692307692308,0.3173076923076923,0.1875,0.3508413461538463,0.5961538461538461,90,1.0099155902862549,0.9615384615384616
bounded_validation,SCface,PolyProtect,91843,random_key_pool_8,26,0.038461538461538464,92101,92107,6b468cd17d8f6e6e2bfb570116839c6d0c0a6ac4311be5e8d2073b6c830e0230,02d0811437074f99181cd743a47339c7185bc5fa,5,mean_mlp,607,0.4567307692307692,0.7596153846153846,0.8723455991124262,0.2015384615384615,0.375,0.1778846153846154,0.32211538461538464,0.5865384615384616,87,0.9069428443908691,0.9615384615384616
bounded_validation,SCface,PolyProtect,91843,random_key_pool_8,26,0.038461538461538464,92101,92107,6b468cd17d8f6e6e2bfb570116839c6d0c0a6ac4311be5e8d2073b6c830e0230,02d0811437074f99181cd743a47339c7185bc5fa,5,mean_mlp,613,0.42788461538461536,0.7355769230769231,0.8573335798816567,0.21250000000000002,0.28846153846153844,0.07692307692307693,0.3125,0.5481971153846148,94,0.8530750274658203,0.9615384615384616
bounded_validation,SCface,PolyProtect,91843,random_key_pool_8,26,0.038461538461538464,92101,92107,6b468cd17d8f6e6e2bfb570116839c6d0c0a6ac4311be5e8d2073b6c830e0230,02d0811437074f99181cd743a47339c7185bc5fa,5,deepsets,601,0.3317307692307692,0.6682692307692307,0.8206148298816569,0.23971153846153848,0.25,0.08173076923076923,0.21634615384615385,0.4567307692307692,83,1.0926117897033691,0.9615384615384616
bounded_validation,SCface,PolyProtect,91843,random_key_pool_8,26,0.038461538461538464,92101,92107,6b468cd17d8f6e6e2bfb570116839c6d0c0a6ac4311be5e8d2073b6c830e0230,02d0811437074f99181cd743a47339c7185bc5fa,5,deepsets,607,0.38461538461538464,0.6875,0.8302034023668639,0.24567307692307694,0.23557692307692307,0.13942307692307693,0.2644230769230769,0.5048076923076923,105,1.0635814666748047,0.9615384615384616
bounded_validation,SCface,PolyProtect,91843,random_key_pool_8,26,0.038461538461538464,92101,92107,6b468cd17d8f6e6e2bfb570116839c6d0c0a6ac4311be5e8d2073b6c830e0230,02d0811437074f99181cd743a47339c7185bc5fa,5,deepsets,613,0.3701923076923077,0.6730769230769231,0.8274204881656805,0.25913461538461535,0.28846153846153844,0.15384615384615385,0.235456730769231,0.5240384615384616,95,1.0286920070648193,0.9615384615384616
bounded_validation,SCface,PolyProtect,91843,random_key_pool_8,26,0.038461538461538464,92101,92107,6b468cd17d8f6e6e2bfb570116839c6d0c0a6ac4311be5e8d2073b6c830e0230,02d0811437074f99181cd743a47339c7185bc5fa,10,mean_mlp,601,0.5384615384615384,0.8798076923076923,0.9148492973372782,0.15009615384615385,0.46153846153846156,0.25,0.3844951923076925,0.6972355769230763,120,0.79911208152771,0.9615384615384616
bounded_validation,SCface,PolyProtect,91843,random_key_pool_8,26,0.038461538461538464,92101,92107,6b468cd17d8f6e6e2bfb570116839c6d0c0a6ac4311be5e8d2073b6c830e0230,02d0811437074f99181cd743a47339c7185bc5fa,10,mean_mlp,607,0.6490384615384616,0.8798076923076923,0.9166762204142013,0.1646153846153846,0.5240384615384616,0.2692307692307692,0.4855769230769231,0.7980769230769231,120,0.8616194725036621,0.9615384615384616
bounded_validation,SCface,PolyProtect,91843,random_key_pool_8,26,0.038461538461538464,92101,92107,6b468cd17d8f6e6e2bfb570116839c6d0c0a6ac4311be5e8d2073b6c830e0230,02d0811437074f99181cd743a47339c7185bc5fa,10,mean_mlp,613,0.5288461538461539,0.8605769230769231,0.8998557692307693,0.17250000000000004,0.4807692307692308,0.21153846153846154,0.3798076923076923,0.6780048076923071,120,0.8571898937225342,0.9615384615384616
bounded_validation,SCface,PolyProtect,91843,random_key_pool_8,26,0.038461538461538464,92101,92107,6b468cd17d8f6e6e2bfb570116839c6d0c0a6ac4311be5e8d2073b6c830e0230,02d0811437074f99181cd743a47339c7185bc5fa,10,deepsets,601,0.42788461538461536,0.7259615384615384,0.8582978920118345,0.22076923076923077,0.3701923076923077,0.16346153846153846,0.28353365384615403,0.5817307692307693,104,1.369365930557251,0.9615384615384616
bounded_validation,SCface,PolyProtect,91843,random_key_pool_8,26,0.038461538461538464,92101,92107,6b468cd17d8f6e6e2bfb570116839c6d0c0a6ac4311be5e8d2073b6c830e0230,02d0811437074f99181cd743a47339c7185bc5fa,10,deepsets,607,0.5144230769230769,0.8028846153846154,0.8949713387573965,0.18826923076923077,0.35096153846153844,0.1971153846153846,0.3557692307692308,0.6730769230769231,103,1.2152245044708252,0.9615384615384616
bounded_validation,SCface,PolyProtect,91843,random_key_pool_8,26,0.038461538461538464,92101,92107,6b468cd17d8f6e6e2bfb570116839c6d0c0a6ac4311be5e8d2073b6c830e0230,02d0811437074f99181cd743a47339c7185bc5fa,10,deepsets,613,0.4519230769230769,0.7403846153846154,0.8648853550295857,0.22490384615384612,0.38461538461538464,0.22115384615384615,0.2980769230769231,0.6153846153846154,118,1.307687759399414,0.9615384615384616
