source_metrics,metrics_sha256,config_sha256,embedding_manifest_sha256,git_commit,stage,dataset,scheme,split_seed,key_seed,set_seed,test_identities,condition,exposures,model,seed,top1,top5,auroc,eer,tar_at_far_1e-2,tar_at_far_1e-3,lower95,upper95,best_epoch,identity_pairing_available
results/fei_key_pool_boundary/metrics.json,465bfffb1f4b2ce9bedd6eb43bc17bd482790a5bfe61feba62a6728df1364a6c,98f90bca4f30eb60fa3e6cb9723a91cbc69e5532d5d06e77f85fc41ce223347e,c0ecb4c4b29c0492aa08b2507e41690bda0b86070e20ea03a72e56d954b4cdfb,d1e4ceb3f975fb47d9a8321c47484bb1411f5239,exploratory,FEI,biohash,original,90697,90703,40,random_key_pool_1,1,single_mlp,367,0.76875,0.921875,0.9666769330929488,0.10312500000000001,0.709375,0.36875,0.665625,0.8625,94,False
results/fei_key_pool_boundary/metrics.json,465bfffb1f4b2ce9bedd6eb43bc17bd482790a5bfe61feba62a6728df1364a6c,98f90bca4f30eb60fa3e6cb9723a91cbc69e5532d5d06e77f85fc41ce223347e,c0ecb4c4b29c0492aa08b2507e41690bda0b86070e20ea03a72e56d954b4cdfb,d1e4ceb3f975fb47d9a8321c47484bb1411f5239,exploratory,FEI,biohash,original,90697,90703,40,random_key_pool_1,1,single_mlp,377,0.740625,0.925,0.9699661959134616,0.10256410256410257,0.715625,0.428125,0.6374218750000001,0.834375,87,False
results/fei_key_pool_boundary/metrics.json,465bfffb1f4b2ce9bedd6eb43bc17bd482790a5bfe61feba62a6728df1364a6c,98f90bca4f30eb60fa3e6cb9723a91cbc69e5532d5d06e77f85fc41ce223347e,c0ecb4c4b29c0492aa08b2507e41690bda0b86070e20ea03a72e56d954b4cdfb,d1e4ceb3f975fb47d9a8321c47484bb1411f5239,exploratory,FEI,biohash,original,90697,90703,40,random_key_pool_1,1,single_mlp,387,0.728125,0.928125,0.9745983573717949,0.09058493589743588,0.69375,0.36875,0.6217968750000001,0.828125,81,False
results/fei_key_pool_boundary/metrics.json,465bfffb1f4b2ce9bedd6eb43bc17bd482790a5bfe61feba62a6728df1364a6c,98f90bca4f30eb60fa3e6cb9723a91cbc69e5532d5d06e77f85fc41ce223347e,c0ecb4c4b29c0492aa08b2507e41690bda0b86070e20ea03a72e56d954b4cdfb,d1e4ceb3f975fb47d9a8321c47484bb1411f5239,exploratory,FEI,biohash,original,90697,90703,40,random_key_pool_1,10,mean_mlp,367,0.815625,0.975,0.9687520032051281,0.05304487179487179,0.73125,0.571875,0.690625,0.921875,70,False
results/fei_key_pool_boundary/metrics.json,465bfffb1f4b2ce9bedd6eb43bc17bd482790a5bfe61feba62a6728df1364a6c,98f90bca4f30eb60fa3e6cb9723a91cbc69e5532d5d06e77f85fc41ce223347e,c0ecb4c4b29c0492aa08b2507e41690bda0b86070e20ea03a72e56d954b4cdfb,d1e4ceb3f975fb47d9a8321c47484bb1411f5239,exploratory,FEI,biohash,original,90697,90703,40,random_key_pool_1,10,mean_mlp,377,0.771875,0.91875,0.9714468149038462,0.09951923076923075,0.740625,0.6125,0.640625,0.884375,60,False
results/fei_key_pool_boundary/metrics.json,465bfffb1f4b2ce9bedd6eb43bc17bd482790a5bfe61feba62a6728df1364a6c,98f90bca4f30eb60fa3e6cb9723a91cbc69e5532d5d06e77f85fc41ce223347e,c0ecb4c4b29c0492aa08b2507e41690bda0b86070e20ea03a72e56d954b4cdfb,d1e4ceb3f975fb47d9a8321c47484bb1411f5239,exploratory,FEI,biohash,original,90697,90703,40,random_key_pool_1,10,mean_mlp,387,0.71875,0.90625,0.9698930789262821,0.125,0.71875,0.465625,0.5875,0.84375,57,False
results/fei_key_pool_boundary/metrics.json,465bfffb1f4b2ce9bedd6eb43bc17bd482790a5bfe61feba62a6728df1364a6c,98f90bca4f30eb60fa3e6cb9723a91cbc69e5532d5d06e77f85fc41ce223347e,c0ecb4c4b29c0492aa08b2507e41690bda0b86070e20ea03a72e56d954b4cdfb,d1e4ceb3f975fb47d9a8321c47484bb1411f5239,exploratory,FEI,biohash,original,90697,90703,40,random_key_pool_2,1,single_mlp,367,0.346875,0.70625,0.8743780048076923,0.21558493589743588,0.26875,0.1,0.25625,0.44375,71,False
results/fei_key_pool_boundary/metrics.json,465bfffb1f4b2ce9bedd6eb43bc17bd482790a5bfe61feba62a6728df1364a6c,98f90bca4f30eb60fa3e6cb9723a91cbc69e5532d5d06e77f85fc41ce223347e,c0ecb4c4b29c0492aa08b2507e41690bda0b86070e20ea03a72e56d954b4cdfb,d1e4ceb3f975fb47d9a8321c47484bb1411f5239,exploratory,FEI,biohash,original,90697,90703,40,random_key_pool_2,1,single_mlp,377,0.378125,0.675,0.8790251903044872,0.21250000000000002,0.259375,0.08125,0.2874218750000001,0.471875,65,False
results/fei_key_pool_boundary/metrics.json,465bfffb1f4b2ce9bedd6eb43bc17bd482790a5bfe61feba62a6728df1364a6c,98f90bca4f30eb60fa3e6cb9723a91cbc69e5532d5d06e77f85fc41ce223347e,c0ecb4c4b29c0492aa08b2507e41690bda0b86070e20ea03a72e56d954b4cdfb,d1e4ceb3f975fb47d9a8321c47484bb1411f5239,exploratory,FEI,biohash,original,90697,90703,40,random_key_pool_2,1,single_mlp,387,0.365625,0.715625,0.8778833633814103,0.20981570512820513,0.278125,0.096875,0.26875,0.471875,64,False
results/fei_key_pool_boundary/metrics.json,465bfffb1f4b2ce9bedd6eb43bc17bd482790a5bfe61feba62a6728df1364a6c,98f90bca4f30eb60fa3e6cb9723a91cbc69e5532d5d06e77f85fc41ce223347e,c0ecb4c4b29c0492aa08b2507e41690bda0b86070e20ea03a72e56d954b4cdfb,d1e4ceb3f975fb47d9a8321c47484bb1411f5239,exploratory,FEI,biohash,original,90697,90703,40,random_key_pool_2,10,mean_mlp,367,0.6375,0.85625,0.9578237680288462,0.12183493589743588,0.609375,0.31875,0.49375,0.7782031249999996,62,False
results/fei_key_pool_boundary/metrics.json,465bfffb1f4b2ce9bedd6eb43bc17bd482790a5bfe61feba62a6728df1364a6c,98f90bca4f30eb60fa3e6cb9723a91cbc69e5532d5d06e77f85fc41ce223347e,c0ecb4c4b29c0492aa08b2507e41690bda0b86070e20ea03a72e56d954b4cdfb,d1e4ceb3f975fb47d9a8321c47484bb1411f5239,exploratory,FEI,biohash,original,90697,90703,40,random_key_pool_2,10,mean_mlp,377,0.665625,0.88125,0.9632762419871794,0.11562499999999999,0.6375,0.346875,0.525,0.8,57,False
results/fei_key_pool_boundary/metrics.json,465bfffb1f4b2ce9bedd6eb43bc17bd482790a5bfe61feba62a6728df1364a6c,98f90bca4f30eb60fa3e6cb9723a91cbc69e5532d5d06e77f85fc41ce223347e,c0ecb4c4b29c0492aa08b2507e41690bda0b86070e20ea03a72e56d954b4cdfb,d1e4ceb3f975fb47d9a8321c47484bb1411f5239,exploratory,FEI,biohash,original,90697,90703,40,random_key_pool_2,10,mean_mlp,387,0.6,0.921875,0.9608854166666666,0.09859775641025639,0.58125,0.328125,0.44992187500000014,0.746875,54,False
results/fei_key_pool_boundary/metrics.json,465bfffb1f4b2ce9bedd6eb43bc17bd482790a5bfe61feba62a6728df1364a6c,98f90bca4f30eb60fa3e6cb9723a91cbc69e5532d5d06e77f85fc41ce223347e,c0ecb4c4b29c0492aa08b2507e41690bda0b86070e20ea03a72e56d954b4cdfb,d1e4ceb3f975fb47d9a8321c47484bb1411f5239,exploratory,FEI,biohash,original,90697,90703,40,random_key_pool_3,1,single_mlp,367,0.0375,0.1625,0.5831189903846153,0.4374599358974359,0.03125,0.00625,0.0,0.084375,23,False
results/fei_key_pool_boundary/metrics.json,465bfffb1f4b2ce9bedd6eb43bc17bd482790a5bfe61feba62a6728df1364a6c,98f90bca4f30eb60fa3e6cb9723a91cbc69e5532d5d06e77f85fc41ce223347e,c0ecb4c4b29c0492aa08b2507e41690bda0b86070e20ea03a72e56d954b4cdfb,d1e4ceb3f975fb47d9a8321c47484bb1411f5239,exploratory,FEI,biohash,original,90697,90703,40,random_key_pool_3,1,single_mlp,377,0.03125,0.23125,0.5920062099358974,0.4350160256410256,0.025,0.00625,0.0,0.078125,24,False
results/fei_key_pool_boundary/metrics.json,465bfffb1f4b2ce9bedd6eb43bc17bd482790a5bfe61feba62a6728df1364a6c,98f90bca4f30eb60fa3e6cb9723a91cbc69e5532d5d06e77f85fc41ce223347e,c0ecb4c4b29c0492aa08b2507e41690bda0b86070e20ea03a72e56d954b4cdfb,d1e4ceb3f975fb47d9a8321c47484bb1411f5239,exploratory,FEI,biohash,original,90697,90703,40,random_key_pool_3,1,single_mlp,387,0.04375,0.20625,0.6244491185897436,0.38433493589743595,0.03125,0.01875,0.0,0.10625,23,False
results/fei_key_pool_boundary/metrics.json,465bfffb1f4b2ce9bedd6eb43bc17bd482790a5bfe61feba62a6728df1364a6c,98f90bca4f30eb60fa3e6cb9723a91cbc69e5532d5d06e77f85fc41ce223347e,c0ecb4c4b29c0492aa08b2507e41690bda0b86070e20ea03a72e56d954b4cdfb,d1e4ceb3f975fb47d9a8321c47484bb1411f5239,exploratory,FEI,biohash,original,90697,90703,40,random_key_pool_3,10,mean_mlp,367,0.525,0.878125,0.9496667167467948,0.10604967948717947,0.503125,0.175,0.378125,0.6625781249999996,76,False
results/fei_key_pool_boundary/metrics.json,465bfffb1f4b2ce9bedd6eb43bc17bd482790a5bfe61feba62a6728df1364a6c,98f90bca4f30eb60fa3e6cb9723a91cbc69e5532d5d06e77f85fc41ce223347e,c0ecb4c4b29c0492aa08b2507e41690bda0b86070e20ea03a72e56d954b4cdfb,d1e4ceb3f975fb47d9a8321c47484bb1411f5239,exploratory,FEI,biohash,original,90697,90703,40,random_key_pool_3,10,mean_mlp,377,0.575,0.834375,0.9183320813301282,0.17504006410256412,0.48125,0.28125,0.43125,0.7125781249999996,68,False
results/fei_key_pool_boundary/metrics.json,465bfffb1f4b2ce9bedd6eb43bc17bd482790a5bfe61feba62a6728df1364a6c,98f90bca4f30eb60fa3e6cb9723a91cbc69e5532d5d06e77f85fc41ce223347e,c0ecb4c4b29c0492aa08b2507e41690bda0b86070e20ea03a72e56d954b4cdfb,d1e4ceb3f975fb47d9a8321c47484bb1411f5239,exploratory,FEI,biohash,original,90697,90703,40,random_key_pool_3,10,mean_mlp,387,0.54375,0.784375,0.9251319611378206,0.1655849358974359,0.525,0.240625,0.403125,0.6875,60,False
results/fei_key_pool_boundary/metrics.json,465bfffb1f4b2ce9bedd6eb43bc17bd482790a5bfe61feba62a6728df1364a6c,98f90bca4f30eb60fa3e6cb9723a91cbc69e5532d5d06e77f85fc41ce223347e,c0ecb4c4b29c0492aa08b2507e41690bda0b86070e20ea03a72e56d954b4cdfb,d1e4ceb3f975fb47d9a8321c47484bb1411f5239,exploratory,FEI,biohash,original,90697,90703,40,random_key_pool_4,1,single_mlp,367,0.01875,0.184375,0.5734327423878205,0.4462339743589744,0.0125,0.0,0.0,0.05625,24,False
results/fei_key_pool_boundary/metrics.json,465bfffb1f4b2ce9bedd6eb43bc17bd482790a5bfe61feba62a6728df1364a6c,98f90bca4f30eb60fa3e6cb9723a91cbc69e5532d5d06e77f85fc41ce223347e,c0ecb4c4b29c0492aa08b2507e41690bda0b86070e20ea03a72e56d954b4cdfb,d1e4ceb3f975fb47d9a8321c47484bb1411f5239,exploratory,FEI,biohash,original,90697,90703,40,random_key_pool_4,1,single_mlp,377,0.034375,0.134375,0.5818815104166666,0.4344150641025641,0.034375,0.0,0.0,0.08445312499999957,24,False
results/fei_key_pool_boundary/metrics.json,465bfffb1f4b2ce9bedd6eb43bc17bd482790a5bfe61feba62a6728df1364a6c,98f90bca4f30eb60fa3e6cb9723a91cbc69e5532d5d06e77f85fc41ce223347e,c0ecb4c4b29c0492aa08b2507e41690bda0b86070e20ea03a72e56d954b4cdfb,d1e4ceb3f975fb47d9a8321c47484bb1411f5239,exploratory,FEI,biohash,original,90697,90703,40,random_key_pool_4,1,single_mlp,387,0.05,0.1625,0.5879216746794872,0.4204326923076923,0.025,0.0125,0.0,0.121875,24,False
results/fei_key_pool_boundary/metrics.json,465bfffb1f4b2ce9bedd6eb43bc17bd482790a5bfe61feba62a6728df1364a6c,98f90bca4f30eb60fa3e6cb9723a91cbc69e5532d5d06e77f85fc41ce223347e,c0ecb4c4b29c0492aa08b2507e41690bda0b86070e20ea03a72e56d954b4cdfb,d1e4ceb3f975fb47d9a8321c47484bb1411f5239,exploratory,FEI,biohash,original,90697,90703,40,random_key_pool_4,10,mean_mlp,367,0.465625,0.775,0.9324151141826924,0.15308493589743588,0.384375,0.08125,0.31875,0.6125,56,False
results/fei_key_pool_boundary/metrics.json,465bfffb1f4b2ce9bedd6eb43bc17bd482790a5bfe61feba62a6728df1364a6c,98f90bca4f30eb60fa3e6cb9723a91cbc69e5532d5d06e77f85fc41ce223347e,c0ecb4c4b29c0492aa08b2507e41690bda0b86070e20ea03a72e56d954b4cdfb,d1e4ceb3f975fb47d9a8321c47484bb1411f5239,exploratory,FEI,biohash,original,90697,90703,40,random_key_pool_4,10,mean_mlp,377,0.5,0.878125,0.936376452323718,0.1187099358974359,0.4375,0.3,0.359375,0.646875,71,False
results/fei_key_pool_boundary/metrics.json,465bfffb1f4b2ce9bedd6eb43bc17bd482790a5bfe61feba62a6728df1364a6c,98f90bca4f30eb60fa3e6cb9723a91cbc69e5532d5d06e77f85fc41ce223347e,c0ecb4c4b29c0492aa08b2507e41690bda0b86070e20ea03a72e56d954b4cdfb,d1e4ceb3f975fb47d9a8321c47484bb1411f5239,exploratory,FEI,biohash,original,90697,90703,40,random_key_pool_4,10,mean_mlp,387,0.459375,0.809375,0.9280215845352564,0.1447115384615385,0.346875,0.134375,0.315625,0.609375,55,False
results/fei_key_pool_boundary/metrics.json,465bfffb1f4b2ce9bedd6eb43bc17bd482790a5bfe61feba62a6728df1364a6c,98f90bca4f30eb60fa3e6cb9723a91cbc69e5532d5d06e77f85fc41ce223347e,c0ecb4c4b29c0492aa08b2507e41690bda0b86070e20ea03a72e56d954b4cdfb,d1e4ceb3f975fb47d9a8321c47484bb1411f5239,exploratory,FEI,biohash,original,90697,90703,40,random_key_pool_5,1,single_mlp,367,0.0125,0.146875,0.5356963641826924,0.4826121794871795,0.0125,0.0,0.0,0.034375,22,False
results/fei_key_pool_boundary/metrics.json,465bfffb1f4b2ce9bedd6eb43bc17bd482790a5bfe61feba62a6728df1364a6c,98f90bca4f30eb60fa3e6cb9723a91cbc69e5532d5d06e77f85fc41ce223347e,c0ecb4c4b29c0492aa08b2507e41690bda0b86070e20ea03a72e56d954b4cdfb,d1e4ceb3f975fb47d9a8321c47484bb1411f5239,exploratory,FEI,biohash,original,90697,90703,40,random_key_pool_5,1,single_mlp,377,0.034375,0.15625,0.5362978265224358,0.4774439102564103,0.015625,0.0,0.0,0.078125,22,False
results/fei_key_pool_boundary/metrics.json,465bfffb1f4b2ce9bedd6eb43bc17bd482790a5bfe61feba62a6728df1364a6c,98f90bca4f30eb60fa3e6cb9723a91cbc69e5532d5d06e77f85fc41ce223347e,c0ecb4c4b29c0492aa08b2507e41690bda0b86070e20ea03a72e56d954b4cdfb,d1e4ceb3f975fb47d9a8321c47484bb1411f5239,exploratory,FEI,biohash,original,90697,90703,40,random_key_pool_5,1,single_mlp,387,0.0375,0.153125,0.5664087540064102,0.4532051282051282,0.009375,0.0,0.0,0.096875,23,False
results/fei_key_pool_boundary/metrics.json,465bfffb1f4b2ce9bedd6eb43bc17bd482790a5bfe61feba62a6728df1364a6c,98f90bca4f30eb60fa3e6cb9723a91cbc69e5532d5d06e77f85fc41ce223347e,c0ecb4c4b29c0492aa08b2507e41690bda0b86070e20ea03a72e56d954b4cdfb,d1e4ceb3f975fb47d9a8321c47484bb1411f5239,exploratory,FEI,biohash,original,90697,90703,40,random_key_pool_5,10,mean_mlp,367,0.44375,0.809375,0.9294804186698717,0.13705929487179486,0.25625,0.128125,0.3125,0.584375,75,False
results/fei_key_pool_boundary/metrics.json,465bfffb1f4b2ce9bedd6eb43bc17bd482790a5bfe61feba62a6728df1364a6c,98f90bca4f30eb60fa3e6cb9723a91cbc69e5532d5d06e77f85fc41ce223347e,c0ecb4c4b29c0492aa08b2507e41690bda0b86070e20ea03a72e56d954b4cdfb,d1e4ceb3f975fb47d9a8321c47484bb1411f5239,exploratory,FEI,biohash,original,90697,90703,40,random_key_pool_5,10,mean_mlp,377,0.375,0.80625,0.9231234975961539,0.14375000000000002,0.296875,0.084375,0.25,0.509375,82,False
results/fei_key_pool_boundary/metrics.json,465bfffb1f4b2ce9bedd6eb43bc17bd482790a5bfe61feba62a6728df1364a6c,98f90bca4f30eb60fa3e6cb9723a91cbc69e5532d5d06e77f85fc41ce223347e,c0ecb4c4b29c0492aa08b2507e41690bda0b86070e20ea03a72e56d954b4cdfb,d1e4ceb3f975fb47d9a8321c47484bb1411f5239,exploratory,FEI,biohash,original,90697,90703,40,random_key_pool_5,10,mean_mlp,387,0.30625,0.790625,0.9256305088141026,0.15280448717948716,0.18125,0.0,0.18125,0.446875,74,False
results/fei_key_pool_boundary/metrics.json,465bfffb1f4b2ce9bedd6eb43bc17bd482790a5bfe61feba62a6728df1364a6c,98f90bca4f30eb60fa3e6cb9723a91cbc69e5532d5d06e77f85fc41ce223347e,c0ecb4c4b29c0492aa08b2507e41690bda0b86070e20ea03a72e56d954b4cdfb,d1e4ceb3f975fb47d9a8321c47484bb1411f5239,exploratory,FEI,biohash,original,90697,90703,40,random_key_pool_7,1,single_mlp,367,0.015625,0.15625,0.5243216646634615,0.48124999999999996,0.009375,0.0,0.0,0.040625,22,False
results/fei_key_pool_boundary/metrics.json,465bfffb1f4b2ce9bedd6eb43bc17bd482790a5bfe61feba62a6728df1364a6c,98f90bca4f30eb60fa3e6cb9723a91cbc69e5532d5d06e77f85fc41ce223347e,c0ecb4c4b29c0492aa08b2507e41690bda0b86070e20ea03a72e56d954b4cdfb,d1e4ceb3f975fb47d9a8321c47484bb1411f5239,exploratory,FEI,biohash,original,90697,90703,40,random_key_pool_7,1,single_mlp,377,0.0375,0.146875,0.5392886117788461,0.4558092948717949,0.03125,0.003125,0.0,0.096875,24,False
results/fei_key_pool_boundary/metrics.json,465bfffb1f4b2ce9bedd6eb43bc17bd482790a5bfe61feba62a6728df1364a6c,98f90bca4f30eb60fa3e6cb9723a91cbc69e5532d5d06e77f85fc41ce223347e,c0ecb4c4b29c0492aa08b2507e41690bda0b86070e20ea03a72e56d954b4cdfb,d1e4ceb3f975fb47d9a8321c47484bb1411f5239,exploratory,FEI,biohash,original,90697,90703,40,random_key_pool_7,1,single_mlp,387,0.01875,0.13125,0.5419491185897436,0.45941506410256405,0.0125,0.0,0.0,0.05625,24,False
results/fei_key_pool_boundary/metrics.json,465bfffb1f4b2ce9bedd6eb43bc17bd482790a5bfe61feba62a6728df1364a6c,98f90bca4f30eb60fa3e6cb9723a91cbc69e5532d5d06e77f85fc41ce223347e,c0ecb4c4b29c0492aa08b2507e41690bda0b86070e20ea03a72e56d954b4cdfb,d1e4ceb3f975fb47d9a8321c47484bb1411f5239,exploratory,FEI,biohash,original,90697,90703,40,random_key_pool_7,10,mean_mlp,367,0.221875,0.61875,0.8809214743589744,0.20625000000000002,0.24375,0.04375,0.121875,0.33125,80,False
results/fei_key_pool_boundary/metrics.json,465bfffb1f4b2ce9bedd6eb43bc17bd482790a5bfe61feba62a6728df1364a6c,98f90bca4f30eb60fa3e6cb9723a91cbc69e5532d5d06e77f85fc41ce223347e,c0ecb4c4b29c0492aa08b2507e41690bda0b86070e20ea03a72e56d954b4cdfb,d1e4ceb3f975fb47d9a8321c47484bb1411f5239,exploratory,FEI,biohash,original,90697,90703,40,random_key_pool_7,10,mean_mlp,377,0.278125,0.646875,0.882754907852564,0.21566506410256409,0.265625,0.0375,0.146875,0.415625,74,False
results/fei_key_pool_boundary/metrics.json,465bfffb1f4b2ce9bedd6eb43bc17bd482790a5bfe61feba62a6728df1364a6c,98f90bca4f30eb60fa3e6cb9723a91cbc69e5532d5d06e77f85fc41ce223347e,c0ecb4c4b29c0492aa08b2507e41690bda0b86070e20ea03a72e56d954b4cdfb,d1e4ceb3f975fb47d9a8321c47484bb1411f5239,exploratory,FEI,biohash,original,90697,90703,40,random_key_pool_7,10,mean_mlp,387,0.209375,0.58125,0.8509001903044872,0.2343349358974359,0.1875,0.04375,0.109375,0.325,58,False
results/fei_key_pool_boundary/metrics.json,465bfffb1f4b2ce9bedd6eb43bc17bd482790a5bfe61feba62a6728df1364a6c,98f90bca4f30eb60fa3e6cb9723a91cbc69e5532d5d06e77f85fc41ce223347e,c0ecb4c4b29c0492aa08b2507e41690bda0b86070e20ea03a72e56d954b4cdfb,d1e4ceb3f975fb47d9a8321c47484bb1411f5239,exploratory,FEI,biohash,original,90697,90703,40,random_key_pool_10,1,single_mlp,367,0.0125,0.134375,0.510567407852564,0.499238782051282,0.00625,0.0,0.0,0.03125,21,False
results/fei_key_pool_boundary/metrics.json,465bfffb1f4b2ce9bedd6eb43bc17bd482790a5bfe61feba62a6728df1364a6c,98f90bca4f30eb60fa3e6cb9723a91cbc69e5532d5d06e77f85fc41ce223347e,c0ecb4c4b29c0492aa08b2507e41690bda0b86070e20ea03a72e56d954b4cdfb,d1e4ceb3f975fb47d9a8321c47484bb1411f5239,exploratory,FEI,biohash,original,90697,90703,40,random_key_pool_10,1,single_mlp,377,0.04375,0.13125,0.5143204126602564,0.49022435897435895,0.034375,0.003125,0.0,0.1125,20,False
results/fei_key_pool_boundary/metrics.json,465bfffb1f4b2ce9bedd6eb43bc17bd482790a5bfe61feba62a6728df1364a6c,98f90bca4f30eb60fa3e6cb9723a91cbc69e5532d5d06e77f85fc41ce223347e,c0ecb4c4b29c0492aa08b2507e41690bda0b86070e20ea03a72e56d954b4cdfb,d1e4ceb3f975fb47d9a8321c47484bb1411f5239,exploratory,FEI,biohash,original,90697,90703,40,random_key_pool_10,1,single_mlp,387,0.034375,0.121875,0.521338641826923,0.48794070512820514,0.0125,0.0,0.0,0.096875,18,False
results/fei_key_pool_boundary/metrics.json,465bfffb1f4b2ce9bedd6eb43bc17bd482790a5bfe61feba62a6728df1364a6c,98f90bca4f30eb60fa3e6cb9723a91cbc69e5532d5d06e77f85fc41ce223347e,c0ecb4c4b29c0492aa08b2507e41690bda0b86070e20ea03a72e56d954b4cdfb,d1e4ceb3f975fb47d9a8321c47484bb1411f5239,exploratory,FEI,biohash,original,90697,90703,40,random_key_pool_10,10,mean_mlp,367,0.040625,0.240625,0.5715166766826922,0.478125,0.0,0.0,0.0,0.10625,24,False
results/fei_key_pool_boundary/metrics.json,465bfffb1f4b2ce9bedd6eb43bc17bd482790a5bfe61feba62a6728df1364a6c,98f90bca4f30eb60fa3e6cb9723a91cbc69e5532d5d06e77f85fc41ce223347e,c0ecb4c4b29c0492aa08b2507e41690bda0b86070e20ea03a72e56d954b4cdfb,d1e4ceb3f975fb47d9a8321c47484bb1411f5239,exploratory,FEI,biohash,original,90697,90703,40,random_key_pool_10,10,mean_mlp,377,0.040625,0.1875,0.5729529747596154,0.45384615384615384,0.021875,0.0,0.0,0.10625,23,False
results/fei_key_pool_boundary/metrics.json,465bfffb1f4b2ce9bedd6eb43bc17bd482790a5bfe61feba62a6728df1364a6c,98f90bca4f30eb60fa3e6cb9723a91cbc69e5532d5d06e77f85fc41ce223347e,c0ecb4c4b29c0492aa08b2507e41690bda0b86070e20ea03a72e56d954b4cdfb,d1e4ceb3f975fb47d9a8321c47484bb1411f5239,exploratory,FEI,biohash,original,90697,90703,40,random_key_pool_10,10,mean_mlp,387,0.0375,0.2375,0.579551782852564,0.4473157051282051,0.0125,0.0,0.0,0.1,23,False
results/fei_key_pool_boundary/metrics.json,465bfffb1f4b2ce9bedd6eb43bc17bd482790a5bfe61feba62a6728df1364a6c,98f90bca4f30eb60fa3e6cb9723a91cbc69e5532d5d06e77f85fc41ce223347e,c0ecb4c4b29c0492aa08b2507e41690bda0b86070e20ea03a72e56d954b4cdfb,d1e4ceb3f975fb47d9a8321c47484bb1411f5239,exploratory,FEI,biohash,original,90697,90703,40,independent_unseen_keys,1,single_mlp,367,0.025,0.11875,0.5014520733173077,0.49987980769230766,0.0125,0.0,0.0,0.071875,20,False
results/fei_key_pool_boundary/metrics.json,465bfffb1f4b2ce9bedd6eb43bc17bd482790a5bfe61feba62a6728df1364a6c,98f90bca4f30eb60fa3e6cb9723a91cbc69e5532d5d06e77f85fc41ce223347e,c0ecb4c4b29c0492aa08b2507e41690bda0b86070e20ea03a72e56d954b4cdfb,d1e4ceb3f975fb47d9a8321c47484bb1411f5239,exploratory,FEI,biohash,original,90697,90703,40,independent_unseen_keys,1,single_mlp,377,0.025,0.13125,0.49515499799679485,0.5001201923076923,0.003125,0.0,0.0,0.071875,21,False
results/fei_key_pool_boundary/metrics.json,465bfffb1f4b2ce9bedd6eb43bc17bd482790a5bfe61feba62a6728df1364a6c,98f90bca4f30eb60fa3e6cb9723a91cbc69e5532d5d06e77f85fc41ce223347e,c0ecb4c4b29c0492aa08b2507e41690bda0b86070e20ea03a72e56d954b4cdfb,d1e4ceb3f975fb47d9a8321c47484bb1411f5239,exploratory,FEI,biohash,original,90697,90703,40,independent_unseen_keys,1,single_mlp,387,0.01875,0.128125,0.5073194611378204,0.501522435897436,0.003125,0.0,0.0,0.053125,23,False
results/fei_key_pool_boundary/metrics.json,465bfffb1f4b2ce9bedd6eb43bc17bd482790a5bfe61feba62a6728df1364a6c,98f90bca4f30eb60fa3e6cb9723a91cbc69e5532d5d06e77f85fc41ce223347e,c0ecb4c4b29c0492aa08b2507e41690bda0b86070e20ea03a72e56d954b4cdfb,d1e4ceb3f975fb47d9a8321c47484bb1411f5239,exploratory,FEI,biohash,original,90697,90703,40,independent_unseen_keys,10,mean_mlp,367,0.01875,0.125,0.49540264423076924,0.5223958333333334,0.0,0.0,0.0,0.05625,26,False
results/fei_key_pool_boundary/metrics.json,465bfffb1f4b2ce9bedd6eb43bc17bd482790a5bfe61feba62a6728df1364a6c,98f90bca4f30eb60fa3e6cb9723a91cbc69e5532d5d06e77f85fc41ce223347e,c0ecb4c4b29c0492aa08b2507e41690bda0b86070e20ea03a72e56d954b4cdfb,d1e4ceb3f975fb47d9a8321c47484bb1411f5239,exploratory,FEI,biohash,original,90697,90703,40,independent_unseen_keys,10,mean_mlp,377,0.009375,0.10625,0.49934595352564104,0.4905849358974359,0.0,0.0,0.0,0.025,27,False
results/fei_key_pool_boundary/metrics.json,465bfffb1f4b2ce9bedd6eb43bc17bd482790a5bfe61feba62a6728df1364a6c,98f90bca4f30eb60fa3e6cb9723a91cbc69e5532d5d06e77f85fc41ce223347e,c0ecb4c4b29c0492aa08b2507e41690bda0b86070e20ea03a72e56d954b4cdfb,d1e4ceb3f975fb47d9a8321c47484bb1411f5239,exploratory,FEI,biohash,original,90697,90703,40,independent_unseen_keys,10,mean_mlp,387,0.025,0.125,0.510459485176282,0.4968349358974359,0.0,0.0,0.0,0.075,24,False
results/lfw_key_pool_boundary/metrics.json,43889910ce37e0b8e48524116b633e6a3110c3808b1a8e91fcc599b81b2f1a17,6b10198b42eb492bfe588faf8c67c0b942e7f1f9980e8daba2d1470a7f99e390,fb3ef60e84a36193c2810ddb7a1a6eb4c841102b5273083d65a2c6c0500ed840,7ac3a1223e3ae6cd8edc0f75c60d0b42219ad3ff,exploratory,LFW,biohash,original,90679,90683,25,random_key_pool_1,1,single_mlp,337,0.735,0.94,0.9622281250000001,0.09989583333333332,0.64,0.32,0.625,0.84,72,False
results/lfw_key_pool_boundary/metrics.json,43889910ce37e0b8e48524116b633e6a3110c3808b1a8e91fcc599b81b2f1a17,6b10198b42eb492bfe588faf8c67c0b942e7f1f9980e8daba2d1470a7f99e390,fb3ef60e84a36193c2810ddb7a1a6eb4c841102b5273083d65a2c6c0500ed840,7ac3a1223e3ae6cd8edc0f75c60d0b42219ad3ff,exploratory,LFW,biohash,original,90679,90683,25,random_key_pool_1,1,single_mlp,347,0.68,0.925,0.9604958333333333,0.10520833333333332,0.615,0.275,0.535,0.815,92,False
results/lfw_key_pool_boundary/metrics.json,43889910ce37e0b8e48524116b633e6a3110c3808b1a8e91fcc599b81b2f1a17,6b10198b42eb492bfe588faf8c67c0b942e7f1f9980e8daba2d1470a7f99e390,fb3ef60e84a36193c2810ddb7a1a6eb4c841102b5273083d65a2c6c0500ed840,7ac3a1223e3ae6cd8edc0f75c60d0b42219ad3ff,exploratory,LFW,biohash,original,90679,90683,25,random_key_pool_1,1,single_mlp,357,0.705,0.955,0.9638520833333334,0.11499999999999999,0.555,0.195,0.57,0.825,71,False
results/lfw_key_pool_boundary/metrics.json,43889910ce37e0b8e48524116b633e6a3110c3808b1a8e91fcc599b81b2f1a17,6b10198b42eb492bfe588faf8c67c0b942e7f1f9980e8daba2d1470a7f99e390,fb3ef60e84a36193c2810ddb7a1a6eb4c841102b5273083d65a2c6c0500ed840,7ac3a1223e3ae6cd8edc0f75c60d0b42219ad3ff,exploratory,LFW,biohash,original,90679,90683,25,random_key_pool_1,10,mean_mlp,337,0.72,0.965,0.9865885416666667,0.05260416666666669,0.715,0.52,0.555,0.88,399,False
results/lfw_key_pool_boundary/metrics.json,43889910ce37e0b8e48524116b633e6a3110c3808b1a8e91fcc599b81b2f1a17,6b10198b42eb492bfe588faf8c67c0b942e7f1f9980e8daba2d1470a7f99e390,fb3ef60e84a36193c2810ddb7a1a6eb4c841102b5273083d65a2c6c0500ed840,7ac3a1223e3ae6cd8edc0f75c60d0b42219ad3ff,exploratory,LFW,biohash,original,90679,90683,25,random_key_pool_1,10,mean_mlp,347,0.72,0.955,0.970828125,0.09593749999999998,0.62,0.395,0.52,0.88,399,False
results/lfw_key_pool_boundary/metrics.json,43889910ce37e0b8e48524116b633e6a3110c3808b1a8e91fcc599b81b2f1a17,6b10198b42eb492bfe588faf8c67c0b942e7f1f9980e8daba2d1470a7f99e390,fb3ef60e84a36193c2810ddb7a1a6eb4c841102b5273083d65a2c6c0500ed840,7ac3a1223e3ae6cd8edc0f75c60d0b42219ad3ff,exploratory,LFW,biohash,original,90679,90683,25,random_key_pool_1,10,mean_mlp,357,0.755,1.0,0.9808041666666667,0.0798958333333333,0.595,0.425,0.59,0.91,399,False
results/lfw_key_pool_boundary/metrics.json,43889910ce37e0b8e48524116b633e6a3110c3808b1a8e91fcc599b81b2f1a17,6b10198b42eb492bfe588faf8c67c0b942e7f1f9980e8daba2d1470a7f99e390,fb3ef60e84a36193c2810ddb7a1a6eb4c841102b5273083d65a2c6c0500ed840,7ac3a1223e3ae6cd8edc0f75c60d0b42219ad3ff,exploratory,LFW,biohash,original,90679,90683,25,random_key_pool_2,1,single_mlp,337,0.33,0.745,0.8701447916666667,0.22999999999999998,0.18,0.06,0.22987500000000022,0.44,65,False
results/lfw_key_pool_boundary/metrics.json,43889910ce37e0b8e48524116b633e6a3110c3808b1a8e91fcc599b81b2f1a17,6b10198b42eb492bfe588faf8c67c0b942e7f1f9980e8daba2d1470a7f99e390,fb3ef60e84a36193c2810ddb7a1a6eb4c841102b5273083d65a2c6c0500ed840,7ac3a1223e3ae6cd8edc0f75c60d0b42219ad3ff,exploratory,LFW,biohash,original,90679,90683,25,random_key_pool_2,1,single_mlp,347,0.385,0.83,0.8838385416666666,0.18999999999999997,0.22,0.06,0.295,0.48,53,False
results/lfw_key_pool_boundary/metrics.json,43889910ce37e0b8e48524116b633e6a3110c3808b1a8e91fcc599b81b2f1a17,6b10198b42eb492bfe588faf8c67c0b942e7f1f9980e8daba2d1470a7f99e390,fb3ef60e84a36193c2810ddb7a1a6eb4c841102b5273083d65a2c6c0500ed840,7ac3a1223e3ae6cd8edc0f75c60d0b42219ad3ff,exploratory,LFW,biohash,original,90679,90683,25,random_key_pool_2,1,single_mlp,357,0.405,0.765,0.8709020833333334,0.20416666666666666,0.245,0.03,0.275,0.535,58,False
results/lfw_key_pool_boundary/metrics.json,43889910ce37e0b8e48524116b633e6a3110c3808b1a8e91fcc599b81b2f1a17,6b10198b42eb492bfe588faf8c67c0b942e7f1f9980e8daba2d1470a7f99e390,fb3ef60e84a36193c2810ddb7a1a6eb4c841102b5273083d65a2c6c0500ed840,7ac3a1223e3ae6cd8edc0f75c60d0b42219ad3ff,exploratory,LFW,biohash,original,90679,90683,25,random_key_pool_2,10,mean_mlp,337,0.625,0.925,0.9450958333333332,0.1453125,0.475,0.25,0.45,0.8,400,False
results/lfw_key_pool_boundary/metrics.json,43889910ce37e0b8e48524116b633e6a3110c3808b1a8e91fcc599b81b2f1a17,6b10198b42eb492bfe588faf8c67c0b942e7f1f9980e8daba2d1470a7f99e390,fb3ef60e84a36193c2810ddb7a1a6eb4c841102b5273083d65a2c6c0500ed840,7ac3a1223e3ae6cd8edc0f75c60d0b42219ad3ff,exploratory,LFW,biohash,original,90679,90683,25,random_key_pool_2,10,mean_mlp,347,0.675,0.915,0.9445197916666667,0.10520833333333332,0.53,0.265,0.495,0.845,398,False
results/lfw_key_pool_boundary/metrics.json,43889910ce37e0b8e48524116b633e6a3110c3808b1a8e91fcc599b81b2f1a17,6b10198b42eb492bfe588faf8c67c0b942e7f1f9980e8daba2d1470a7f99e390,fb3ef60e84a36193c2810ddb7a1a6eb4c841102b5273083d65a2c6c0500ed840,7ac3a1223e3ae6cd8edc0f75c60d0b42219ad3ff,exploratory,LFW,biohash,original,90679,90683,25,random_key_pool_2,10,mean_mlp,357,0.595,0.945,0.960021875,0.11947916666666666,0.47,0.31,0.41,0.77,397,False
results/lfw_key_pool_boundary/metrics.json,43889910ce37e0b8e48524116b633e6a3110c3808b1a8e91fcc599b81b2f1a17,6b10198b42eb492bfe588faf8c67c0b942e7f1f9980e8daba2d1470a7f99e390,fb3ef60e84a36193c2810ddb7a1a6eb4c841102b5273083d65a2c6c0500ed840,7ac3a1223e3ae6cd8edc0f75c60d0b42219ad3ff,exploratory,LFW,biohash,original,90679,90683,25,random_key_pool_3,1,single_mlp,337,0.25,0.53,0.76354375,0.3115625,0.115,0.02,0.1498750000000002,0.355,65,False
results/lfw_key_pool_boundary/metrics.json,43889910ce37e0b8e48524116b633e6a3110c3808b1a8e91fcc599b81b2f1a17,6b10198b42eb492bfe588faf8c67c0b942e7f1f9980e8daba2d1470a7f99e390,fb3ef60e84a36193c2810ddb7a1a6eb4c841102b5273083d65a2c6c0500ed840,7ac3a1223e3ae6cd8edc0f75c60d0b42219ad3ff,exploratory,LFW,biohash,original,90679,90683,25,random_key_pool_3,1,single_mlp,347,0.2,0.565,0.7813218749999999,0.29531250000000003,0.095,0.005,0.115,0.29,51,False
results/lfw_key_pool_boundary/metrics.json,43889910ce37e0b8e48524116b633e6a3110c3808b1a8e91fcc599b81b2f1a17,6b10198b42eb492bfe588faf8c67c0b942e7f1f9980e8daba2d1470a7f99e390,fb3ef60e84a36193c2810ddb7a1a6eb4c841102b5273083d65a2c6c0500ed840,7ac3a1223e3ae6cd8edc0f75c60d0b42219ad3ff,exploratory,LFW,biohash,original,90679,90683,25,random_key_pool_3,1,single_mlp,357,0.265,0.53,0.7389520833333333,0.3490625,0.16,0.025,0.165,0.365,54,False
results/lfw_key_pool_boundary/metrics.json,43889910ce37e0b8e48524116b633e6a3110c3808b1a8e91fcc599b81b2f1a17,6b10198b42eb492bfe588faf8c67c0b942e7f1f9980e8daba2d1470a7f99e390,fb3ef60e84a36193c2810ddb7a1a6eb4c841102b5273083d65a2c6c0500ed840,7ac3a1223e3ae6cd8edc0f75c60d0b42219ad3ff,exploratory,LFW,biohash,original,90679,90683,25,random_key_pool_3,10,mean_mlp,337,0.645,0.935,0.9646125000000001,0.106875,0.545,0.37,0.47,0.815,400,False
results/lfw_key_pool_boundary/metrics.json,43889910ce37e0b8e48524116b633e6a3110c3808b1a8e91fcc599b81b2f1a17,6b10198b42eb492bfe588faf8c67c0b942e7f1f9980e8daba2d1470a7f99e390,fb3ef60e84a36193c2810ddb7a1a6eb4c841102b5273083d65a2c6c0500ed840,7ac3a1223e3ae6cd8edc0f75c60d0b42219ad3ff,exploratory,LFW,biohash,original,90679,90683,25,random_key_pool_3,10,mean_mlp,347,0.695,0.9,0.95423125,0.13,0.535,0.425,0.515,0.855,390,False
results/lfw_key_pool_boundary/metrics.json,43889910ce37e0b8e48524116b633e6a3110c3808b1a8e91fcc599b81b2f1a17,6b10198b42eb492bfe588faf8c67c0b942e7f1f9980e8daba2d1470a7f99e390,fb3ef60e84a36193c2810ddb7a1a6eb4c841102b5273083d65a2c6c0500ed840,7ac3a1223e3ae6cd8edc0f75c60d0b42219ad3ff,exploratory,LFW,biohash,original,90679,90683,25,random_key_pool_3,10,mean_mlp,357,0.535,0.97,0.9616635416666667,0.09510416666666666,0.43,0.245,0.355,0.705,399,False
results/lfw_key_pool_boundary/metrics.json,43889910ce37e0b8e48524116b633e6a3110c3808b1a8e91fcc599b81b2f1a17,6b10198b42eb492bfe588faf8c67c0b942e7f1f9980e8daba2d1470a7f99e390,fb3ef60e84a36193c2810ddb7a1a6eb4c841102b5273083d65a2c6c0500ed840,7ac3a1223e3ae6cd8edc0f75c60d0b42219ad3ff,exploratory,LFW,biohash,original,90679,90683,25,random_key_pool_4,1,single_mlp,337,0.175,0.445,0.7112,0.3548958333333333,0.115,0.015,0.1,0.26,47,False
results/lfw_key_pool_boundary/metrics.json,43889910ce37e0b8e48524116b633e6a3110c3808b1a8e91fcc599b81b2f1a17,6b10198b42eb492bfe588faf8c67c0b942e7f1f9980e8daba2d1470a7f99e390,fb3ef60e84a36193c2810ddb7a1a6eb4c841102b5273083d65a2c6c0500ed840,7ac3a1223e3ae6cd8edc0f75c60d0b42219ad3ff,exploratory,LFW,biohash,original,90679,90683,25,random_key_pool_4,1,single_mlp,347,0.14,0.49,0.7310802083333334,0.3298958333333333,0.08,0.005,0.07,0.225,51,False
results/lfw_key_pool_boundary/metrics.json,43889910ce37e0b8e48524116b633e6a3110c3808b1a8e91fcc599b81b2f1a17,6b10198b42eb492bfe588faf8c67c0b942e7f1f9980e8daba2d1470a7f99e390,fb3ef60e84a36193c2810ddb7a1a6eb4c841102b5273083d65a2c6c0500ed840,7ac3a1223e3ae6cd8edc0f75c60d0b42219ad3ff,exploratory,LFW,biohash,original,90679,90683,25,random_key_pool_4,1,single_mlp,357,0.19,0.53,0.7162177083333333,0.345,0.07,0.01,0.105,0.275,50,False
results/lfw_key_pool_boundary/metrics.json,43889910ce37e0b8e48524116b633e6a3110c3808b1a8e91fcc599b81b2f1a17,6b10198b42eb492bfe588faf8c67c0b942e7f1f9980e8daba2d1470a7f99e390,fb3ef60e84a36193c2810ddb7a1a6eb4c841102b5273083d65a2c6c0500ed840,7ac3a1223e3ae6cd8edc0f75c60d0b42219ad3ff,exploratory,LFW,biohash,original,90679,90683,25,random_key_pool_4,10,mean_mlp,337,0.42,0.735,0.8626239583333333,0.255,0.29,0.065,0.245,0.5851249999999992,399,False
results/lfw_key_pool_boundary/metrics.json,43889910ce37e0b8e48524116b633e6a3110c3808b1a8e91fcc599b81b2f1a17,6b10198b42eb492bfe588faf8c67c0b942e7f1f9980e8daba2d1470a7f99e390,fb3ef60e84a36193c2810ddb7a1a6eb4c841102b5273083d65a2c6c0500ed840,7ac3a1223e3ae6cd8edc0f75c60d0b42219ad3ff,exploratory,LFW,biohash,original,90679,90683,25,random_key_pool_4,10,mean_mlp,347,0.495,0.8,0.8531072916666667,0.21875,0.385,0.28,0.31487500000000024,0.69,59,False
results/lfw_key_pool_boundary/metrics.json,43889910ce37e0b8e48524116b633e6a3110c3808b1a8e91fcc599b81b2f1a17,6b10198b42eb492bfe588faf8c67c0b942e7f1f9980e8daba2d1470a7f99e390,fb3ef60e84a36193c2810ddb7a1a6eb4c841102b5273083d65a2c6c0500ed840,7ac3a1223e3ae6cd8edc0f75c60d0b42219ad3ff,exploratory,LFW,biohash,original,90679,90683,25,random_key_pool_4,10,mean_mlp,357,0.36,0.815,0.8707614583333333,0.22489583333333332,0.245,0.035,0.195,0.535,63,False
results/lfw_key_pool_boundary/metrics.json,43889910ce37e0b8e48524116b633e6a3110c3808b1a8e91fcc599b81b2f1a17,6b10198b42eb492bfe588faf8c67c0b942e7f1f9980e8daba2d1470a7f99e390,fb3ef60e84a36193c2810ddb7a1a6eb4c841102b5273083d65a2c6c0500ed840,7ac3a1223e3ae6cd8edc0f75c60d0b42219ad3ff,exploratory,LFW,biohash,original,90679,90683,25,random_key_pool_5,1,single_mlp,337,0.095,0.415,0.6619375000000001,0.3822916666666667,0.06,0.0,0.045,0.15012499999999931,53,False
results/lfw_key_pool_boundary/metrics.json,43889910ce37e0b8e48524116b633e6a3110c3808b1a8e91fcc599b81b2f1a17,6b10198b42eb492bfe588faf8c67c0b942e7f1f9980e8daba2d1470a7f99e390,fb3ef60e84a36193c2810ddb7a1a6eb4c841102b5273083d65a2c6c0500ed840,7ac3a1223e3ae6cd8edc0f75c60d0b42219ad3ff,exploratory,LFW,biohash,original,90679,90683,25,random_key_pool_5,1,single_mlp,347,0.1,0.395,0.6748833333333333,0.34510416666666666,0.005,0.0,0.045,0.165,47,False
results/lfw_key_pool_boundary/metrics.json,43889910ce37e0b8e48524116b633e6a3110c3808b1a8e91fcc599b81b2f1a17,6b10198b42eb492bfe588faf8c67c0b942e7f1f9980e8daba2d1470a7f99e390,fb3ef60e84a36193c2810ddb7a1a6eb4c841102b5273083d65a2c6c0500ed840,7ac3a1223e3ae6cd8edc0f75c60d0b42219ad3ff,exploratory,LFW,biohash,original,90679,90683,25,random_key_pool_5,1,single_mlp,357,0.15,0.41,0.6697885416666667,0.37979166666666664,0.045,0.02,0.08,0.23,53,False
results/lfw_key_pool_boundary/metrics.json,43889910ce37e0b8e48524116b633e6a3110c3808b1a8e91fcc599b81b2f1a17,6b10198b42eb492bfe588faf8c67c0b942e7f1f9980e8daba2d1470a7f99e390,fb3ef60e84a36193c2810ddb7a1a6eb4c841102b5273083d65a2c6c0500ed840,7ac3a1223e3ae6cd8edc0f75c60d0b42219ad3ff,exploratory,LFW,biohash,original,90679,90683,25,random_key_pool_5,10,mean_mlp,337,0.4,0.68,0.8639072916666666,0.2115625,0.35,0.0,0.235,0.565,400,False
results/lfw_key_pool_boundary/metrics.json,43889910ce37e0b8e48524116b633e6a3110c3808b1a8e91fcc599b81b2f1a17,6b10198b42eb492bfe588faf8c67c0b942e7f1f9980e8daba2d1470a7f99e390,fb3ef60e84a36193c2810ddb7a1a6eb4c841102b5273083d65a2c6c0500ed840,7ac3a1223e3ae6cd8edc0f75c60d0b42219ad3ff,exploratory,LFW,biohash,original,90679,90683,25,random_key_pool_5,10,mean_mlp,347,0.43,0.805,0.8545468749999999,0.19999999999999998,0.175,0.01,0.26,0.6201249999999993,399,False
results/lfw_key_pool_boundary/metrics.json,43889910ce37e0b8e48524116b633e6a3110c3808b1a8e91fcc599b81b2f1a17,6b10198b42eb492bfe588faf8c67c0b942e7f1f9980e8daba2d1470a7f99e390,fb3ef60e84a36193c2810ddb7a1a6eb4c841102b5273083d65a2c6c0500ed840,7ac3a1223e3ae6cd8edc0f75c60d0b42219ad3ff,exploratory,LFW,biohash,original,90679,90683,25,random_key_pool_5,10,mean_mlp,357,0.4,0.785,0.8745187499999999,0.1984375,0.165,0.065,0.225,0.57,396,False
results/lfw_key_pool_boundary/metrics.json,43889910ce37e0b8e48524116b633e6a3110c3808b1a8e91fcc599b81b2f1a17,6b10198b42eb492bfe588faf8c67c0b942e7f1f9980e8daba2d1470a7f99e390,fb3ef60e84a36193c2810ddb7a1a6eb4c841102b5273083d65a2c6c0500ed840,7ac3a1223e3ae6cd8edc0f75c60d0b42219ad3ff,exploratory,LFW,biohash,original,90679,90683,25,random_key_pool_7,1,single_mlp,337,0.105,0.33,0.63219375,0.41958333333333336,0.06,0.005,0.05,0.17,47,False
results/lfw_key_pool_boundary/metrics.json,43889910ce37e0b8e48524116b633e6a3110c3808b1a8e91fcc599b81b2f1a17,6b10198b42eb492bfe588faf8c67c0b942e7f1f9980e8daba2d1470a7f99e390,fb3ef60e84a36193c2810ddb7a1a6eb4c841102b5273083d65a2c6c0500ed840,7ac3a1223e3ae6cd8edc0f75c60d0b42219ad3ff,exploratory,LFW,biohash,original,90679,90683,25,random_key_pool_7,1,single_mlp,347,0.105,0.37,0.643434375,0.3951041666666667,0.015,0.005,0.05,0.16,48,False
results/lfw_key_pool_boundary/metrics.json,43889910ce37e0b8e48524116b633e6a3110c3808b1a8e91fcc599b81b2f1a17,6b10198b42eb492bfe588faf8c67c0b942e7f1f9980e8daba2d1470a7f99e390,fb3ef60e84a36193c2810ddb7a1a6eb4c841102b5273083d65a2c6c0500ed840,7ac3a1223e3ae6cd8edc0f75c60d0b42219ad3ff,exploratory,LFW,biohash,original,90679,90683,25,random_key_pool_7,1,single_mlp,357,0.14,0.445,0.6754031250000001,0.37520833333333337,0.035,0.005,0.085,0.19512499999999933,42,False
results/lfw_key_pool_boundary/metrics.json,43889910ce37e0b8e48524116b633e6a3110c3808b1a8e91fcc599b81b2f1a17,6b10198b42eb492bfe588faf8c67c0b942e7f1f9980e8daba2d1470a7f99e390,fb3ef60e84a36193c2810ddb7a1a6eb4c841102b5273083d65a2c6c0500ed840,7ac3a1223e3ae6cd8edc0f75c60d0b42219ad3ff,exploratory,LFW,biohash,original,90679,90683,25,random_key_pool_7,10,mean_mlp,337,0.35,0.645,0.8254479166666667,0.26583333333333337,0.225,0.06,0.19,0.515,48,False
results/lfw_key_pool_boundary/metrics.json,43889910ce37e0b8e48524116b633e6a3110c3808b1a8e91fcc599b81b2f1a17,6b10198b42eb492bfe588faf8c67c0b942e7f1f9980e8daba2d1470a7f99e390,fb3ef60e84a36193c2810ddb7a1a6eb4c841102b5273083d65a2c6c0500ed840,7ac3a1223e3ae6cd8edc0f75c60d0b42219ad3ff,exploratory,LFW,biohash,original,90679,90683,25,random_key_pool_7,10,mean_mlp,347,0.335,0.495,0.7039895833333334,0.3744791666666667,0.16,0.095,0.165,0.505,400,False
results/lfw_key_pool_boundary/metrics.json,43889910ce37e0b8e48524116b633e6a3110c3808b1a8e91fcc599b81b2f1a17,6b10198b42eb492bfe588faf8c67c0b942e7f1f9980e8daba2d1470a7f99e390,fb3ef60e84a36193c2810ddb7a1a6eb4c841102b5273083d65a2c6c0500ed840,7ac3a1223e3ae6cd8edc0f75c60d0b42219ad3ff,exploratory,LFW,biohash,original,90679,90683,25,random_key_pool_7,10,mean_mlp,357,0.275,0.615,0.797896875,0.29020833333333335,0.175,0.075,0.13,0.425,399,False
results/lfw_key_pool_boundary/metrics.json,43889910ce37e0b8e48524116b633e6a3110c3808b1a8e91fcc599b81b2f1a17,6b10198b42eb492bfe588faf8c67c0b942e7f1f9980e8daba2d1470a7f99e390,fb3ef60e84a36193c2810ddb7a1a6eb4c841102b5273083d65a2c6c0500ed840,7ac3a1223e3ae6cd8edc0f75c60d0b42219ad3ff,exploratory,LFW,biohash,original,90679,90683,25,random_key_pool_10,1,single_mlp,337,0.04,0.2,0.5116416666666667,0.4948958333333333,0.005,0.0,0.0,0.11,19,False
results/lfw_key_pool_boundary/metrics.json,43889910ce37e0b8e48524116b633e6a3110c3808b1a8e91fcc599b81b2f1a17,6b10198b42eb492bfe588faf8c67c0b942e7f1f9980e8daba2d1470a7f99e390,fb3ef60e84a36193c2810ddb7a1a6eb4c841102b5273083d65a2c6c0500ed840,7ac3a1223e3ae6cd8edc0f75c60d0b42219ad3ff,exploratory,LFW,biohash,original,90679,90683,25,random_key_pool_10,1,single_mlp,347,0.05,0.23,0.528340625,0.475,0.01,0.0,0.0,0.14,15,False
results/lfw_key_pool_boundary/metrics.json,43889910ce37e0b8e48524116b633e6a3110c3808b1a8e91fcc599b81b2f1a17,6b10198b42eb492bfe588faf8c67c0b942e7f1f9980e8daba2d1470a7f99e390,fb3ef60e84a36193c2810ddb7a1a6eb4c841102b5273083d65a2c6c0500ed840,7ac3a1223e3ae6cd8edc0f75c60d0b42219ad3ff,exploratory,LFW,biohash,original,90679,90683,25,random_key_pool_10,1,single_mlp,357,0.04,0.235,0.527396875,0.4898958333333333,0.015,0.005,0.0,0.12,7,False
results/lfw_key_pool_boundary/metrics.json,43889910ce37e0b8e48524116b633e6a3110c3808b1a8e91fcc599b81b2f1a17,6b10198b42eb492bfe588faf8c67c0b942e7f1f9980e8daba2d1470a7f99e390,fb3ef60e84a36193c2810ddb7a1a6eb4c841102b5273083d65a2c6c0500ed840,7ac3a1223e3ae6cd8edc0f75c60d0b42219ad3ff,exploratory,LFW,biohash,original,90679,90683,25,random_key_pool_10,10,mean_mlp,337,0.16,0.49,0.7311614583333333,0.30500000000000005,0.02,0.0,0.04,0.3,66,False
results/lfw_key_pool_boundary/metrics.json,43889910ce37e0b8e48524116b633e6a3110c3808b1a8e91fcc599b81b2f1a17,6b10198b42eb492bfe588faf8c67c0b942e7f1f9980e8daba2d1470a7f99e390,fb3ef60e84a36193c2810ddb7a1a6eb4c841102b5273083d65a2c6c0500ed840,7ac3a1223e3ae6cd8edc0f75c60d0b42219ad3ff,exploratory,LFW,biohash,original,90679,90683,25,random_key_pool_10,10,mean_mlp,347,0.355,0.68,0.82956875,0.2605208333333333,0.175,0.07,0.2,0.5201249999999993,60,False
results/lfw_key_pool_boundary/metrics.json,43889910ce37e0b8e48524116b633e6a3110c3808b1a8e91fcc599b81b2f1a17,6b10198b42eb492bfe588faf8c67c0b942e7f1f9980e8daba2d1470a7f99e390,fb3ef60e84a36193c2810ddb7a1a6eb4c841102b5273083d65a2c6c0500ed840,7ac3a1223e3ae6cd8edc0f75c60d0b42219ad3ff,exploratory,LFW,biohash,original,90679,90683,25,random_key_pool_10,10,mean_mlp,357,0.245,0.59,0.8148604166666668,0.275,0.11,0.005,0.105,0.395,53,False
results/lfw_key_pool_boundary/metrics.json,43889910ce37e0b8e48524116b633e6a3110c3808b1a8e91fcc599b81b2f1a17,6b10198b42eb492bfe588faf8c67c0b942e7f1f9980e8daba2d1470a7f99e390,fb3ef60e84a36193c2810ddb7a1a6eb4c841102b5273083d65a2c6c0500ed840,7ac3a1223e3ae6cd8edc0f75c60d0b42219ad3ff,exploratory,LFW,biohash,original,90679,90683,25,independent_unseen_keys,1,single_mlp,337,0.045,0.19,0.5028125,0.495,0.01,0.01,0.0,0.13,11,False
results/lfw_key_pool_boundary/metrics.json,43889910ce37e0b8e48524116b633e6a3110c3808b1a8e91fcc599b81b2f1a17,6b10198b42eb492bfe588faf8c67c0b942e7f1f9980e8daba2d1470a7f99e390,fb3ef60e84a36193c2810ddb7a1a6eb4c841102b5273083d65a2c6c0500ed840,7ac3a1223e3ae6cd8edc0f75c60d0b42219ad3ff,exploratory,LFW,biohash,original,90679,90683,25,independent_unseen_keys,1,single_mlp,347,0.055,0.215,0.49808854166666666,0.50625,0.005,0.0,0.0,0.15,14,False
results/lfw_key_pool_boundary/metrics.json,43889910ce37e0b8e48524116b633e6a3110c3808b1a8e91fcc599b81b2f1a17,6b10198b42eb492bfe588faf8c67c0b942e7f1f9980e8daba2d1470a7f99e390,fb3ef60e84a36193c2810ddb7a1a6eb4c841102b5273083d65a2c6c0500ed840,7ac3a1223e3ae6cd8edc0f75c60d0b42219ad3ff,exploratory,LFW,biohash,original,90679,90683,25,independent_unseen_keys,1,single_mlp,357,0.04,0.19,0.48948749999999996,0.5148958333333333,0.005,0.0,0.0,0.11012499999999932,7,False
results/lfw_key_pool_boundary/metrics.json,43889910ce37e0b8e48524116b633e6a3110c3808b1a8e91fcc599b81b2f1a17,6b10198b42eb492bfe588faf8c67c0b942e7f1f9980e8daba2d1470a7f99e390,fb3ef60e84a36193c2810ddb7a1a6eb4c841102b5273083d65a2c6c0500ed840,7ac3a1223e3ae6cd8edc0f75c60d0b42219ad3ff,exploratory,LFW,biohash,original,90679,90683,25,independent_unseen_keys,10,mean_mlp,337,0.04,0.2,0.502990625,0.4848958333333333,0.0,0.0,0.0,0.12,15,False
results/lfw_key_pool_boundary/metrics.json,43889910ce37e0b8e48524116b633e6a3110c3808b1a8e91fcc599b81b2f1a17,6b10198b42eb492bfe588faf8c67c0b942e7f1f9980e8daba2d1470a7f99e390,fb3ef60e84a36193c2810ddb7a1a6eb4c841102b5273083d65a2c6c0500ed840,7ac3a1223e3ae6cd8edc0f75c60d0b42219ad3ff,exploratory,LFW,biohash,original,90679,90683,25,independent_unseen_keys,10,mean_mlp,347,0.04,0.205,0.5067260416666667,0.515,0.015,0.0,0.0,0.12,13,False
results/lfw_key_pool_boundary/metrics.json,43889910ce37e0b8e48524116b633e6a3110c3808b1a8e91fcc599b81b2f1a17,6b10198b42eb492bfe588faf8c67c0b942e7f1f9980e8daba2d1470a7f99e390,fb3ef60e84a36193c2810ddb7a1a6eb4c841102b5273083d65a2c6c0500ed840,7ac3a1223e3ae6cd8edc0f75c60d0b42219ad3ff,exploratory,LFW,biohash,original,90679,90683,25,independent_unseen_keys,10,mean_mlp,357,0.04,0.275,0.504909375,0.48583333333333334,0.0,0.0,0.0,0.12,7,False
results/mobio_dense_key_pool_sweep/metrics.json,a155369c1e80b6ea3bbd5434dc6891cfc99a7407d3cb9d86f4df78eaf60df672,410c5d89ed84141a7f52e657d4770e3bba0e2a559021e865dc546a8dd0b947ed,1754d228a3989e52684d6af90d9b71d6b8c4553973012134835ec3d505a3a666,8fdef01eb5c6579a025be82726e3cce1fd965238,exploratory,MOBIO,biohash,original,90521,90527,30,random_key_pool_3,1,single_mlp,127,0.26666666666666666,0.6125,0.8295593869731801,0.2540948275862069,0.13333333333333333,0.0125,0.18333333333333332,0.35833333333333334,57,False
results/mobio_dense_key_pool_sweep/metrics.json,a155369c1e80b6ea3bbd5434dc6891cfc99a7407d3cb9d86f4df78eaf60df672,410c5d89ed84141a7f52e657d4770e3bba0e2a559021e865dc546a8dd0b947ed,1754d228a3989e52684d6af90d9b71d6b8c4553973012134835ec3d505a3a666,8fdef01eb5c6579a025be82726e3cce1fd965238,exploratory,MOBIO,biohash,original,90521,90527,30,random_key_pool_3,1,single_mlp,137,0.30416666666666664,0.6333333333333333,0.8356351772030651,0.2619971264367816,0.19166666666666668,0.05,0.2,0.4125,60,False
results/mobio_dense_key_pool_sweep/metrics.json,a155369c1e80b6ea3bbd5434dc6891cfc99a7407d3cb9d86f4df78eaf60df672,410c5d89ed84141a7f52e657d4770e3bba0e2a559021e865dc546a8dd0b947ed,1754d228a3989e52684d6af90d9b71d6b8c4553973012134835ec3d505a3a666,8fdef01eb5c6579a025be82726e3cce1fd965238,exploratory,MOBIO,biohash,original,90521,90527,30,random_key_pool_3,1,single_mlp,147,0.25416666666666665,0.6125,0.8342420977011494,0.23318965517241377,0.17083333333333334,0.025,0.1625,0.34177083333333275,65,False
results/mobio_dense_key_pool_sweep/metrics.json,a155369c1e80b6ea3bbd5434dc6891cfc99a7407d3cb9d86f4df78eaf60df672,410c5d89ed84141a7f52e657d4770e3bba0e2a559021e865dc546a8dd0b947ed,1754d228a3989e52684d6af90d9b71d6b8c4553973012134835ec3d505a3a666,8fdef01eb5c6579a025be82726e3cce1fd965238,exploratory,MOBIO,biohash,original,90521,90527,30,random_key_pool_3,2,mean_mlp,127,0.4125,0.7916666666666666,0.9099982040229885,0.17420977011494254,0.30833333333333335,0.075,0.30416666666666664,0.525,72,False
results/mobio_dense_key_pool_sweep/metrics.json,a155369c1e80b6ea3bbd5434dc6891cfc99a7407d3cb9d86f4df78eaf60df672,410c5d89ed84141a7f52e657d4770e3bba0e2a559021e865dc546a8dd0b947ed,1754d228a3989e52684d6af90d9b71d6b8c4553973012134835ec3d505a3a666,8fdef01eb5c6579a025be82726e3cce1fd965238,exploratory,MOBIO,biohash,original,90521,90527,30,random_key_pool_3,2,mean_mlp,137,0.4375,0.7958333333333333,0.90759997605364,0.16666666666666663,0.30416666666666664,0.058333333333333334,0.325,0.5625,67,False
results/mobio_dense_key_pool_sweep/metrics.json,a155369c1e80b6ea3bbd5434dc6891cfc99a7407d3cb9d86f4df78eaf60df672,410c5d89ed84141a7f52e657d4770e3bba0e2a559021e865dc546a8dd0b947ed,1754d228a3989e52684d6af90d9b71d6b8c4553973012134835ec3d505a3a666,8fdef01eb5c6579a025be82726e3cce1fd965238,exploratory,MOBIO,biohash,original,90521,90527,30,random_key_pool_3,2,mean_mlp,147,0.3875,0.7791666666666667,0.9005178400383143,0.19152298850574712,0.2875,0.07916666666666666,0.275,0.5,70,False
results/mobio_dense_key_pool_sweep/metrics.json,a155369c1e80b6ea3bbd5434dc6891cfc99a7407d3cb9d86f4df78eaf60df672,410c5d89ed84141a7f52e657d4770e3bba0e2a559021e865dc546a8dd0b947ed,1754d228a3989e52684d6af90d9b71d6b8c4553973012134835ec3d505a3a666,8fdef01eb5c6579a025be82726e3cce1fd965238,exploratory,MOBIO,biohash,original,90521,90527,30,random_key_pool_3,2,deepsets,127,0.2875,0.6458333333333334,0.8453849377394637,0.23318965517241377,0.175,0.020833333333333332,0.2,0.37916666666666665,63,False
results/mobio_dense_key_pool_sweep/metrics.json,a155369c1e80b6ea3bbd5434dc6891cfc99a7407d3cb9d86f4df78eaf60df672,410c5d89ed84141a7f52e657d4770e3bba0e2a559021e865dc546a8dd0b947ed,1754d228a3989e52684d6af90d9b71d6b8c4553973012134835ec3d505a3a666,8fdef01eb5c6579a025be82726e3cce1fd965238,exploratory,MOBIO,biohash,original,90521,90527,30,random_key_pool_3,2,deepsets,137,0.31666666666666665,0.7,0.8601807950191571,0.2335488505747126,0.16666666666666666,0.04583333333333333,0.2125,0.43333333333333335,56,False
results/mobio_dense_key_pool_sweep/metrics.json,a155369c1e80b6ea3bbd5434dc6891cfc99a7407d3cb9d86f4df78eaf60df672,410c5d89ed84141a7f52e657d4770e3bba0e2a559021e865dc546a8dd0b947ed,1754d228a3989e52684d6af90d9b71d6b8c4553973012134835ec3d505a3a666,8fdef01eb5c6579a025be82726e3cce1fd965238,exploratory,MOBIO,biohash,original,90521,90527,30,random_key_pool_3,2,deepsets,147,0.3,0.7083333333333334,0.8561236829501916,0.22528735632183905,0.16666666666666666,0.016666666666666666,0.19166666666666668,0.4083333333333333,56,False
results/mobio_dense_key_pool_sweep/metrics.json,a155369c1e80b6ea3bbd5434dc6891cfc99a7407d3cb9d86f4df78eaf60df672,410c5d89ed84141a7f52e657d4770e3bba0e2a559021e865dc546a8dd0b947ed,1754d228a3989e52684d6af90d9b71d6b8c4553973012134835ec3d505a3a666,8fdef01eb5c6579a025be82726e3cce1fd965238,exploratory,MOBIO,biohash,original,90521,90527,30,random_key_pool_3,5,mean_mlp,127,0.6,0.9583333333333334,0.9650999760536398,0.09626436781609195,0.5291666666666667,0.10833333333333334,0.47072916666666687,0.7291666666666666,94,False
results/mobio_dense_key_pool_sweep/metrics.json,a155369c1e80b6ea3bbd5434dc6891cfc99a7407d3cb9d86f4df78eaf60df672,410c5d89ed84141a7f52e657d4770e3bba0e2a559021e865dc546a8dd0b947ed,1754d228a3989e52684d6af90d9b71d6b8c4553973012134835ec3d505a3a666,8fdef01eb5c6579a025be82726e3cce1fd965238,exploratory,MOBIO,biohash,original,90521,90527,30,random_key_pool_3,5,mean_mlp,137,0.625,0.9208333333333333,0.9602466475095784,0.10890804597701147,0.5708333333333333,0.125,0.48333333333333334,0.7459374999999995,73,False
results/mobio_dense_key_pool_sweep/metrics.json,a155369c1e80b6ea3bbd5434dc6891cfc99a7407d3cb9d86f4df78eaf60df672,410c5d89ed84141a7f52e657d4770e3bba0e2a559021e865dc546a8dd0b947ed,1754d228a3989e52684d6af90d9b71d6b8c4553973012134835ec3d505a3a666,8fdef01eb5c6579a025be82726e3cce1fd965238,exploratory,MOBIO,biohash,original,90521,90527,30,random_key_pool_3,5,mean_mlp,147,0.5958333333333333,0.9166666666666666,0.9478442289272031,0.12830459770114944,0.525,0.12083333333333333,0.45,0.7375,80,False
results/mobio_dense_key_pool_sweep/metrics.json,a155369c1e80b6ea3bbd5434dc6891cfc99a7407d3cb9d86f4df78eaf60df672,410c5d89ed84141a7f52e657d4770e3bba0e2a559021e865dc546a8dd0b947ed,1754d228a3989e52684d6af90d9b71d6b8c4553973012134835ec3d505a3a666,8fdef01eb5c6579a025be82726e3cce1fd965238,exploratory,MOBIO,biohash,original,90521,90527,30,random_key_pool_3,5,deepsets,127,0.4875,0.8458333333333333,0.9247707136015325,0.14992816091954025,0.3541666666666667,0.12083333333333333,0.3665625000000002,0.6041666666666666,77,False
results/mobio_dense_key_pool_sweep/metrics.json,a155369c1e80b6ea3bbd5434dc6891cfc99a7407d3cb9d86f4df78eaf60df672,410c5d89ed84141a7f52e657d4770e3bba0e2a559021e865dc546a8dd0b947ed,1754d228a3989e52684d6af90d9b71d6b8c4553973012134835ec3d505a3a666,8fdef01eb5c6579a025be82726e3cce1fd965238,exploratory,MOBIO,biohash,original,90521,90527,30,random_key_pool_3,5,deepsets,137,0.5208333333333334,0.8458333333333333,0.9229465996168582,0.1530890804597701,0.32083333333333336,0.0375,0.37083333333333335,0.6584374999999995,68,False
results/mobio_dense_key_pool_sweep/metrics.json,a155369c1e80b6ea3bbd5434dc6891cfc99a7407d3cb9d86f4df78eaf60df672,410c5d89ed84141a7f52e657d4770e3bba0e2a559021e865dc546a8dd0b947ed,1754d228a3989e52684d6af90d9b71d6b8c4553973012134835ec3d505a3a666,8fdef01eb5c6579a025be82726e3cce1fd965238,exploratory,MOBIO,biohash,original,90521,90527,30,random_key_pool_3,5,deepsets,147,0.5083333333333333,0.8375,0.9316271551724138,0.1419540229885058,0.3458333333333333,0.05416666666666667,0.37916666666666665,0.6416666666666667,75,False
results/mobio_dense_key_pool_sweep/metrics.json,a155369c1e80b6ea3bbd5434dc6891cfc99a7407d3cb9d86f4df78eaf60df672,410c5d89ed84141a7f52e657d4770e3bba0e2a559021e865dc546a8dd0b947ed,1754d228a3989e52684d6af90d9b71d6b8c4553973012134835ec3d505a3a666,8fdef01eb5c6579a025be82726e3cce1fd965238,exploratory,MOBIO,biohash,original,90521,90527,30,random_key_pool_3,10,mean_mlp,127,0.7166666666666667,0.8875,0.9667672413793102,0.11652298850574713,0.6875,0.24583333333333332,0.5583333333333333,0.8625,399,False
results/mobio_dense_key_pool_sweep/metrics.json,a155369c1e80b6ea3bbd5434dc6891cfc99a7407d3cb9d86f4df78eaf60df672,410c5d89ed84141a7f52e657d4770e3bba0e2a559021e865dc546a8dd0b947ed,1754d228a3989e52684d6af90d9b71d6b8c4553973012134835ec3d505a3a666,8fdef01eb5c6579a025be82726e3cce1fd965238,exploratory,MOBIO,biohash,original,90521,90527,30,random_key_pool_3,10,mean_mlp,137,0.6583333333333333,0.9166666666666666,0.9579094827586208,0.11185344827586209,0.525,0.12916666666666668,0.4957291666666669,0.8083333333333333,53,False
results/mobio_dense_key_pool_sweep/metrics.json,a155369c1e80b6ea3bbd5434dc6891cfc99a7407d3cb9d86f4df78eaf60df672,410c5d89ed84141a7f52e657d4770e3bba0e2a559021e865dc546a8dd0b947ed,1754d228a3989e52684d6af90d9b71d6b8c4553973012134835ec3d505a3a666,8fdef01eb5c6579a025be82726e3cce1fd965238,exploratory,MOBIO,biohash,original,90521,90527,30,random_key_pool_3,10,mean_mlp,147,0.575,0.9583333333333334,0.9583333333333333,0.12916666666666665,0.4791666666666667,0.20833333333333334,0.3958333333333333,0.75,60,False
results/mobio_dense_key_pool_sweep/metrics.json,a155369c1e80b6ea3bbd5434dc6891cfc99a7407d3cb9d86f4df78eaf60df672,410c5d89ed84141a7f52e657d4770e3bba0e2a559021e865dc546a8dd0b947ed,1754d228a3989e52684d6af90d9b71d6b8c4553973012134835ec3d505a3a666,8fdef01eb5c6579a025be82726e3cce1fd965238,exploratory,MOBIO,biohash,original,90521,90527,30,random_key_pool_3,10,deepsets,127,0.6166666666666667,0.8791666666666667,0.9498521312260537,0.1419540229885058,0.43333333333333335,0.2708333333333333,0.44989583333333355,0.775,67,False
results/mobio_dense_key_pool_sweep/metrics.json,a155369c1e80b6ea3bbd5434dc6891cfc99a7407d3cb9d86f4df78eaf60df672,410c5d89ed84141a7f52e657d4770e3bba0e2a559021e865dc546a8dd0b947ed,1754d228a3989e52684d6af90d9b71d6b8c4553973012134835ec3d505a3a666,8fdef01eb5c6579a025be82726e3cce1fd965238,exploratory,MOBIO,biohash,original,90521,90527,30,random_key_pool_3,10,deepsets,137,0.5583333333333333,0.8666666666666667,0.9279442049808428,0.133117816091954,0.35,0.16666666666666666,0.39166666666666666,0.7208333333333333,52,False
results/mobio_dense_key_pool_sweep/metrics.json,a155369c1e80b6ea3bbd5434dc6891cfc99a7407d3cb9d86f4df78eaf60df672,410c5d89ed84141a7f52e657d4770e3bba0e2a559021e865dc546a8dd0b947ed,1754d228a3989e52684d6af90d9b71d6b8c4553973012134835ec3d505a3a666,8fdef01eb5c6579a025be82726e3cce1fd965238,exploratory,MOBIO,biohash,original,90521,90527,30,random_key_pool_3,10,deepsets,147,0.6166666666666667,0.8791666666666667,0.9338320162835247,0.1343390804597701,0.44166666666666665,0.08333333333333333,0.44583333333333336,0.7791666666666667,58,False
results/mobio_dense_key_pool_sweep/metrics.json,a155369c1e80b6ea3bbd5434dc6891cfc99a7407d3cb9d86f4df78eaf60df672,410c5d89ed84141a7f52e657d4770e3bba0e2a559021e865dc546a8dd0b947ed,1754d228a3989e52684d6af90d9b71d6b8c4553973012134835ec3d505a3a666,8fdef01eb5c6579a025be82726e3cce1fd965238,exploratory,MOBIO,biohash,original,90521,90527,30,random_key_pool_4,1,single_mlp,127,0.03333333333333333,0.19166666666666668,0.5503909243295019,0.45977011494252873,0.0125,0.0,0.0,0.07916666666666666,20,False
results/mobio_dense_key_pool_sweep/metrics.json,a155369c1e80b6ea3bbd5434dc6891cfc99a7407d3cb9d86f4df78eaf60df672,410c5d89ed84141a7f52e657d4770e3bba0e2a559021e865dc546a8dd0b947ed,1754d228a3989e52684d6af90d9b71d6b8c4553973012134835ec3d505a3a666,8fdef01eb5c6579a025be82726e3cce1fd965238,exploratory,MOBIO,biohash,original,90521,90527,30,random_key_pool_4,1,single_mlp,137,0.03333333333333333,0.16666666666666666,0.5393133381226054,0.4666666666666667,0.008333333333333333,0.0,0.0,0.09583333333333334,20,False
results/mobio_dense_key_pool_sweep/metrics.json,a155369c1e80b6ea3bbd5434dc6891cfc99a7407d3cb9d86f4df78eaf60df672,410c5d89ed84141a7f52e657d4770e3bba0e2a559021e865dc546a8dd0b947ed,1754d228a3989e52684d6af90d9b71d6b8c4553973012134835ec3d505a3a666,8fdef01eb5c6579a025be82726e3cce1fd965238,exploratory,MOBIO,biohash,original,90521,90527,30,random_key_pool_4,1,single_mlp,147,0.0375,0.20833333333333334,0.5570043103448276,0.45632183908045976,0.0125,0.0,0.0,0.08333333333333333,20,False
results/mobio_dense_key_pool_sweep/metrics.json,a155369c1e80b6ea3bbd5434dc6891cfc99a7407d3cb9d86f4df78eaf60df672,410c5d89ed84141a7f52e657d4770e3bba0e2a559021e865dc546a8dd0b947ed,1754d228a3989e52684d6af90d9b71d6b8c4553973012134835ec3d505a3a666,8fdef01eb5c6579a025be82726e3cce1fd965238,exploratory,MOBIO,biohash,original,90521,90527,30,random_key_pool_4,2,mean_mlp,127,0.325,0.6416666666666667,0.8388601532567049,0.24633620689655172,0.225,0.05,0.22083333333333333,0.44166666666666665,63,False
results/mobio_dense_key_pool_sweep/metrics.json,a155369c1e80b6ea3bbd5434dc6891cfc99a7407d3cb9d86f4df78eaf60df672,410c5d89ed84141a7f52e657d4770e3bba0e2a559021e865dc546a8dd0b947ed,1754d228a3989e52684d6af90d9b71d6b8c4553973012134835ec3d505a3a666,8fdef01eb5c6579a025be82726e3cce1fd965238,exploratory,MOBIO,biohash,original,90521,90527,30,random_key_pool_4,2,mean_mlp,137,0.03333333333333333,0.16666666666666666,0.5686799568965517,0.45043103448275856,0.0,0.0,0.0,0.1,21,False
results/mobio_dense_key_pool_sweep/metrics.json,a155369c1e80b6ea3bbd5434dc6891cfc99a7407d3cb9d86f4df78eaf60df672,410c5d89ed84141a7f52e657d4770e3bba0e2a559021e865dc546a8dd0b947ed,1754d228a3989e52684d6af90d9b71d6b8c4553973012134835ec3d505a3a666,8fdef01eb5c6579a025be82726e3cce1fd965238,exploratory,MOBIO,biohash,original,90521,90527,30,random_key_pool_4,2,mean_mlp,147,0.3125,0.7125,0.8611069204980843,0.21666666666666667,0.20833333333333334,0.0375,0.21656250000000019,0.4125,70,False
results/mobio_dense_key_pool_sweep/metrics.json,a155369c1e80b6ea3bbd5434dc6891cfc99a7407d3cb9d86f4df78eaf60df672,410c5d89ed84141a7f52e657d4770e3bba0e2a559021e865dc546a8dd0b947ed,1754d228a3989e52684d6af90d9b71d6b8c4553973012134835ec3d505a3a666,8fdef01eb5c6579a025be82726e3cce1fd965238,exploratory,MOBIO,biohash,original,90521,90527,30,random_key_pool_4,2,deepsets,127,0.025,0.16666666666666666,0.5387056992337165,0.4876436781609196,0.016666666666666666,0.0,0.0,0.06666666666666667,21,False
results/mobio_dense_key_pool_sweep/metrics.json,a155369c1e80b6ea3bbd5434dc6891cfc99a7407d3cb9d86f4df78eaf60df672,410c5d89ed84141a7f52e657d4770e3bba0e2a559021e865dc546a8dd0b947ed,1754d228a3989e52684d6af90d9b71d6b8c4553973012134835ec3d505a3a666,8fdef01eb5c6579a025be82726e3cce1fd965238,exploratory,MOBIO,biohash,original,90521,90527,30,random_key_pool_4,2,deepsets,137,0.016666666666666666,0.1875,0.5333117816091955,0.48247126436781607,0.004166666666666667,0.0,0.0,0.05,21,False
results/mobio_dense_key_pool_sweep/metrics.json,a155369c1e80b6ea3bbd5434dc6891cfc99a7407d3cb9d86f4df78eaf60df672,410c5d89ed84141a7f52e657d4770e3bba0e2a559021e865dc546a8dd0b947ed,1754d228a3989e52684d6af90d9b71d6b8c4553973012134835ec3d505a3a666,8fdef01eb5c6579a025be82726e3cce1fd965238,exploratory,MOBIO,biohash,original,90521,90527,30,random_key_pool_4,2,deepsets,147,0.03333333333333333,0.17916666666666667,0.5365427442528736,0.4790948275862069,0.020833333333333332,0.004166666666666667,0.0,0.09583333333333334,24,False
results/mobio_dense_key_pool_sweep/metrics.json,a155369c1e80b6ea3bbd5434dc6891cfc99a7407d3cb9d86f4df78eaf60df672,410c5d89ed84141a7f52e657d4770e3bba0e2a559021e865dc546a8dd0b947ed,1754d228a3989e52684d6af90d9b71d6b8c4553973012134835ec3d505a3a666,8fdef01eb5c6579a025be82726e3cce1fd965238,exploratory,MOBIO,biohash,original,90521,90527,30,random_key_pool_4,5,mean_mlp,127,0.45,0.825,0.8996892959770115,0.15897988505747127,0.35,0.08333333333333333,0.32916666666666666,0.5708333333333333,135,False
results/mobio_dense_key_pool_sweep/metrics.json,a155369c1e80b6ea3bbd5434dc6891cfc99a7407d3cb9d86f4df78eaf60df672,410c5d89ed84141a7f52e657d4770e3bba0e2a559021e865dc546a8dd0b947ed,1754d228a3989e52684d6af90d9b71d6b8c4553973012134835ec3d505a3a666,8fdef01eb5c6579a025be82726e3cce1fd965238,exploratory,MOBIO,biohash,original,90521,90527,30,random_key_pool_4,5,mean_mlp,137,0.5083333333333333,0.8125,0.9092510775862068,0.16343390804597702,0.35833333333333334,0.12083333333333333,0.37083333333333335,0.6416666666666667,61,False
results/mobio_dense_key_pool_sweep/metrics.json,a155369c1e80b6ea3bbd5434dc6891cfc99a7407d3cb9d86f4df78eaf60df672,410c5d89ed84141a7f52e657d4770e3bba0e2a559021e865dc546a8dd0b947ed,1754d228a3989e52684d6af90d9b71d6b8c4553973012134835ec3d505a3a666,8fdef01eb5c6579a025be82726e3cce1fd965238,exploratory,MOBIO,biohash,original,90521,90527,30,random_key_pool_4,5,mean_mlp,147,0.4875,0.8541666666666666,0.9155585488505747,0.16659482758620686,0.35833333333333334,0.1,0.35833333333333334,0.6208333333333333,86,False
results/mobio_dense_key_pool_sweep/metrics.json,a155369c1e80b6ea3bbd5434dc6891cfc99a7407d3cb9d86f4df78eaf60df672,410c5d89ed84141a7f52e657d4770e3bba0e2a559021e865dc546a8dd0b947ed,1754d228a3989e52684d6af90d9b71d6b8c4553973012134835ec3d505a3a666,8fdef01eb5c6579a025be82726e3cce1fd965238,exploratory,MOBIO,biohash,original,90521,90527,30,random_key_pool_4,5,deepsets,127,0.3375,0.7458333333333333,0.8756585249042145,0.20431034482758623,0.225,0.07083333333333333,0.225,0.4625,78,False
results/mobio_dense_key_pool_sweep/metrics.json,a155369c1e80b6ea3bbd5434dc6891cfc99a7407d3cb9d86f4df78eaf60df672,410c5d89ed84141a7f52e657d4770e3bba0e2a559021e865dc546a8dd0b947ed,1754d228a3989e52684d6af90d9b71d6b8c4553973012134835ec3d505a3a666,8fdef01eb5c6579a025be82726e3cce1fd965238,exploratory,MOBIO,biohash,original,90521,90527,30,random_key_pool_4,5,deepsets,137,0.3375,0.7833333333333333,0.9066834291187739,0.16666666666666663,0.2125,0.041666666666666664,0.225,0.4625,66,False
results/mobio_dense_key_pool_sweep/metrics.json,a155369c1e80b6ea3bbd5434dc6891cfc99a7407d3cb9d86f4df78eaf60df672,410c5d89ed84141a7f52e657d4770e3bba0e2a559021e865dc546a8dd0b947ed,1754d228a3989e52684d6af90d9b71d6b8c4553973012134835ec3d505a3a666,8fdef01eb5c6579a025be82726e3cce1fd965238,exploratory,MOBIO,biohash,original,90521,90527,30,random_key_pool_4,5,deepsets,147,0.37083333333333335,0.675,0.8435524425287355,0.23347701149425285,0.2375,0.06666666666666667,0.23333333333333334,0.5083333333333333,56,False
results/mobio_dense_key_pool_sweep/metrics.json,a155369c1e80b6ea3bbd5434dc6891cfc99a7407d3cb9d86f4df78eaf60df672,410c5d89ed84141a7f52e657d4770e3bba0e2a559021e865dc546a8dd0b947ed,1754d228a3989e52684d6af90d9b71d6b8c4553973012134835ec3d505a3a666,8fdef01eb5c6579a025be82726e3cce1fd965238,exploratory,MOBIO,biohash,original,90521,90527,30,random_key_pool_4,10,mean_mlp,127,0.4875,0.8666666666666667,0.9206836685823755,0.1645833333333333,0.4625,0.2625,0.32489583333333355,0.65,68,False
results/mobio_dense_key_pool_sweep/metrics.json,a155369c1e80b6ea3bbd5434dc6891cfc99a7407d3cb9d86f4df78eaf60df672,410c5d89ed84141a7f52e657d4770e3bba0e2a559021e865dc546a8dd0b947ed,1754d228a3989e52684d6af90d9b71d6b8c4553973012134835ec3d505a3a666,8fdef01eb5c6579a025be82726e3cce1fd965238,exploratory,MOBIO,biohash,original,90521,90527,30,random_key_pool_4,10,mean_mlp,137,0.5583333333333333,0.8875,0.9445851293103449,0.10545977011494251,0.49583333333333335,0.0875,0.4041666666666667,0.7126041666666662,75,False
results/mobio_dense_key_pool_sweep/metrics.json,a155369c1e80b6ea3bbd5434dc6891cfc99a7407d3cb9d86f4df78eaf60df672,410c5d89ed84141a7f52e657d4770e3bba0e2a559021e865dc546a8dd0b947ed,1754d228a3989e52684d6af90d9b71d6b8c4553973012134835ec3d505a3a666,8fdef01eb5c6579a025be82726e3cce1fd965238,exploratory,MOBIO,biohash,original,90521,90527,30,random_key_pool_4,10,mean_mlp,147,0.575,0.8583333333333333,0.9291481082375479,0.14583333333333337,0.4041666666666667,0.08333333333333333,0.4166666666666667,0.7375,399,False
results/mobio_dense_key_pool_sweep/metrics.json,a155369c1e80b6ea3bbd5434dc6891cfc99a7407d3cb9d86f4df78eaf60df672,410c5d89ed84141a7f52e657d4770e3bba0e2a559021e865dc546a8dd0b947ed,1754d228a3989e52684d6af90d9b71d6b8c4553973012134835ec3d505a3a666,8fdef01eb5c6579a025be82726e3cce1fd965238,exploratory,MOBIO,biohash,original,90521,90527,30,random_key_pool_4,10,deepsets,127,0.3333333333333333,0.7958333333333333,0.8883662595785441,0.17514367816091958,0.15,0.07083333333333333,0.19583333333333333,0.49583333333333335,61,False
results/mobio_dense_key_pool_sweep/metrics.json,a155369c1e80b6ea3bbd5434dc6891cfc99a7407d3cb9d86f4df78eaf60df672,410c5d89ed84141a7f52e657d4770e3bba0e2a559021e865dc546a8dd0b947ed,1754d228a3989e52684d6af90d9b71d6b8c4553973012134835ec3d505a3a666,8fdef01eb5c6579a025be82726e3cce1fd965238,exploratory,MOBIO,biohash,original,90521,90527,30,random_key_pool_4,10,deepsets,137,0.3958333333333333,0.9125,0.9438260296934865,0.11250000000000002,0.26666666666666666,0.0,0.24572916666666683,0.5583333333333333,81,False
results/mobio_dense_key_pool_sweep/metrics.json,a155369c1e80b6ea3bbd5434dc6891cfc99a7407d3cb9d86f4df78eaf60df672,410c5d89ed84141a7f52e657d4770e3bba0e2a559021e865dc546a8dd0b947ed,1754d228a3989e52684d6af90d9b71d6b8c4553973012134835ec3d505a3a666,8fdef01eb5c6579a025be82726e3cce1fd965238,exploratory,MOBIO,biohash,original,90521,90527,30,random_key_pool_4,10,deepsets,147,0.49583333333333335,0.7958333333333333,0.9107734674329502,0.16616379310344825,0.2833333333333333,0.15416666666666667,0.33739583333333356,0.6542708333333328,89,False
results/mobio_dense_key_pool_sweep/metrics.json,a155369c1e80b6ea3bbd5434dc6891cfc99a7407d3cb9d86f4df78eaf60df672,410c5d89ed84141a7f52e657d4770e3bba0e2a559021e865dc546a8dd0b947ed,1754d228a3989e52684d6af90d9b71d6b8c4553973012134835ec3d505a3a666,8fdef01eb5c6579a025be82726e3cce1fd965238,exploratory,MOBIO,biohash,original,90521,90527,30,random_key_pool_6,1,single_mlp,127,0.03333333333333333,0.16666666666666666,0.5269348659003832,0.4749281609195402,0.016666666666666666,0.0,0.0,0.09166666666666666,16,False
results/mobio_dense_key_pool_sweep/metrics.json,a155369c1e80b6ea3bbd5434dc6891cfc99a7407d3cb9d86f4df78eaf60df672,410c5d89ed84141a7f52e657d4770e3bba0e2a559021e865dc546a8dd0b947ed,1754d228a3989e52684d6af90d9b71d6b8c4553973012134835ec3d505a3a666,8fdef01eb5c6579a025be82726e3cce1fd965238,exploratory,MOBIO,biohash,original,90521,90527,30,random_key_pool_6,1,single_mlp,137,0.0375,0.19166666666666668,0.5288368055555556,0.5082614942528736,0.008333333333333333,0.0,0.0,0.09177083333333276,20,False
results/mobio_dense_key_pool_sweep/metrics.json,a155369c1e80b6ea3bbd5434dc6891cfc99a7407d3cb9d86f4df78eaf60df672,410c5d89ed84141a7f52e657d4770e3bba0e2a559021e865dc546a8dd0b947ed,1754d228a3989e52684d6af90d9b71d6b8c4553973012134835ec3d505a3a666,8fdef01eb5c6579a025be82726e3cce1fd965238,exploratory,MOBIO,biohash,original,90521,90527,30,random_key_pool_6,1,single_mlp,147,0.03333333333333333,0.18333333333333332,0.5400975814176245,0.46329022988505747,0.0125,0.0,0.0,0.07916666666666666,20,False
results/mobio_dense_key_pool_sweep/metrics.json,a155369c1e80b6ea3bbd5434dc6891cfc99a7407d3cb9d86f4df78eaf60df672,410c5d89ed84141a7f52e657d4770e3bba0e2a559021e865dc546a8dd0b947ed,1754d228a3989e52684d6af90d9b71d6b8c4553973012134835ec3d505a3a666,8fdef01eb5c6579a025be82726e3cce1fd965238,exploratory,MOBIO,biohash,original,90521,90527,30,random_key_pool_6,2,mean_mlp,127,0.03333333333333333,0.18333333333333332,0.5531974377394636,0.45474137931034486,0.025,0.004166666666666667,0.0,0.09583333333333334,20,False
results/mobio_dense_key_pool_sweep/metrics.json,a155369c1e80b6ea3bbd5434dc6891cfc99a7407d3cb9d86f4df78eaf60df672,410c5d89ed84141a7f52e657d4770e3bba0e2a559021e865dc546a8dd0b947ed,1754d228a3989e52684d6af90d9b71d6b8c4553973012134835ec3d505a3a666,8fdef01eb5c6579a025be82726e3cce1fd965238,exploratory,MOBIO,biohash,original,90521,90527,30,random_key_pool_6,2,mean_mlp,137,0.03333333333333333,0.2,0.5471725335249042,0.4829741379310345,0.0,0.0,0.0,0.07916666666666666,22,False
results/mobio_dense_key_pool_sweep/metrics.json,a155369c1e80b6ea3bbd5434dc6891cfc99a7407d3cb9d86f4df78eaf60df672,410c5d89ed84141a7f52e657d4770e3bba0e2a559021e865dc546a8dd0b947ed,1754d228a3989e52684d6af90d9b71d6b8c4553973012134835ec3d505a3a666,8fdef01eb5c6579a025be82726e3cce1fd965238,exploratory,MOBIO,biohash,original,90521,90527,30,random_key_pool_6,2,mean_mlp,147,0.0375,0.19166666666666668,0.567538912835249,0.446551724137931,0.025,0.0,0.0,0.1,22,False
results/mobio_dense_key_pool_sweep/metrics.json,a155369c1e80b6ea3bbd5434dc6891cfc99a7407d3cb9d86f4df78eaf60df672,410c5d89ed84141a7f52e657d4770e3bba0e2a559021e865dc546a8dd0b947ed,1754d228a3989e52684d6af90d9b71d6b8c4553973012134835ec3d505a3a666,8fdef01eb5c6579a025be82726e3cce1fd965238,exploratory,MOBIO,biohash,original,90521,90527,30,random_key_pool_6,2,deepsets,127,0.016666666666666666,0.16666666666666666,0.5272443726053639,0.48232758620689653,0.0,0.0,0.0,0.041666666666666664,22,False
results/mobio_dense_key_pool_sweep/metrics.json,a155369c1e80b6ea3bbd5434dc6891cfc99a7407d3cb9d86f4df78eaf60df672,410c5d89ed84141a7f52e657d4770e3bba0e2a559021e865dc546a8dd0b947ed,1754d228a3989e52684d6af90d9b71d6b8c4553973012134835ec3d505a3a666,8fdef01eb5c6579a025be82726e3cce1fd965238,exploratory,MOBIO,biohash,original,90521,90527,30,random_key_pool_6,2,deepsets,137,0.0375,0.1875,0.5216606800766284,0.48670977011494254,0.0,0.0,0.0,0.10416666666666667,22,False
results/mobio_dense_key_pool_sweep/metrics.json,a155369c1e80b6ea3bbd5434dc6891cfc99a7407d3cb9d86f4df78eaf60df672,410c5d89ed84141a7f52e657d4770e3bba0e2a559021e865dc546a8dd0b947ed,1754d228a3989e52684d6af90d9b71d6b8c4553973012134835ec3d505a3a666,8fdef01eb5c6579a025be82726e3cce1fd965238,exploratory,MOBIO,biohash,original,90521,90527,30,random_key_pool_6,2,deepsets,147,0.04583333333333333,0.16666666666666666,0.5283860153256705,0.4751436781609195,0.020833333333333332,0.0,0.0,0.125,27,False
results/mobio_dense_key_pool_sweep/metrics.json,a155369c1e80b6ea3bbd5434dc6891cfc99a7407d3cb9d86f4df78eaf60df672,410c5d89ed84141a7f52e657d4770e3bba0e2a559021e865dc546a8dd0b947ed,1754d228a3989e52684d6af90d9b71d6b8c4553973012134835ec3d505a3a666,8fdef01eb5c6579a025be82726e3cce1fd965238,exploratory,MOBIO,biohash,original,90521,90527,30,random_key_pool_6,5,mean_mlp,127,0.35,0.7416666666666667,0.878966714559387,0.19576149425287354,0.2375,0.0875,0.2375,0.475,90,False
results/mobio_dense_key_pool_sweep/metrics.json,a155369c1e80b6ea3bbd5434dc6891cfc99a7407d3cb9d86f4df78eaf60df672,410c5d89ed84141a7f52e657d4770e3bba0e2a559021e865dc546a8dd0b947ed,1754d228a3989e52684d6af90d9b71d6b8c4553973012134835ec3d505a3a666,8fdef01eb5c6579a025be82726e3cce1fd965238,exploratory,MOBIO,biohash,original,90521,90527,30,random_key_pool_6,5,mean_mlp,137,0.3875,0.7625,0.8923042385057471,0.17708333333333337,0.22916666666666666,0.1,0.2833333333333333,0.4959374999999994,74,False
results/mobio_dense_key_pool_sweep/metrics.json,a155369c1e80b6ea3bbd5434dc6891cfc99a7407d3cb9d86f4df78eaf60df672,410c5d89ed84141a7f52e657d4770e3bba0e2a559021e865dc546a8dd0b947ed,1754d228a3989e52684d6af90d9b71d6b8c4553973012134835ec3d505a3a666,8fdef01eb5c6579a025be82726e3cce1fd965238,exploratory,MOBIO,biohash,original,90521,90527,30,random_key_pool_6,5,mean_mlp,147,0.3541666666666667,0.7083333333333334,0.8658465038314175,0.21170977011494252,0.2625,0.08333333333333333,0.2582291666666669,0.45,65,False
results/mobio_dense_key_pool_sweep/metrics.json,a155369c1e80b6ea3bbd5434dc6891cfc99a7407d3cb9d86f4df78eaf60df672,410c5d89ed84141a7f52e657d4770e3bba0e2a559021e865dc546a8dd0b947ed,1754d228a3989e52684d6af90d9b71d6b8c4553973012134835ec3d505a3a666,8fdef01eb5c6579a025be82726e3cce1fd965238,exploratory,MOBIO,biohash,original,90521,90527,30,random_key_pool_6,5,deepsets,127,0.029166666666666667,0.16666666666666666,0.5304950909961685,0.4826149425287356,0.0125,0.0,0.0,0.0875,25,False
results/mobio_dense_key_pool_sweep/metrics.json,a155369c1e80b6ea3bbd5434dc6891cfc99a7407d3cb9d86f4df78eaf60df672,410c5d89ed84141a7f52e657d4770e3bba0e2a559021e865dc546a8dd0b947ed,1754d228a3989e52684d6af90d9b71d6b8c4553973012134835ec3d505a3a666,8fdef01eb5c6579a025be82726e3cce1fd965238,exploratory,MOBIO,biohash,original,90521,90527,30,random_key_pool_6,5,deepsets,137,0.03333333333333333,0.16666666666666666,0.5335979406130268,0.4853448275862069,0.029166666666666667,0.0,0.0,0.1,25,False
results/mobio_dense_key_pool_sweep/metrics.json,a155369c1e80b6ea3bbd5434dc6891cfc99a7407d3cb9d86f4df78eaf60df672,410c5d89ed84141a7f52e657d4770e3bba0e2a559021e865dc546a8dd0b947ed,1754d228a3989e52684d6af90d9b71d6b8c4553973012134835ec3d505a3a666,8fdef01eb5c6579a025be82726e3cce1fd965238,exploratory,MOBIO,biohash,original,90521,90527,30,random_key_pool_6,5,deepsets,147,0.06666666666666667,0.16666666666666666,0.5341876197318007,0.46738505747126435,0.016666666666666666,0.0,0.0,0.16666666666666666,29,False
results/mobio_dense_key_pool_sweep/metrics.json,a155369c1e80b6ea3bbd5434dc6891cfc99a7407d3cb9d86f4df78eaf60df672,410c5d89ed84141a7f52e657d4770e3bba0e2a559021e865dc546a8dd0b947ed,1754d228a3989e52684d6af90d9b71d6b8c4553973012134835ec3d505a3a666,8fdef01eb5c6579a025be82726e3cce1fd965238,exploratory,MOBIO,biohash,original,90521,90527,30,random_key_pool_6,10,mean_mlp,127,0.06666666666666667,0.2,0.5934524664750958,0.46242816091954025,0.03333333333333333,0.0,0.0,0.16666666666666666,19,False
results/mobio_dense_key_pool_sweep/metrics.json,a155369c1e80b6ea3bbd5434dc6891cfc99a7407d3cb9d86f4df78eaf60df672,410c5d89ed84141a7f52e657d4770e3bba0e2a559021e865dc546a8dd0b947ed,1754d228a3989e52684d6af90d9b71d6b8c4553973012134835ec3d505a3a666,8fdef01eb5c6579a025be82726e3cce1fd965238,exploratory,MOBIO,biohash,original,90521,90527,30,random_key_pool_6,10,mean_mlp,137,0.07083333333333333,0.2916666666666667,0.5864762931034483,0.46264367816091956,0.020833333333333332,0.0,0.0,0.1625,22,False
results/mobio_dense_key_pool_sweep/metrics.json,a155369c1e80b6ea3bbd5434dc6891cfc99a7407d3cb9d86f4df78eaf60df672,410c5d89ed84141a7f52e657d4770e3bba0e2a559021e865dc546a8dd0b947ed,1754d228a3989e52684d6af90d9b71d6b8c4553973012134835ec3d505a3a666,8fdef01eb5c6579a025be82726e3cce1fd965238,exploratory,MOBIO,biohash,original,90521,90527,30,random_key_pool_6,10,mean_mlp,147,0.38333333333333336,0.8083333333333333,0.8971372126436782,0.18283045977011494,0.30416666666666664,0.058333333333333334,0.22916666666666666,0.5459374999999994,59,False
results/mobio_dense_key_pool_sweep/metrics.json,a155369c1e80b6ea3bbd5434dc6891cfc99a7407d3cb9d86f4df78eaf60df672,410c5d89ed84141a7f52e657d4770e3bba0e2a559021e865dc546a8dd0b947ed,1754d228a3989e52684d6af90d9b71d6b8c4553973012134835ec3d505a3a666,8fdef01eb5c6579a025be82726e3cce1fd965238,exploratory,MOBIO,biohash,original,90521,90527,30,random_key_pool_6,10,deepsets,127,0.3375,0.7291666666666666,0.8720731561302683,0.21487068965517242,0.22083333333333333,0.025,0.19583333333333333,0.49166666666666664,60,False
results/mobio_dense_key_pool_sweep/metrics.json,a155369c1e80b6ea3bbd5434dc6891cfc99a7407d3cb9d86f4df78eaf60df672,410c5d89ed84141a7f52e657d4770e3bba0e2a559021e865dc546a8dd0b947ed,1754d228a3989e52684d6af90d9b71d6b8c4553973012134835ec3d505a3a666,8fdef01eb5c6579a025be82726e3cce1fd965238,exploratory,MOBIO,biohash,original,90521,90527,30,random_key_pool_6,10,deepsets,137,0.3625,0.7208333333333333,0.8921509818007664,0.19949712643678158,0.19583333333333333,0.025,0.20833333333333334,0.5208333333333334,63,False
results/mobio_dense_key_pool_sweep/metrics.json,a155369c1e80b6ea3bbd5434dc6891cfc99a7407d3cb9d86f4df78eaf60df672,410c5d89ed84141a7f52e657d4770e3bba0e2a559021e865dc546a8dd0b947ed,1754d228a3989e52684d6af90d9b71d6b8c4553973012134835ec3d505a3a666,8fdef01eb5c6579a025be82726e3cce1fd965238,exploratory,MOBIO,biohash,original,90521,90527,30,random_key_pool_6,10,deepsets,147,0.39166666666666666,0.6291666666666667,0.8234626436781609,0.25100574712643675,0.24166666666666667,0.1375,0.23333333333333334,0.55,92,False
results/mobio_dense_key_pool_sweep/metrics.json,a155369c1e80b6ea3bbd5434dc6891cfc99a7407d3cb9d86f4df78eaf60df672,410c5d89ed84141a7f52e657d4770e3bba0e2a559021e865dc546a8dd0b947ed,1754d228a3989e52684d6af90d9b71d6b8c4553973012134835ec3d505a3a666,8fdef01eb5c6579a025be82726e3cce1fd965238,exploratory,MOBIO,biohash,original,90521,90527,30,random_key_pool_7,1,single_mlp,127,0.041666666666666664,0.17916666666666667,0.520319683908046,0.49173850574712646,0.025,0.0,0.0,0.1,16,False
results/mobio_dense_key_pool_sweep/metrics.json,a155369c1e80b6ea3bbd5434dc6891cfc99a7407d3cb9d86f4df78eaf60df672,410c5d89ed84141a7f52e657d4770e3bba0e2a559021e865dc546a8dd0b947ed,1754d228a3989e52684d6af90d9b71d6b8c4553973012134835ec3d505a3a666,8fdef01eb5c6579a025be82726e3cce1fd965238,exploratory,MOBIO,biohash,original,90521,90527,30,random_key_pool_7,1,single_mlp,137,0.041666666666666664,0.18333333333333332,0.5191253591954024,0.4957614942528736,0.0125,0.0,0.0,0.1125,19,False
results/mobio_dense_key_pool_sweep/metrics.json,a155369c1e80b6ea3bbd5434dc6891cfc99a7407d3cb9d86f4df78eaf60df672,410c5d89ed84141a7f52e657d4770e3bba0e2a559021e865dc546a8dd0b947ed,1754d228a3989e52684d6af90d9b71d6b8c4553973012134835ec3d505a3a666,8fdef01eb5c6579a025be82726e3cce1fd965238,exploratory,MOBIO,biohash,original,90521,90527,30,random_key_pool_7,1,single_mlp,147,0.041666666666666664,0.1875,0.5287380268199234,0.4625,0.0125,0.0,0.0,0.10416666666666667,20,False
results/mobio_dense_key_pool_sweep/metrics.json,a155369c1e80b6ea3bbd5434dc6891cfc99a7407d3cb9d86f4df78eaf60df672,410c5d89ed84141a7f52e657d4770e3bba0e2a559021e865dc546a8dd0b947ed,1754d228a3989e52684d6af90d9b71d6b8c4553973012134835ec3d505a3a666,8fdef01eb5c6579a025be82726e3cce1fd965238,exploratory,MOBIO,biohash,original,90521,90527,30,random_key_pool_7,2,mean_mlp,127,0.058333333333333334,0.16666666666666666,0.5373269875478928,0.4747844827586207,0.029166666666666667,0.0125,0.0,0.15,20,False
results/mobio_dense_key_pool_sweep/metrics.json,a155369c1e80b6ea3bbd5434dc6891cfc99a7407d3cb9d86f4df78eaf60df672,410c5d89ed84141a7f52e657d4770e3bba0e2a559021e865dc546a8dd0b947ed,1754d228a3989e52684d6af90d9b71d6b8c4553973012134835ec3d505a3a666,8fdef01eb5c6579a025be82726e3cce1fd965238,exploratory,MOBIO,biohash,original,90521,90527,30,random_key_pool_7,2,mean_mlp,137,0.04583333333333333,0.175,0.5300963840996168,0.47600574712643673,0.025,0.0,0.0,0.12083333333333333,21,False
results/mobio_dense_key_pool_sweep/metrics.json,a155369c1e80b6ea3bbd5434dc6891cfc99a7407d3cb9d86f4df78eaf60df672,410c5d89ed84141a7f52e657d4770e3bba0e2a559021e865dc546a8dd0b947ed,1754d228a3989e52684d6af90d9b71d6b8c4553973012134835ec3d505a3a666,8fdef01eb5c6579a025be82726e3cce1fd965238,exploratory,MOBIO,biohash,original,90521,90527,30,random_key_pool_7,2,mean_mlp,147,0.041666666666666664,0.2,0.5463601532567051,0.47169540229885054,0.016666666666666666,0.0,0.0,0.10833333333333334,21,False
results/mobio_dense_key_pool_sweep/metrics.json,a155369c1e80b6ea3bbd5434dc6891cfc99a7407d3cb9d86f4df78eaf60df672,410c5d89ed84141a7f52e657d4770e3bba0e2a559021e865dc546a8dd0b947ed,1754d228a3989e52684d6af90d9b71d6b8c4553973012134835ec3d505a3a666,8fdef01eb5c6579a025be82726e3cce1fd965238,exploratory,MOBIO,biohash,original,90521,90527,30,random_key_pool_7,2,deepsets,127,0.025,0.16666666666666666,0.511722341954023,0.4926005747126437,0.004166666666666667,0.0,0.0,0.075,20,False
results/mobio_dense_key_pool_sweep/metrics.json,a155369c1e80b6ea3bbd5434dc6891cfc99a7407d3cb9d86f4df78eaf60df672,410c5d89ed84141a7f52e657d4770e3bba0e2a559021e865dc546a8dd0b947ed,1754d228a3989e52684d6af90d9b71d6b8c4553973012134835ec3d505a3a666,8fdef01eb5c6579a025be82726e3cce1fd965238,exploratory,MOBIO,biohash,original,90521,90527,30,random_key_pool_7,2,deepsets,137,0.029166666666666667,0.16666666666666666,0.5165032327586208,0.4877873563218391,0.016666666666666666,0.0,0.0,0.0875,23,False
results/mobio_dense_key_pool_sweep/metrics.json,a155369c1e80b6ea3bbd5434dc6891cfc99a7407d3cb9d86f4df78eaf60df672,410c5d89ed84141a7f52e657d4770e3bba0e2a559021e865dc546a8dd0b947ed,1754d228a3989e52684d6af90d9b71d6b8c4553973012134835ec3d505a3a666,8fdef01eb5c6579a025be82726e3cce1fd965238,exploratory,MOBIO,biohash,original,90521,90527,30,random_key_pool_7,2,deepsets,147,0.03333333333333333,0.16666666666666666,0.5238984674329502,0.475,0.025,0.008333333333333333,0.0,0.1,26,False
results/mobio_dense_key_pool_sweep/metrics.json,a155369c1e80b6ea3bbd5434dc6891cfc99a7407d3cb9d86f4df78eaf60df672,410c5d89ed84141a7f52e657d4770e3bba0e2a559021e865dc546a8dd0b947ed,1754d228a3989e52684d6af90d9b71d6b8c4553973012134835ec3d505a3a666,8fdef01eb5c6579a025be82726e3cce1fd965238,exploratory,MOBIO,biohash,original,90521,90527,30,random_key_pool_7,5,mean_mlp,127,0.03333333333333333,0.17916666666666667,0.551012332375479,0.4656609195402299,0.004166666666666667,0.0,0.0,0.09166666666666666,20,False
results/mobio_dense_key_pool_sweep/metrics.json,a155369c1e80b6ea3bbd5434dc6891cfc99a7407d3cb9d86f4df78eaf60df672,410c5d89ed84141a7f52e657d4770e3bba0e2a559021e865dc546a8dd0b947ed,1754d228a3989e52684d6af90d9b71d6b8c4553973012134835ec3d505a3a666,8fdef01eb5c6579a025be82726e3cce1fd965238,exploratory,MOBIO,biohash,original,90521,90527,30,random_key_pool_7,5,mean_mlp,137,0.32916666666666666,0.6708333333333333,0.8609608477011494,0.22887931034482756,0.1875,0.020833333333333332,0.225,0.43333333333333335,77,False
results/mobio_dense_key_pool_sweep/metrics.json,a155369c1e80b6ea3bbd5434dc6891cfc99a7407d3cb9d86f4df78eaf60df672,410c5d89ed84141a7f52e657d4770e3bba0e2a559021e865dc546a8dd0b947ed,1754d228a3989e52684d6af90d9b71d6b8c4553973012134835ec3d505a3a666,8fdef01eb5c6579a025be82726e3cce1fd965238,exploratory,MOBIO,biohash,original,90521,90527,30,random_key_pool_7,5,mean_mlp,147,0.3416666666666667,0.6916666666666667,0.8763224377394635,0.21048850574712646,0.21666666666666667,0.0375,0.23333333333333334,0.45427083333333274,103,False
results/mobio_dense_key_pool_sweep/metrics.json,a155369c1e80b6ea3bbd5434dc6891cfc99a7407d3cb9d86f4df78eaf60df672,410c5d89ed84141a7f52e657d4770e3bba0e2a559021e865dc546a8dd0b947ed,1754d228a3989e52684d6af90d9b71d6b8c4553973012134835ec3d505a3a666,8fdef01eb5c6579a025be82726e3cce1fd965238,exploratory,MOBIO,biohash,original,90521,90527,30,random_key_pool_7,5,deepsets,127,0.020833333333333332,0.16666666666666666,0.5227053400383141,0.4908045977011495,0.0125,0.0,0.0,0.0625,24,False
results/mobio_dense_key_pool_sweep/metrics.json,a155369c1e80b6ea3bbd5434dc6891cfc99a7407d3cb9d86f4df78eaf60df672,410c5d89ed84141a7f52e657d4770e3bba0e2a559021e865dc546a8dd0b947ed,1754d228a3989e52684d6af90d9b71d6b8c4553973012134835ec3d505a3a666,8fdef01eb5c6579a025be82726e3cce1fd965238,exploratory,MOBIO,biohash,original,90521,90527,30,random_key_pool_7,5,deepsets,137,0.03333333333333333,0.16666666666666666,0.5173198036398468,0.4800287356321839,0.0125,0.004166666666666667,0.0,0.1,25,False
results/mobio_dense_key_pool_sweep/metrics.json,a155369c1e80b6ea3bbd5434dc6891cfc99a7407d3cb9d86f4df78eaf60df672,410c5d89ed84141a7f52e657d4770e3bba0e2a559021e865dc546a8dd0b947ed,1754d228a3989e52684d6af90d9b71d6b8c4553973012134835ec3d505a3a666,8fdef01eb5c6579a025be82726e3cce1fd965238,exploratory,MOBIO,biohash,original,90521,90527,30,random_key_pool_7,5,deepsets,147,0.0375,0.16666666666666666,0.5287476053639847,0.4674568965517242,0.03333333333333333,0.0125,0.0,0.10833333333333334,29,False
results/mobio_dense_key_pool_sweep/metrics.json,a155369c1e80b6ea3bbd5434dc6891cfc99a7407d3cb9d86f4df78eaf60df672,410c5d89ed84141a7f52e657d4770e3bba0e2a559021e865dc546a8dd0b947ed,1754d228a3989e52684d6af90d9b71d6b8c4553973012134835ec3d505a3a666,8fdef01eb5c6579a025be82726e3cce1fd965238,exploratory,MOBIO,biohash,original,90521,90527,30,random_key_pool_7,10,mean_mlp,127,0.3875,0.7458333333333333,0.86909063697318,0.21688218390804598,0.3125,0.07083333333333333,0.22083333333333333,0.5583333333333333,74,False
results/mobio_dense_key_pool_sweep/metrics.json,a155369c1e80b6ea3bbd5434dc6891cfc99a7407d3cb9d86f4df78eaf60df672,410c5d89ed84141a7f52e657d4770e3bba0e2a559021e865dc546a8dd0b947ed,1754d228a3989e52684d6af90d9b71d6b8c4553973012134835ec3d505a3a666,8fdef01eb5c6579a025be82726e3cce1fd965238,exploratory,MOBIO,biohash,original,90521,90527,30,random_key_pool_7,10,mean_mlp,137,0.325,0.7541666666666667,0.887830459770115,0.20653735632183912,0.2125,0.03333333333333333,0.18322916666666683,0.49166666666666664,399,False
results/mobio_dense_key_pool_sweep/metrics.json,a155369c1e80b6ea3bbd5434dc6891cfc99a7407d3cb9d86f4df78eaf60df672,410c5d89ed84141a7f52e657d4770e3bba0e2a559021e865dc546a8dd0b947ed,1754d228a3989e52684d6af90d9b71d6b8c4553973012134835ec3d505a3a666,8fdef01eb5c6579a025be82726e3cce1fd965238,exploratory,MOBIO,biohash,original,90521,90527,30,random_key_pool_7,10,mean_mlp,147,0.32083333333333336,0.85,0.9224443247126437,0.1512212643678161,0.20833333333333334,0.041666666666666664,0.19166666666666668,0.4625,398,False
results/mobio_dense_key_pool_sweep/metrics.json,a155369c1e80b6ea3bbd5434dc6891cfc99a7407d3cb9d86f4df78eaf60df672,410c5d89ed84141a7f52e657d4770e3bba0e2a559021e865dc546a8dd0b947ed,1754d228a3989e52684d6af90d9b71d6b8c4553973012134835ec3d505a3a666,8fdef01eb5c6579a025be82726e3cce1fd965238,exploratory,MOBIO,biohash,original,90521,90527,30,random_key_pool_7,10,deepsets,127,0.2625,0.7416666666666667,0.8894456417624521,0.18333333333333335,0.15,0.1,0.11666666666666667,0.4166666666666667,61,False
results/mobio_dense_key_pool_sweep/metrics.json,a155369c1e80b6ea3bbd5434dc6891cfc99a7407d3cb9d86f4df78eaf60df672,410c5d89ed84141a7f52e657d4770e3bba0e2a559021e865dc546a8dd0b947ed,1754d228a3989e52684d6af90d9b71d6b8c4553973012134835ec3d505a3a666,8fdef01eb5c6579a025be82726e3cce1fd965238,exploratory,MOBIO,biohash,original,90521,90527,30,random_key_pool_7,10,deepsets,137,0.3,0.625,0.8468019636015325,0.2352729885057471,0.16666666666666666,0.016666666666666666,0.15833333333333333,0.4625,73,False
results/mobio_dense_key_pool_sweep/metrics.json,a155369c1e80b6ea3bbd5434dc6891cfc99a7407d3cb9d86f4df78eaf60df672,410c5d89ed84141a7f52e657d4770e3bba0e2a559021e865dc546a8dd0b947ed,1754d228a3989e52684d6af90d9b71d6b8c4553973012134835ec3d505a3a666,8fdef01eb5c6579a025be82726e3cce1fd965238,exploratory,MOBIO,biohash,original,90521,90527,30,random_key_pool_7,10,deepsets,147,0.3416666666666667,0.7541666666666667,0.8718833812260537,0.18383620689655172,0.2833333333333333,0.10416666666666667,0.20416666666666666,0.49583333333333335,96,False
results/mobio_dense_key_pool_sweep/metrics.json,a155369c1e80b6ea3bbd5434dc6891cfc99a7407d3cb9d86f4df78eaf60df672,410c5d89ed84141a7f52e657d4770e3bba0e2a559021e865dc546a8dd0b947ed,1754d228a3989e52684d6af90d9b71d6b8c4553973012134835ec3d505a3a666,8fdef01eb5c6579a025be82726e3cce1fd965238,exploratory,MOBIO,biohash,original,90521,90527,30,random_key_pool_8,1,single_mlp,127,0.041666666666666664,0.17916666666666667,0.5128059147509578,0.4872844827586207,0.016666666666666666,0.0,0.0,0.11666666666666667,18,False
results/mobio_dense_key_pool_sweep/metrics.json,a155369c1e80b6ea3bbd5434dc6891cfc99a7407d3cb9d86f4df78eaf60df672,410c5d89ed84141a7f52e657d4770e3bba0e2a559021e865dc546a8dd0b947ed,1754d228a3989e52684d6af90d9b71d6b8c4553973012134835ec3d505a3a666,8fdef01eb5c6579a025be82726e3cce1fd965238,exploratory,MOBIO,biohash,original,90521,90527,30,random_key_pool_8,1,single_mlp,137,0.029166666666666667,0.17916666666666667,0.5125257423371647,0.5117097701149425,0.008333333333333333,0.0,0.0,0.0875,19,False
results/mobio_dense_key_pool_sweep/metrics.json,a155369c1e80b6ea3bbd5434dc6891cfc99a7407d3cb9d86f4df78eaf60df672,410c5d89ed84141a7f52e657d4770e3bba0e2a559021e865dc546a8dd0b947ed,1754d228a3989e52684d6af90d9b71d6b8c4553973012134835ec3d505a3a666,8fdef01eb5c6579a025be82726e3cce1fd965238,exploratory,MOBIO,biohash,original,90521,90527,30,random_key_pool_8,1,single_mlp,147,0.05,0.18333333333333332,0.5259500718390805,0.4674568965517242,0.008333333333333333,0.0,0.0,0.125,19,False
results/mobio_dense_key_pool_sweep/metrics.json,a155369c1e80b6ea3bbd5434dc6891cfc99a7407d3cb9d86f4df78eaf60df672,410c5d89ed84141a7f52e657d4770e3bba0e2a559021e865dc546a8dd0b947ed,1754d228a3989e52684d6af90d9b71d6b8c4553973012134835ec3d505a3a666,8fdef01eb5c6579a025be82726e3cce1fd965238,exploratory,MOBIO,biohash,original,90521,90527,30,random_key_pool_8,2,mean_mlp,127,0.05416666666666667,0.2,0.5313403975095785,0.47959770114942524,0.025,0.008333333333333333,0.0,0.13333333333333333,21,False
results/mobio_dense_key_pool_sweep/metrics.json,a155369c1e80b6ea3bbd5434dc6891cfc99a7407d3cb9d86f4df78eaf60df672,410c5d89ed84141a7f52e657d4770e3bba0e2a559021e865dc546a8dd0b947ed,1754d228a3989e52684d6af90d9b71d6b8c4553973012134835ec3d505a3a666,8fdef01eb5c6579a025be82726e3cce1fd965238,exploratory,MOBIO,biohash,original,90521,90527,30,random_key_pool_8,2,mean_mlp,137,0.029166666666666667,0.17916666666666667,0.5286476293103448,0.47959770114942524,0.016666666666666666,0.0,0.0,0.0875,21,False
results/mobio_dense_key_pool_sweep/metrics.json,a155369c1e80b6ea3bbd5434dc6891cfc99a7407d3cb9d86f4df78eaf60df672,410c5d89ed84141a7f52e657d4770e3bba0e2a559021e865dc546a8dd0b947ed,1754d228a3989e52684d6af90d9b71d6b8c4553973012134835ec3d505a3a666,8fdef01eb5c6579a025be82726e3cce1fd965238,exploratory,MOBIO,biohash,original,90521,90527,30,random_key_pool_8,2,mean_mlp,147,0.05,0.1875,0.5350209530651341,0.46242816091954025,0.0125,0.004166666666666667,0.0,0.12916666666666668,20,False
results/mobio_dense_key_pool_sweep/metrics.json,a155369c1e80b6ea3bbd5434dc6891cfc99a7407d3cb9d86f4df78eaf60df672,410c5d89ed84141a7f52e657d4770e3bba0e2a559021e865dc546a8dd0b947ed,1754d228a3989e52684d6af90d9b71d6b8c4553973012134835ec3d505a3a666,8fdef01eb5c6579a025be82726e3cce1fd965238,exploratory,MOBIO,biohash,original,90521,90527,30,random_key_pool_8,2,deepsets,127,0.03333333333333333,0.16666666666666666,0.5086853448275863,0.5022270114942529,0.008333333333333333,0.0,0.0,0.1,13,False
results/mobio_dense_key_pool_sweep/metrics.json,a155369c1e80b6ea3bbd5434dc6891cfc99a7407d3cb9d86f4df78eaf60df672,410c5d89ed84141a7f52e657d4770e3bba0e2a559021e865dc546a8dd0b947ed,1754d228a3989e52684d6af90d9b71d6b8c4553973012134835ec3d505a3a666,8fdef01eb5c6579a025be82726e3cce1fd965238,exploratory,MOBIO,biohash,original,90521,90527,30,random_key_pool_8,2,deepsets,137,0.029166666666666667,0.16666666666666666,0.521267959770115,0.478735632183908,0.008333333333333333,0.0,0.0,0.0875,23,False
results/mobio_dense_key_pool_sweep/metrics.json,a155369c1e80b6ea3bbd5434dc6891cfc99a7407d3cb9d86f4df78eaf60df672,410c5d89ed84141a7f52e657d4770e3bba0e2a559021e865dc546a8dd0b947ed,1754d228a3989e52684d6af90d9b71d6b8c4553973012134835ec3d505a3a666,8fdef01eb5c6579a025be82726e3cce1fd965238,exploratory,MOBIO,biohash,original,90521,90527,30,random_key_pool_8,2,deepsets,147,0.03333333333333333,0.1625,0.5214691091954022,0.4868534482758621,0.0125,0.0,0.0,0.09583333333333334,26,False
results/mobio_dense_key_pool_sweep/metrics.json,a155369c1e80b6ea3bbd5434dc6891cfc99a7407d3cb9d86f4df78eaf60df672,410c5d89ed84141a7f52e657d4770e3bba0e2a559021e865dc546a8dd0b947ed,1754d228a3989e52684d6af90d9b71d6b8c4553973012134835ec3d505a3a666,8fdef01eb5c6579a025be82726e3cce1fd965238,exploratory,MOBIO,biohash,original,90521,90527,30,random_key_pool_8,5,mean_mlp,127,0.058333333333333334,0.19583333333333333,0.5521659482758621,0.4625718390804598,0.029166666666666667,0.016666666666666666,0.0,0.14166666666666666,21,False
results/mobio_dense_key_pool_sweep/metrics.json,a155369c1e80b6ea3bbd5434dc6891cfc99a7407d3cb9d86f4df78eaf60df672,410c5d89ed84141a7f52e657d4770e3bba0e2a559021e865dc546a8dd0b947ed,1754d228a3989e52684d6af90d9b71d6b8c4553973012134835ec3d505a3a666,8fdef01eb5c6579a025be82726e3cce1fd965238,exploratory,MOBIO,biohash,original,90521,90527,30,random_key_pool_8,5,mean_mlp,137,0.0375,0.20416666666666666,0.5413559626436781,0.4704022988505747,0.025,0.0,0.0,0.10833333333333334,22,False
results/mobio_dense_key_pool_sweep/metrics.json,a155369c1e80b6ea3bbd5434dc6891cfc99a7407d3cb9d86f4df78eaf60df672,410c5d89ed84141a7f52e657d4770e3bba0e2a559021e865dc546a8dd0b947ed,1754d228a3989e52684d6af90d9b71d6b8c4553973012134835ec3d505a3a666,8fdef01eb5c6579a025be82726e3cce1fd965238,exploratory,MOBIO,biohash,original,90521,90527,30,random_key_pool_8,5,mean_mlp,147,0.04583333333333333,0.20833333333333334,0.5369875478927203,0.46329022988505747,0.016666666666666666,0.0,0.0,0.12083333333333333,20,False
results/mobio_dense_key_pool_sweep/metrics.json,a155369c1e80b6ea3bbd5434dc6891cfc99a7407d3cb9d86f4df78eaf60df672,410c5d89ed84141a7f52e657d4770e3bba0e2a559021e865dc546a8dd0b947ed,1754d228a3989e52684d6af90d9b71d6b8c4553973012134835ec3d505a3a666,8fdef01eb5c6579a025be82726e3cce1fd965238,exploratory,MOBIO,biohash,original,90521,90527,30,random_key_pool_8,5,deepsets,127,0.0,0.16666666666666666,0.5190798611111112,0.4920977011494253,0.0,0.0,0.0,0.0,24,False
results/mobio_dense_key_pool_sweep/metrics.json,a155369c1e80b6ea3bbd5434dc6891cfc99a7407d3cb9d86f4df78eaf60df672,410c5d89ed84141a7f52e657d4770e3bba0e2a559021e865dc546a8dd0b947ed,1754d228a3989e52684d6af90d9b71d6b8c4553973012134835ec3d505a3a666,8fdef01eb5c6579a025be82726e3cce1fd965238,exploratory,MOBIO,biohash,original,90521,90527,30,random_key_pool_8,5,deepsets,137,0.029166666666666667,0.16666666666666666,0.5277011494252873,0.487212643678161,0.0125,0.0,0.0,0.0875,26,False
results/mobio_dense_key_pool_sweep/metrics.json,a155369c1e80b6ea3bbd5434dc6891cfc99a7407d3cb9d86f4df78eaf60df672,410c5d89ed84141a7f52e657d4770e3bba0e2a559021e865dc546a8dd0b947ed,1754d228a3989e52684d6af90d9b71d6b8c4553973012134835ec3d505a3a666,8fdef01eb5c6579a025be82726e3cce1fd965238,exploratory,MOBIO,biohash,original,90521,90527,30,random_key_pool_8,5,deepsets,147,0.05416666666666667,0.16666666666666666,0.5215223898467434,0.4783045977011494,0.020833333333333332,0.0,0.0,0.14166666666666666,30,False
results/mobio_dense_key_pool_sweep/metrics.json,a155369c1e80b6ea3bbd5434dc6891cfc99a7407d3cb9d86f4df78eaf60df672,410c5d89ed84141a7f52e657d4770e3bba0e2a559021e865dc546a8dd0b947ed,1754d228a3989e52684d6af90d9b71d6b8c4553973012134835ec3d505a3a666,8fdef01eb5c6579a025be82726e3cce1fd965238,exploratory,MOBIO,biohash,original,90521,90527,30,random_key_pool_8,10,mean_mlp,127,0.03333333333333333,0.18333333333333332,0.5445665708812261,0.48397988505747125,0.03333333333333333,0.0,0.0,0.1,19,False
results/mobio_dense_key_pool_sweep/metrics.json,a155369c1e80b6ea3bbd5434dc6891cfc99a7407d3cb9d86f4df78eaf60df672,410c5d89ed84141a7f52e657d4770e3bba0e2a559021e865dc546a8dd0b947ed,1754d228a3989e52684d6af90d9b71d6b8c4553973012134835ec3d505a3a666,8fdef01eb5c6579a025be82726e3cce1fd965238,exploratory,MOBIO,biohash,original,90521,90527,30,random_key_pool_8,10,mean_mlp,137,0.2375,0.75,0.8451945641762452,0.20854885057471267,0.1625,0.025,0.1125,0.375,90,False
results/mobio_dense_key_pool_sweep/metrics.json,a155369c1e80b6ea3bbd5434dc6891cfc99a7407d3cb9d86f4df78eaf60df672,410c5d89ed84141a7f52e657d4770e3bba0e2a559021e865dc546a8dd0b947ed,1754d228a3989e52684d6af90d9b71d6b8c4553973012134835ec3d505a3a666,8fdef01eb5c6579a025be82726e3cce1fd965238,exploratory,MOBIO,biohash,original,90521,90527,30,random_key_pool_8,10,mean_mlp,147,0.041666666666666664,0.19583333333333333,0.5398515325670498,0.4541666666666667,0.020833333333333332,0.0,0.0,0.11666666666666667,20,False
results/mobio_dense_key_pool_sweep/metrics.json,a155369c1e80b6ea3bbd5434dc6891cfc99a7407d3cb9d86f4df78eaf60df672,410c5d89ed84141a7f52e657d4770e3bba0e2a559021e865dc546a8dd0b947ed,1754d228a3989e52684d6af90d9b71d6b8c4553973012134835ec3d505a3a666,8fdef01eb5c6579a025be82726e3cce1fd965238,exploratory,MOBIO,biohash,original,90521,90527,30,random_key_pool_8,10,deepsets,127,0.03333333333333333,0.16666666666666666,0.5239092432950192,0.49454022988505747,0.0,0.0,0.0,0.1,27,False
results/mobio_dense_key_pool_sweep/metrics.json,a155369c1e80b6ea3bbd5434dc6891cfc99a7407d3cb9d86f4df78eaf60df672,410c5d89ed84141a7f52e657d4770e3bba0e2a559021e865dc546a8dd0b947ed,1754d228a3989e52684d6af90d9b71d6b8c4553973012134835ec3d505a3a666,8fdef01eb5c6579a025be82726e3cce1fd965238,exploratory,MOBIO,biohash,original,90521,90527,30,random_key_pool_8,10,deepsets,137,0.20833333333333334,0.7958333333333333,0.8569079262452108,0.1903735632183908,0.11666666666666667,0.03333333333333333,0.0873958333333335,0.35,75,False
results/mobio_dense_key_pool_sweep/metrics.json,a155369c1e80b6ea3bbd5434dc6891cfc99a7407d3cb9d86f4df78eaf60df672,410c5d89ed84141a7f52e657d4770e3bba0e2a559021e865dc546a8dd0b947ed,1754d228a3989e52684d6af90d9b71d6b8c4553973012134835ec3d505a3a666,8fdef01eb5c6579a025be82726e3cce1fd965238,exploratory,MOBIO,biohash,original,90521,90527,30,random_key_pool_8,10,deepsets,147,0.06666666666666667,0.325,0.6491708572796936,0.4124281609195402,0.03333333333333333,0.0,0.0,0.16666666666666666,39,False
results/mobio_dense_key_pool_sweep/metrics.json,a155369c1e80b6ea3bbd5434dc6891cfc99a7407d3cb9d86f4df78eaf60df672,410c5d89ed84141a7f52e657d4770e3bba0e2a559021e865dc546a8dd0b947ed,1754d228a3989e52684d6af90d9b71d6b8c4553973012134835ec3d505a3a666,8fdef01eb5c6579a025be82726e3cce1fd965238,exploratory,MOBIO,biohash,original,90521,90527,30,random_key_pool_9,1,single_mlp,127,0.0375,0.17083333333333334,0.5131142241379311,0.486566091954023,0.025,0.0,0.0,0.09166666666666666,17,False
results/mobio_dense_key_pool_sweep/metrics.json,a155369c1e80b6ea3bbd5434dc6891cfc99a7407d3cb9d86f4df78eaf60df672,410c5d89ed84141a7f52e657d4770e3bba0e2a559021e865dc546a8dd0b947ed,1754d228a3989e52684d6af90d9b71d6b8c4553973012134835ec3d505a3a666,8fdef01eb5c6579a025be82726e3cce1fd965238,exploratory,MOBIO,biohash,original,90521,90527,30,random_key_pool_9,1,single_mlp,137,0.03333333333333333,0.16666666666666666,0.5139050526819924,0.48484195402298846,0.004166666666666667,0.0,0.0,0.08333333333333333,18,False
results/mobio_dense_key_pool_sweep/metrics.json,a155369c1e80b6ea3bbd5434dc6891cfc99a7407d3cb9d86f4df78eaf60df672,410c5d89ed84141a7f52e657d4770e3bba0e2a559021e865dc546a8dd0b947ed,1754d228a3989e52684d6af90d9b71d6b8c4553973012134835ec3d505a3a666,8fdef01eb5c6579a025be82726e3cce1fd965238,exploratory,MOBIO,biohash,original,90521,90527,30,random_key_pool_9,1,single_mlp,147,0.025,0.17083333333333334,0.5159548611111111,0.4980603448275862,0.008333333333333333,0.0,0.0,0.06666666666666667,20,False
results/mobio_dense_key_pool_sweep/metrics.json,a155369c1e80b6ea3bbd5434dc6891cfc99a7407d3cb9d86f4df78eaf60df672,410c5d89ed84141a7f52e657d4770e3bba0e2a559021e865dc546a8dd0b947ed,1754d228a3989e52684d6af90d9b71d6b8c4553973012134835ec3d505a3a666,8fdef01eb5c6579a025be82726e3cce1fd965238,exploratory,MOBIO,biohash,original,90521,90527,30,random_key_pool_9,2,mean_mlp,127,0.0375,0.17083333333333334,0.5269480363984674,0.4872844827586207,0.020833333333333332,0.0,0.0,0.1,20,False
results/mobio_dense_key_pool_sweep/metrics.json,a155369c1e80b6ea3bbd5434dc6891cfc99a7407d3cb9d86f4df78eaf60df672,410c5d89ed84141a7f52e657d4770e3bba0e2a559021e865dc546a8dd0b947ed,1754d228a3989e52684d6af90d9b71d6b8c4553973012134835ec3d505a3a666,8fdef01eb5c6579a025be82726e3cce1fd965238,exploratory,MOBIO,biohash,original,90521,90527,30,random_key_pool_9,2,mean_mlp,137,0.03333333333333333,0.16666666666666666,0.521069204980843,0.48017241379310344,0.020833333333333332,0.0,0.0,0.0875,21,False
results/mobio_dense_key_pool_sweep/metrics.json,a155369c1e80b6ea3bbd5434dc6891cfc99a7407d3cb9d86f4df78eaf60df672,410c5d89ed84141a7f52e657d4770e3bba0e2a559021e865dc546a8dd0b947ed,1754d228a3989e52684d6af90d9b71d6b8c4553973012134835ec3d505a3a666,8fdef01eb5c6579a025be82726e3cce1fd965238,exploratory,MOBIO,biohash,original,90521,90527,30,random_key_pool_9,2,mean_mlp,147,0.0375,0.17916666666666667,0.5332375478927203,0.47033045977011495,0.020833333333333332,0.0,0.0,0.1,21,False
results/mobio_dense_key_pool_sweep/metrics.json,a155369c1e80b6ea3bbd5434dc6891cfc99a7407d3cb9d86f4df78eaf60df672,410c5d89ed84141a7f52e657d4770e3bba0e2a559021e865dc546a8dd0b947ed,1754d228a3989e52684d6af90d9b71d6b8c4553973012134835ec3d505a3a666,8fdef01eb5c6579a025be82726e3cce1fd965238,exploratory,MOBIO,biohash,original,90521,90527,30,random_key_pool_9,2,deepsets,127,0.029166666666666667,0.16666666666666666,0.5100508860153257,0.5006465517241379,0.0,0.0,0.0,0.075,21,False
results/mobio_dense_key_pool_sweep/metrics.json,a155369c1e80b6ea3bbd5434dc6891cfc99a7407d3cb9d86f4df78eaf60df672,410c5d89ed84141a7f52e657d4770e3bba0e2a559021e865dc546a8dd0b947ed,1754d228a3989e52684d6af90d9b71d6b8c4553973012134835ec3d505a3a666,8fdef01eb5c6579a025be82726e3cce1fd965238,exploratory,MOBIO,biohash,original,90521,90527,30,random_key_pool_9,2,deepsets,137,0.0375,0.16666666666666666,0.5163272270114942,0.47528735632183905,0.0125,0.0,0.0,0.09583333333333334,24,False
results/mobio_dense_key_pool_sweep/metrics.json,a155369c1e80b6ea3bbd5434dc6891cfc99a7407d3cb9d86f4df78eaf60df672,410c5d89ed84141a7f52e657d4770e3bba0e2a559021e865dc546a8dd0b947ed,1754d228a3989e52684d6af90d9b71d6b8c4553973012134835ec3d505a3a666,8fdef01eb5c6579a025be82726e3cce1fd965238,exploratory,MOBIO,biohash,original,90521,90527,30,random_key_pool_9,2,deepsets,147,0.041666666666666664,0.16666666666666666,0.5152777777777778,0.4754310344827586,0.0125,0.0,0.0,0.11666666666666667,26,False
results/mobio_dense_key_pool_sweep/metrics.json,a155369c1e80b6ea3bbd5434dc6891cfc99a7407d3cb9d86f4df78eaf60df672,410c5d89ed84141a7f52e657d4770e3bba0e2a559021e865dc546a8dd0b947ed,1754d228a3989e52684d6af90d9b71d6b8c4553973012134835ec3d505a3a666,8fdef01eb5c6579a025be82726e3cce1fd965238,exploratory,MOBIO,biohash,original,90521,90527,30,random_key_pool_9,5,mean_mlp,127,0.04583333333333333,0.175,0.5499257662835249,0.4666666666666667,0.020833333333333332,0.0,0.0,0.10833333333333334,20,False
results/mobio_dense_key_pool_sweep/metrics.json,a155369c1e80b6ea3bbd5434dc6891cfc99a7407d3cb9d86f4df78eaf60df672,410c5d89ed84141a7f52e657d4770e3bba0e2a559021e865dc546a8dd0b947ed,1754d228a3989e52684d6af90d9b71d6b8c4553973012134835ec3d505a3a666,8fdef01eb5c6579a025be82726e3cce1fd965238,exploratory,MOBIO,biohash,original,90521,90527,30,random_key_pool_9,5,mean_mlp,137,0.03333333333333333,0.16666666666666666,0.5306734913793103,0.4790948275862069,0.020833333333333332,0.004166666666666667,0.0,0.1,21,False
results/mobio_dense_key_pool_sweep/metrics.json,a155369c1e80b6ea3bbd5434dc6891cfc99a7407d3cb9d86f4df78eaf60df672,410c5d89ed84141a7f52e657d4770e3bba0e2a559021e865dc546a8dd0b947ed,1754d228a3989e52684d6af90d9b71d6b8c4553973012134835ec3d505a3a666,8fdef01eb5c6579a025be82726e3cce1fd965238,exploratory,MOBIO,biohash,original,90521,90527,30,random_key_pool_9,5,mean_mlp,147,0.041666666666666664,0.19166666666666668,0.5544689894636015,0.46242816091954025,0.008333333333333333,0.0,0.0,0.1125,21,False
results/mobio_dense_key_pool_sweep/metrics.json,a155369c1e80b6ea3bbd5434dc6891cfc99a7407d3cb9d86f4df78eaf60df672,410c5d89ed84141a7f52e657d4770e3bba0e2a559021e865dc546a8dd0b947ed,1754d228a3989e52684d6af90d9b71d6b8c4553973012134835ec3d505a3a666,8fdef01eb5c6579a025be82726e3cce1fd965238,exploratory,MOBIO,biohash,original,90521,90527,30,random_key_pool_9,5,deepsets,127,0.03333333333333333,0.16666666666666666,0.5195982998084291,0.4702586206896552,0.016666666666666666,0.0,0.0,0.1,24,False
results/mobio_dense_key_pool_sweep/metrics.json,a155369c1e80b6ea3bbd5434dc6891cfc99a7407d3cb9d86f4df78eaf60df672,410c5d89ed84141a7f52e657d4770e3bba0e2a559021e865dc546a8dd0b947ed,1754d228a3989e52684d6af90d9b71d6b8c4553973012134835ec3d505a3a666,8fdef01eb5c6579a025be82726e3cce1fd965238,exploratory,MOBIO,biohash,original,90521,90527,30,random_key_pool_9,5,deepsets,137,0.03333333333333333,0.16666666666666666,0.5197994492337163,0.4785201149425287,0.020833333333333332,0.004166666666666667,0.0,0.0875,27,False
results/mobio_dense_key_pool_sweep/metrics.json,a155369c1e80b6ea3bbd5434dc6891cfc99a7407d3cb9d86f4df78eaf60df672,410c5d89ed84141a7f52e657d4770e3bba0e2a559021e865dc546a8dd0b947ed,1754d228a3989e52684d6af90d9b71d6b8c4553973012134835ec3d505a3a666,8fdef01eb5c6579a025be82726e3cce1fd965238,exploratory,MOBIO,biohash,original,90521,90527,30,random_key_pool_9,5,deepsets,147,0.016666666666666666,0.16666666666666666,0.5184806034482758,0.46975574712643675,0.004166666666666667,0.0,0.0,0.041666666666666664,29,False
results/mobio_dense_key_pool_sweep/metrics.json,a155369c1e80b6ea3bbd5434dc6891cfc99a7407d3cb9d86f4df78eaf60df672,410c5d89ed84141a7f52e657d4770e3bba0e2a559021e865dc546a8dd0b947ed,1754d228a3989e52684d6af90d9b71d6b8c4553973012134835ec3d505a3a666,8fdef01eb5c6579a025be82726e3cce1fd965238,exploratory,MOBIO,biohash,original,90521,90527,30,random_key_pool_9,10,mean_mlp,127,0.029166666666666667,0.16666666666666666,0.5756579262452107,0.42076149425287357,0.016666666666666666,0.0,0.0,0.07083333333333333,20,False
results/mobio_dense_key_pool_sweep/metrics.json,a155369c1e80b6ea3bbd5434dc6891cfc99a7407d3cb9d86f4df78eaf60df672,410c5d89ed84141a7f52e657d4770e3bba0e2a559021e865dc546a8dd0b947ed,1754d228a3989e52684d6af90d9b71d6b8c4553973012134835ec3d505a3a666,8fdef01eb5c6579a025be82726e3cce1fd965238,exploratory,MOBIO,biohash,original,90521,90527,30,random_key_pool_9,10,mean_mlp,137,0.03333333333333333,0.16666666666666666,0.5304244492337165,0.488433908045977,0.004166666666666667,0.0,0.0,0.1,20,False
results/mobio_dense_key_pool_sweep/metrics.json,a155369c1e80b6ea3bbd5434dc6891cfc99a7407d3cb9d86f4df78eaf60df672,410c5d89ed84141a7f52e657d4770e3bba0e2a559021e865dc546a8dd0b947ed,1754d228a3989e52684d6af90d9b71d6b8c4553973012134835ec3d505a3a666,8fdef01eb5c6579a025be82726e3cce1fd965238,exploratory,MOBIO,biohash,original,90521,90527,30,random_key_pool_9,10,mean_mlp,147,0.05416666666666667,0.2125,0.5678963122605364,0.4545258620689655,0.0,0.0,0.0,0.14166666666666666,21,False
results/mobio_dense_key_pool_sweep/metrics.json,a155369c1e80b6ea3bbd5434dc6891cfc99a7407d3cb9d86f4df78eaf60df672,410c5d89ed84141a7f52e657d4770e3bba0e2a559021e865dc546a8dd0b947ed,1754d228a3989e52684d6af90d9b71d6b8c4553973012134835ec3d505a3a666,8fdef01eb5c6579a025be82726e3cce1fd965238,exploratory,MOBIO,biohash,original,90521,90527,30,random_key_pool_9,10,deepsets,127,0.03333333333333333,0.16666666666666666,0.5277035440613027,0.46185344827586206,0.008333333333333333,0.0,0.0,0.1,27,False
results/mobio_dense_key_pool_sweep/metrics.json,a155369c1e80b6ea3bbd5434dc6891cfc99a7407d3cb9d86f4df78eaf60df672,410c5d89ed84141a7f52e657d4770e3bba0e2a559021e865dc546a8dd0b947ed,1754d228a3989e52684d6af90d9b71d6b8c4553973012134835ec3d505a3a666,8fdef01eb5c6579a025be82726e3cce1fd965238,exploratory,MOBIO,biohash,original,90521,90527,30,random_key_pool_9,10,deepsets,137,0.04583333333333333,0.16666666666666666,0.5259410919540229,0.4668103448275862,0.03333333333333333,0.0,0.0,0.125,28,False
results/mobio_dense_key_pool_sweep/metrics.json,a155369c1e80b6ea3bbd5434dc6891cfc99a7407d3cb9d86f4df78eaf60df672,410c5d89ed84141a7f52e657d4770e3bba0e2a559021e865dc546a8dd0b947ed,1754d228a3989e52684d6af90d9b71d6b8c4553973012134835ec3d505a3a666,8fdef01eb5c6579a025be82726e3cce1fd965238,exploratory,MOBIO,biohash,original,90521,90527,30,random_key_pool_9,10,deepsets,147,0.03333333333333333,0.16666666666666666,0.5206555316091954,0.4876436781609196,0.03333333333333333,0.004166666666666667,0.0,0.1,30,False
results/mobio_dense_key_pool_sweep/metrics.json,a155369c1e80b6ea3bbd5434dc6891cfc99a7407d3cb9d86f4df78eaf60df672,410c5d89ed84141a7f52e657d4770e3bba0e2a559021e865dc546a8dd0b947ed,1754d228a3989e52684d6af90d9b71d6b8c4553973012134835ec3d505a3a666,8fdef01eb5c6579a025be82726e3cce1fd965238,exploratory,MOBIO,biohash,original,90521,90527,30,independent_unseen_keys,1,single_mlp,127,0.041666666666666664,0.1625,0.49929358237547894,0.48326149425287357,0.020833333333333332,0.0,0.0,0.11666666666666667,14,False
results/mobio_dense_key_pool_sweep/metrics.json,a155369c1e80b6ea3bbd5434dc6891cfc99a7407d3cb9d86f4df78eaf60df672,410c5d89ed84141a7f52e657d4770e3bba0e2a559021e865dc546a8dd0b947ed,1754d228a3989e52684d6af90d9b71d6b8c4553973012134835ec3d505a3a666,8fdef01eb5c6579a025be82726e3cce1fd965238,exploratory,MOBIO,biohash,original,90521,90527,30,independent_unseen_keys,1,single_mlp,137,0.03333333333333333,0.16666666666666666,0.49184446839080453,0.5125,0.0125,0.0,0.0,0.09166666666666666,20,False
results/mobio_dense_key_pool_sweep/metrics.json,a155369c1e80b6ea3bbd5434dc6891cfc99a7407d3cb9d86f4df78eaf60df672,410c5d89ed84141a7f52e657d4770e3bba0e2a559021e865dc546a8dd0b947ed,1754d228a3989e52684d6af90d9b71d6b8c4553973012134835ec3d505a3a666,8fdef01eb5c6579a025be82726e3cce1fd965238,exploratory,MOBIO,biohash,original,90521,90527,30,independent_unseen_keys,1,single_mlp,147,0.020833333333333332,0.17083333333333334,0.4953077107279693,0.5026580459770115,0.0125,0.0,0.0,0.05416666666666667,17,False
results/mobio_dense_key_pool_sweep/metrics.json,a155369c1e80b6ea3bbd5434dc6891cfc99a7407d3cb9d86f4df78eaf60df672,410c5d89ed84141a7f52e657d4770e3bba0e2a559021e865dc546a8dd0b947ed,1754d228a3989e52684d6af90d9b71d6b8c4553973012134835ec3d505a3a666,8fdef01eb5c6579a025be82726e3cce1fd965238,exploratory,MOBIO,biohash,original,90521,90527,30,independent_unseen_keys,2,mean_mlp,127,0.05,0.16666666666666666,0.49989403735632176,0.4953304597701149,0.029166666666666667,0.0,0.0,0.13333333333333333,18,False
results/mobio_dense_key_pool_sweep/metrics.json,a155369c1e80b6ea3bbd5434dc6891cfc99a7407d3cb9d86f4df78eaf60df672,410c5d89ed84141a7f52e657d4770e3bba0e2a559021e865dc546a8dd0b947ed,1754d228a3989e52684d6af90d9b71d6b8c4553973012134835ec3d505a3a666,8fdef01eb5c6579a025be82726e3cce1fd965238,exploratory,MOBIO,biohash,original,90521,90527,30,independent_unseen_keys,2,mean_mlp,137,0.0375,0.16666666666666666,0.4939319923371648,0.503735632183908,0.016666666666666666,0.0,0.0,0.10833333333333334,21,False
results/mobio_dense_key_pool_sweep/metrics.json,a155369c1e80b6ea3bbd5434dc6891cfc99a7407d3cb9d86f4df78eaf60df672,410c5d89ed84141a7f52e657d4770e3bba0e2a559021e865dc546a8dd0b947ed,1754d228a3989e52684d6af90d9b71d6b8c4553973012134835ec3d505a3a666,8fdef01eb5c6579a025be82726e3cce1fd965238,exploratory,MOBIO,biohash,original,90521,90527,30,independent_unseen_keys,2,mean_mlp,147,0.04583333333333333,0.17083333333333334,0.4933171695402299,0.5126436781609195,0.004166666666666667,0.0,0.0,0.12083333333333333,21,False
results/mobio_dense_key_pool_sweep/metrics.json,a155369c1e80b6ea3bbd5434dc6891cfc99a7407d3cb9d86f4df78eaf60df672,410c5d89ed84141a7f52e657d4770e3bba0e2a559021e865dc546a8dd0b947ed,1754d228a3989e52684d6af90d9b71d6b8c4553973012134835ec3d505a3a666,8fdef01eb5c6579a025be82726e3cce1fd965238,exploratory,MOBIO,biohash,original,90521,90527,30,independent_unseen_keys,2,deepsets,127,0.04583333333333333,0.16666666666666666,0.5023389607279694,0.49216954022988507,0.020833333333333332,0.0,0.0,0.1125,26,False
results/mobio_dense_key_pool_sweep/metrics.json,a155369c1e80b6ea3bbd5434dc6891cfc99a7407d3cb9d86f4df78eaf60df672,410c5d89ed84141a7f52e657d4770e3bba0e2a559021e865dc546a8dd0b947ed,1754d228a3989e52684d6af90d9b71d6b8c4553973012134835ec3d505a3a666,8fdef01eb5c6579a025be82726e3cce1fd965238,exploratory,MOBIO,biohash,original,90521,90527,30,independent_unseen_keys,2,deepsets,137,0.03333333333333333,0.16666666666666666,0.4988948754789272,0.5005028735632184,0.025,0.004166666666666667,0.0,0.1,14,False
results/mobio_dense_key_pool_sweep/metrics.json,a155369c1e80b6ea3bbd5434dc6891cfc99a7407d3cb9d86f4df78eaf60df672,410c5d89ed84141a7f52e657d4770e3bba0e2a559021e865dc546a8dd0b947ed,1754d228a3989e52684d6af90d9b71d6b8c4553973012134835ec3d505a3a666,8fdef01eb5c6579a025be82726e3cce1fd965238,exploratory,MOBIO,biohash,original,90521,90527,30,independent_unseen_keys,2,deepsets,147,0.03333333333333333,0.16666666666666666,0.500656728927203,0.49540229885057474,0.008333333333333333,0.0,0.0,0.1,31,False
results/mobio_dense_key_pool_sweep/metrics.json,a155369c1e80b6ea3bbd5434dc6891cfc99a7407d3cb9d86f4df78eaf60df672,410c5d89ed84141a7f52e657d4770e3bba0e2a559021e865dc546a8dd0b947ed,1754d228a3989e52684d6af90d9b71d6b8c4553973012134835ec3d505a3a666,8fdef01eb5c6579a025be82726e3cce1fd965238,exploratory,MOBIO,biohash,original,90521,90527,30,independent_unseen_keys,5,mean_mlp,127,0.06666666666666667,0.16666666666666666,0.5045001197318008,0.5,0.03333333333333333,0.004166666666666667,0.0,0.16666666666666666,21,False
results/mobio_dense_key_pool_sweep/metrics.json,a155369c1e80b6ea3bbd5434dc6891cfc99a7407d3cb9d86f4df78eaf60df672,410c5d89ed84141a7f52e657d4770e3bba0e2a559021e865dc546a8dd0b947ed,1754d228a3989e52684d6af90d9b71d6b8c4553973012134835ec3d505a3a666,8fdef01eb5c6579a025be82726e3cce1fd965238,exploratory,MOBIO,biohash,original,90521,90527,30,independent_unseen_keys,5,mean_mlp,137,0.058333333333333334,0.16666666666666666,0.5021491858237548,0.5042385057471264,0.025,0.004166666666666667,0.0,0.15,22,False
results/mobio_dense_key_pool_sweep/metrics.json,a155369c1e80b6ea3bbd5434dc6891cfc99a7407d3cb9d86f4df78eaf60df672,410c5d89ed84141a7f52e657d4770e3bba0e2a559021e865dc546a8dd0b947ed,1754d228a3989e52684d6af90d9b71d6b8c4553973012134835ec3d505a3a666,8fdef01eb5c6579a025be82726e3cce1fd965238,exploratory,MOBIO,biohash,original,90521,90527,30,independent_unseen_keys,5,mean_mlp,147,0.03333333333333333,0.16666666666666666,0.49648467432950194,0.5092672413793103,0.0,0.0,0.0,0.0875,19,False
results/mobio_dense_key_pool_sweep/metrics.json,a155369c1e80b6ea3bbd5434dc6891cfc99a7407d3cb9d86f4df78eaf60df672,410c5d89ed84141a7f52e657d4770e3bba0e2a559021e865dc546a8dd0b947ed,1754d228a3989e52684d6af90d9b71d6b8c4553973012134835ec3d505a3a666,8fdef01eb5c6579a025be82726e3cce1fd965238,exploratory,MOBIO,biohash,original,90521,90527,30,independent_unseen_keys,5,deepsets,127,0.05416666666666667,0.16666666666666666,0.5017486829501916,0.5061063218390804,0.03333333333333333,0.004166666666666667,0.0,0.13333333333333333,31,False
results/mobio_dense_key_pool_sweep/metrics.json,a155369c1e80b6ea3bbd5434dc6891cfc99a7407d3cb9d86f4df78eaf60df672,410c5d89ed84141a7f52e657d4770e3bba0e2a559021e865dc546a8dd0b947ed,1754d228a3989e52684d6af90d9b71d6b8c4553973012134835ec3d505a3a666,8fdef01eb5c6579a025be82726e3cce1fd965238,exploratory,MOBIO,biohash,original,90521,90527,30,independent_unseen_keys,5,deepsets,137,0.03333333333333333,0.16666666666666666,0.49906669061302683,0.4985632183908046,0.0125,0.0,0.0,0.1,30,False
results/mobio_dense_key_pool_sweep/metrics.json,a155369c1e80b6ea3bbd5434dc6891cfc99a7407d3cb9d86f4df78eaf60df672,410c5d89ed84141a7f52e657d4770e3bba0e2a559021e865dc546a8dd0b947ed,1754d228a3989e52684d6af90d9b71d6b8c4553973012134835ec3d505a3a666,8fdef01eb5c6579a025be82726e3cce1fd965238,exploratory,MOBIO,biohash,original,90521,90527,30,independent_unseen_keys,5,deepsets,147,0.03333333333333333,0.16666666666666666,0.5025945881226053,0.4931752873563219,0.016666666666666666,0.004166666666666667,0.0,0.1,32,False
results/mobio_dense_key_pool_sweep/metrics.json,a155369c1e80b6ea3bbd5434dc6891cfc99a7407d3cb9d86f4df78eaf60df672,410c5d89ed84141a7f52e657d4770e3bba0e2a559021e865dc546a8dd0b947ed,1754d228a3989e52684d6af90d9b71d6b8c4553973012134835ec3d505a3a666,8fdef01eb5c6579a025be82726e3cce1fd965238,exploratory,MOBIO,biohash,original,90521,90527,30,independent_unseen_keys,10,mean_mlp,127,0.06666666666666667,0.16666666666666666,0.5017385057471264,0.5167385057471264,0.041666666666666664,0.0,0.0,0.16666666666666666,21,False
results/mobio_dense_key_pool_sweep/metrics.json,a155369c1e80b6ea3bbd5434dc6891cfc99a7407d3cb9d86f4df78eaf60df672,410c5d89ed84141a7f52e657d4770e3bba0e2a559021e865dc546a8dd0b947ed,1754d228a3989e52684d6af90d9b71d6b8c4553973012134835ec3d505a3a666,8fdef01eb5c6579a025be82726e3cce1fd965238,exploratory,MOBIO,biohash,original,90521,90527,30,independent_unseen_keys,10,mean_mlp,137,0.06666666666666667,0.16666666666666666,0.5009620450191571,0.49985632183908046,0.03333333333333333,0.029166666666666667,0.0,0.16666666666666666,22,False
results/mobio_dense_key_pool_sweep/metrics.json,a155369c1e80b6ea3bbd5434dc6891cfc99a7407d3cb9d86f4df78eaf60df672,410c5d89ed84141a7f52e657d4770e3bba0e2a559021e865dc546a8dd0b947ed,1754d228a3989e52684d6af90d9b71d6b8c4553973012134835ec3d505a3a666,8fdef01eb5c6579a025be82726e3cce1fd965238,exploratory,MOBIO,biohash,original,90521,90527,30,independent_unseen_keys,10,mean_mlp,147,0.03333333333333333,0.16666666666666666,0.49256345785440614,0.5208333333333333,0.0,0.0,0.0,0.1,20,False
results/mobio_dense_key_pool_sweep/metrics.json,a155369c1e80b6ea3bbd5434dc6891cfc99a7407d3cb9d86f4df78eaf60df672,410c5d89ed84141a7f52e657d4770e3bba0e2a559021e865dc546a8dd0b947ed,1754d228a3989e52684d6af90d9b71d6b8c4553973012134835ec3d505a3a666,8fdef01eb5c6579a025be82726e3cce1fd965238,exploratory,MOBIO,biohash,original,90521,90527,30,independent_unseen_keys,10,deepsets,127,0.06666666666666667,0.16666666666666666,0.5022353927203065,0.49748563218390807,0.029166666666666667,0.0,0.0,0.16666666666666666,30,False
results/mobio_dense_key_pool_sweep/metrics.json,a155369c1e80b6ea3bbd5434dc6891cfc99a7407d3cb9d86f4df78eaf60df672,410c5d89ed84141a7f52e657d4770e3bba0e2a559021e865dc546a8dd0b947ed,1754d228a3989e52684d6af90d9b71d6b8c4553973012134835ec3d505a3a666,8fdef01eb5c6579a025be82726e3cce1fd965238,exploratory,MOBIO,biohash,original,90521,90527,30,independent_unseen_keys,10,deepsets,137,0.03333333333333333,0.16666666666666666,0.5008896072796936,0.49942528735632186,0.03333333333333333,0.004166666666666667,0.0,0.1,30,False
results/mobio_dense_key_pool_sweep/metrics.json,a155369c1e80b6ea3bbd5434dc6891cfc99a7407d3cb9d86f4df78eaf60df672,410c5d89ed84141a7f52e657d4770e3bba0e2a559021e865dc546a8dd0b947ed,1754d228a3989e52684d6af90d9b71d6b8c4553973012134835ec3d505a3a666,8fdef01eb5c6579a025be82726e3cce1fd965238,exploratory,MOBIO,biohash,original,90521,90527,30,independent_unseen_keys,10,deepsets,147,0.03333333333333333,0.16666666666666666,0.5031806752873563,0.5139367816091954,0.03333333333333333,0.0,0.0,0.1,33,False
results/mobio_dense_key_pool_sweep_partition2/metrics.json,772a4f288e444b8b609110b1f23aa68a59b87e867a48f75237c6d6c9aa2393e1,6b433dcc0c40a3d8c9a60a498ce25f95c8342f91d50f7887657c4d21e4602717,1754d228a3989e52684d6af90d9b71d6b8c4553973012134835ec3d505a3a666,bd2b47d43466d4d4ff035468a859e78ae6b8b9c4,exploratory,MOBIO,biohash,90583,90587,90593,30,random_key_pool_3,1,single_mlp,217,0.19166666666666668,0.575,0.7896090756704981,0.2773706896551724,0.15416666666666667,0.0375,0.1125,0.2875,63,False
results/mobio_dense_key_pool_sweep_partition2/metrics.json,772a4f288e444b8b609110b1f23aa68a59b87e867a48f75237c6d6c9aa2393e1,6b433dcc0c40a3d8c9a60a498ce25f95c8342f91d50f7887657c4d21e4602717,1754d228a3989e52684d6af90d9b71d6b8c4553973012134835ec3d505a3a666,bd2b47d43466d4d4ff035468a859e78ae6b8b9c4,exploratory,MOBIO,biohash,90583,90587,90593,30,random_key_pool_3,1,single_mlp,227,0.25833333333333336,0.5583333333333333,0.8030453783524905,0.26673850574712643,0.14166666666666666,0.029166666666666667,0.17083333333333334,0.3541666666666667,49,False
results/mobio_dense_key_pool_sweep_partition2/metrics.json,772a4f288e444b8b609110b1f23aa68a59b87e867a48f75237c6d6c9aa2393e1,6b433dcc0c40a3d8c9a60a498ce25f95c8342f91d50f7887657c4d21e4602717,1754d228a3989e52684d6af90d9b71d6b8c4553973012134835ec3d505a3a666,bd2b47d43466d4d4ff035468a859e78ae6b8b9c4,exploratory,MOBIO,biohash,90583,90587,90593,30,random_key_pool_3,1,single_mlp,237,0.22083333333333333,0.5583333333333333,0.8029807231800765,0.2834051724137931,0.15,0.041666666666666664,0.15,0.29583333333333334,62,False
results/mobio_dense_key_pool_sweep_partition2/metrics.json,772a4f288e444b8b609110b1f23aa68a59b87e867a48f75237c6d6c9aa2393e1,6b433dcc0c40a3d8c9a60a498ce25f95c8342f91d50f7887657c4d21e4602717,1754d228a3989e52684d6af90d9b71d6b8c4553973012134835ec3d505a3a666,bd2b47d43466d4d4ff035468a859e78ae6b8b9c4,exploratory,MOBIO,biohash,90583,90587,90593,30,random_key_pool_3,10,mean_mlp,217,0.45,0.8166666666666667,0.9066211685823755,0.16666666666666663,0.25833333333333336,0.07083333333333333,0.2833333333333333,0.625,69,False
results/mobio_dense_key_pool_sweep_partition2/metrics.json,772a4f288e444b8b609110b1f23aa68a59b87e867a48f75237c6d6c9aa2393e1,6b433dcc0c40a3d8c9a60a498ce25f95c8342f91d50f7887657c4d21e4602717,1754d228a3989e52684d6af90d9b71d6b8c4553973012134835ec3d505a3a666,bd2b47d43466d4d4ff035468a859e78ae6b8b9c4,exploratory,MOBIO,biohash,90583,90587,90593,30,random_key_pool_3,10,mean_mlp,227,0.475,0.85,0.9402963362068966,0.12600574712643678,0.3416666666666667,0.1,0.3165625000000002,0.6416666666666667,399,False
results/mobio_dense_key_pool_sweep_partition2/metrics.json,772a4f288e444b8b609110b1f23aa68a59b87e867a48f75237c6d6c9aa2393e1,6b433dcc0c40a3d8c9a60a498ce25f95c8342f91d50f7887657c4d21e4602717,1754d228a3989e52684d6af90d9b71d6b8c4553973012134835ec3d505a3a666,bd2b47d43466d4d4ff035468a859e78ae6b8b9c4,exploratory,MOBIO,biohash,90583,90587,90593,30,random_key_pool_3,10,mean_mlp,237,0.5333333333333333,0.8791666666666667,0.9316433189655173,0.1556034482758621,0.4,0.12916666666666668,0.36666666666666664,0.7,55,False
results/mobio_dense_key_pool_sweep_partition2/metrics.json,772a4f288e444b8b609110b1f23aa68a59b87e867a48f75237c6d6c9aa2393e1,6b433dcc0c40a3d8c9a60a498ce25f95c8342f91d50f7887657c4d21e4602717,1754d228a3989e52684d6af90d9b71d6b8c4553973012134835ec3d505a3a666,bd2b47d43466d4d4ff035468a859e78ae6b8b9c4,exploratory,MOBIO,biohash,90583,90587,90593,30,random_key_pool_4,1,single_mlp,217,0.05,0.20833333333333334,0.5504448036398467,0.4375,0.004166666666666667,0.0,0.0,0.12083333333333333,21,False
results/mobio_dense_key_pool_sweep_partition2/metrics.json,772a4f288e444b8b609110b1f23aa68a59b87e867a48f75237c6d6c9aa2393e1,6b433dcc0c40a3d8c9a60a498ce25f95c8342f91d50f7887657c4d21e4602717,1754d228a3989e52684d6af90d9b71d6b8c4553973012134835ec3d505a3a666,bd2b47d43466d4d4ff035468a859e78ae6b8b9c4,exploratory,MOBIO,biohash,90583,90587,90593,30,random_key_pool_4,1,single_mlp,227,0.0625,0.19166666666666668,0.5588080699233716,0.45423850574712643,0.03333333333333333,0.008333333333333333,0.004166666666666667,0.13333333333333333,19,False
results/mobio_dense_key_pool_sweep_partition2/metrics.json,772a4f288e444b8b609110b1f23aa68a59b87e867a48f75237c6d6c9aa2393e1,6b433dcc0c40a3d8c9a60a498ce25f95c8342f91d50f7887657c4d21e4602717,1754d228a3989e52684d6af90d9b71d6b8c4553973012134835ec3d505a3a666,bd2b47d43466d4d4ff035468a859e78ae6b8b9c4,exploratory,MOBIO,biohash,90583,90587,90593,30,random_key_pool_4,1,single_mlp,237,0.11666666666666667,0.26666666666666666,0.5619899425287356,0.4666666666666667,0.03333333333333333,0.004166666666666667,0.041666666666666664,0.20833333333333334,17,False
results/mobio_dense_key_pool_sweep_partition2/metrics.json,772a4f288e444b8b609110b1f23aa68a59b87e867a48f75237c6d6c9aa2393e1,6b433dcc0c40a3d8c9a60a498ce25f95c8342f91d50f7887657c4d21e4602717,1754d228a3989e52684d6af90d9b71d6b8c4553973012134835ec3d505a3a666,bd2b47d43466d4d4ff035468a859e78ae6b8b9c4,exploratory,MOBIO,biohash,90583,90587,90593,30,random_key_pool_4,10,mean_mlp,217,0.39166666666666666,0.8791666666666667,0.9228532088122606,0.14920977011494252,0.23333333333333334,0.0375,0.2373958333333335,0.55,55,False
results/mobio_dense_key_pool_sweep_partition2/metrics.json,772a4f288e444b8b609110b1f23aa68a59b87e867a48f75237c6d6c9aa2393e1,6b433dcc0c40a3d8c9a60a498ce25f95c8342f91d50f7887657c4d21e4602717,1754d228a3989e52684d6af90d9b71d6b8c4553973012134835ec3d505a3a666,bd2b47d43466d4d4ff035468a859e78ae6b8b9c4,exploratory,MOBIO,biohash,90583,90587,90593,30,random_key_pool_4,10,mean_mlp,227,0.5833333333333334,0.825,0.9327107279693486,0.14612068965517244,0.44166666666666665,0.20416666666666666,0.42083333333333334,0.7458333333333333,395,False
results/mobio_dense_key_pool_sweep_partition2/metrics.json,772a4f288e444b8b609110b1f23aa68a59b87e867a48f75237c6d6c9aa2393e1,6b433dcc0c40a3d8c9a60a498ce25f95c8342f91d50f7887657c4d21e4602717,1754d228a3989e52684d6af90d9b71d6b8c4553973012134835ec3d505a3a666,bd2b47d43466d4d4ff035468a859e78ae6b8b9c4,exploratory,MOBIO,biohash,90583,90587,90593,30,random_key_pool_4,10,mean_mlp,237,0.48333333333333334,0.8875,0.9484063697318008,0.1170977011494253,0.325,0.07083333333333333,0.32083333333333336,0.6458333333333334,79,False
results/mobio_dense_key_pool_sweep_partition2/metrics.json,772a4f288e444b8b609110b1f23aa68a59b87e867a48f75237c6d6c9aa2393e1,6b433dcc0c40a3d8c9a60a498ce25f95c8342f91d50f7887657c4d21e4602717,1754d228a3989e52684d6af90d9b71d6b8c4553973012134835ec3d505a3a666,bd2b47d43466d4d4ff035468a859e78ae6b8b9c4,exploratory,MOBIO,biohash,90583,90587,90593,30,random_key_pool_5,1,single_mlp,217,0.075,0.18333333333333332,0.5143947557471265,0.5000718390804597,0.0125,0.0,0.016666666666666666,0.15,15,False
results/mobio_dense_key_pool_sweep_partition2/metrics.json,772a4f288e444b8b609110b1f23aa68a59b87e867a48f75237c6d6c9aa2393e1,6b433dcc0c40a3d8c9a60a498ce25f95c8342f91d50f7887657c4d21e4602717,1754d228a3989e52684d6af90d9b71d6b8c4553973012134835ec3d505a3a666,bd2b47d43466d4d4ff035468a859e78ae6b8b9c4,exploratory,MOBIO,biohash,90583,90587,90593,30,random_key_pool_5,1,single_mlp,227,0.058333333333333334,0.20416666666666666,0.5350197557471265,0.4751436781609195,0.025,0.0,0.008333333333333333,0.12927083333333278,14,False
results/mobio_dense_key_pool_sweep_partition2/metrics.json,772a4f288e444b8b609110b1f23aa68a59b87e867a48f75237c6d6c9aa2393e1,6b433dcc0c40a3d8c9a60a498ce25f95c8342f91d50f7887657c4d21e4602717,1754d228a3989e52684d6af90d9b71d6b8c4553973012134835ec3d505a3a666,bd2b47d43466d4d4ff035468a859e78ae6b8b9c4,exploratory,MOBIO,biohash,90583,90587,90593,30,random_key_pool_5,1,single_mlp,237,0.058333333333333334,0.20416666666666666,0.5459644396551724,0.4625,0.025,0.0,0.016666666666666666,0.1125,16,False
results/mobio_dense_key_pool_sweep_partition2/metrics.json,772a4f288e444b8b609110b1f23aa68a59b87e867a48f75237c6d6c9aa2393e1,6b433dcc0c40a3d8c9a60a498ce25f95c8342f91d50f7887657c4d21e4602717,1754d228a3989e52684d6af90d9b71d6b8c4553973012134835ec3d505a3a666,bd2b47d43466d4d4ff035468a859e78ae6b8b9c4,exploratory,MOBIO,biohash,90583,90587,90593,30,random_key_pool_5,10,mean_mlp,217,0.4041666666666667,0.8041666666666667,0.8865726772030651,0.20035919540229882,0.2916666666666667,0.10416666666666667,0.24583333333333332,0.5666666666666667,94,False
results/mobio_dense_key_pool_sweep_partition2/metrics.json,772a4f288e444b8b609110b1f23aa68a59b87e867a48f75237c6d6c9aa2393e1,6b433dcc0c40a3d8c9a60a498ce25f95c8342f91d50f7887657c4d21e4602717,1754d228a3989e52684d6af90d9b71d6b8c4553973012134835ec3d505a3a666,bd2b47d43466d4d4ff035468a859e78ae6b8b9c4,exploratory,MOBIO,biohash,90583,90587,90593,30,random_key_pool_5,10,mean_mlp,227,0.38333333333333336,0.7791666666666667,0.8861602011494253,0.18742816091954023,0.2791666666666667,0.10416666666666667,0.2375,0.5333333333333333,400,False
results/mobio_dense_key_pool_sweep_partition2/metrics.json,772a4f288e444b8b609110b1f23aa68a59b87e867a48f75237c6d6c9aa2393e1,6b433dcc0c40a3d8c9a60a498ce25f95c8342f91d50f7887657c4d21e4602717,1754d228a3989e52684d6af90d9b71d6b8c4553973012134835ec3d505a3a666,bd2b47d43466d4d4ff035468a859e78ae6b8b9c4,exploratory,MOBIO,biohash,90583,90587,90593,30,random_key_pool_5,10,mean_mlp,237,0.42083333333333334,0.8041666666666667,0.8999347461685824,0.17500000000000002,0.25,0.03333333333333333,0.25416666666666665,0.5916666666666667,393,False
results/mobio_dense_key_pool_sweep_partition2/metrics.json,772a4f288e444b8b609110b1f23aa68a59b87e867a48f75237c6d6c9aa2393e1,6b433dcc0c40a3d8c9a60a498ce25f95c8342f91d50f7887657c4d21e4602717,1754d228a3989e52684d6af90d9b71d6b8c4553973012134835ec3d505a3a666,bd2b47d43466d4d4ff035468a859e78ae6b8b9c4,exploratory,MOBIO,biohash,90583,90587,90593,30,random_key_pool_6,1,single_mlp,217,0.0875,0.2,0.519904214559387,0.4961925287356322,0.041666666666666664,0.0,0.029166666666666667,0.1625,17,False
results/mobio_dense_key_pool_sweep_partition2/metrics.json,772a4f288e444b8b609110b1f23aa68a59b87e867a48f75237c6d6c9aa2393e1,6b433dcc0c40a3d8c9a60a498ce25f95c8342f91d50f7887657c4d21e4602717,1754d228a3989e52684d6af90d9b71d6b8c4553973012134835ec3d505a3a666,bd2b47d43466d4d4ff035468a859e78ae6b8b9c4,exploratory,MOBIO,biohash,90583,90587,90593,30,random_key_pool_6,1,single_mlp,227,0.04583333333333333,0.2125,0.5342618534482759,0.4749281609195402,0.020833333333333332,0.0,0.0,0.1,17,False
results/mobio_dense_key_pool_sweep_partition2/metrics.json,772a4f288e444b8b609110b1f23aa68a59b87e867a48f75237c6d6c9aa2393e1,6b433dcc0c40a3d8c9a60a498ce25f95c8342f91d50f7887657c4d21e4602717,1754d228a3989e52684d6af90d9b71d6b8c4553973012134835ec3d505a3a666,bd2b47d43466d4d4ff035468a859e78ae6b8b9c4,exploratory,MOBIO,biohash,90583,90587,90593,30,random_key_pool_6,1,single_mlp,237,0.058333333333333334,0.2125,0.5404094827586207,0.4842672413793103,0.029166666666666667,0.0,0.0125,0.12083333333333333,17,False
results/mobio_dense_key_pool_sweep_partition2/metrics.json,772a4f288e444b8b609110b1f23aa68a59b87e867a48f75237c6d6c9aa2393e1,6b433dcc0c40a3d8c9a60a498ce25f95c8342f91d50f7887657c4d21e4602717,1754d228a3989e52684d6af90d9b71d6b8c4553973012134835ec3d505a3a666,bd2b47d43466d4d4ff035468a859e78ae6b8b9c4,exploratory,MOBIO,biohash,90583,90587,90593,30,random_key_pool_6,10,mean_mlp,217,0.3541666666666667,0.6666666666666666,0.827872365900383,0.23778735632183912,0.2791666666666667,0.0875,0.2,0.5084374999999994,60,False
results/mobio_dense_key_pool_sweep_partition2/metrics.json,772a4f288e444b8b609110b1f23aa68a59b87e867a48f75237c6d6c9aa2393e1,6b433dcc0c40a3d8c9a60a498ce25f95c8342f91d50f7887657c4d21e4602717,1754d228a3989e52684d6af90d9b71d6b8c4553973012134835ec3d505a3a666,bd2b47d43466d4d4ff035468a859e78ae6b8b9c4,exploratory,MOBIO,biohash,90583,90587,90593,30,random_key_pool_6,10,mean_mlp,227,0.3416666666666667,0.625,0.8502622126436782,0.22916666666666663,0.20416666666666666,0.07083333333333333,0.19572916666666684,0.5083333333333333,54,False
results/mobio_dense_key_pool_sweep_partition2/metrics.json,772a4f288e444b8b609110b1f23aa68a59b87e867a48f75237c6d6c9aa2393e1,6b433dcc0c40a3d8c9a60a498ce25f95c8342f91d50f7887657c4d21e4602717,1754d228a3989e52684d6af90d9b71d6b8c4553973012134835ec3d505a3a666,bd2b47d43466d4d4ff035468a859e78ae6b8b9c4,exploratory,MOBIO,biohash,90583,90587,90593,30,random_key_pool_6,10,mean_mlp,237,0.3958333333333333,0.6916666666666667,0.8451748084291187,0.2302442528735632,0.24583333333333332,0.15416666666666667,0.24583333333333332,0.55,56,False
results/mobio_dense_key_pool_sweep_partition2/metrics.json,772a4f288e444b8b609110b1f23aa68a59b87e867a48f75237c6d6c9aa2393e1,6b433dcc0c40a3d8c9a60a498ce25f95c8342f91d50f7887657c4d21e4602717,1754d228a3989e52684d6af90d9b71d6b8c4553973012134835ec3d505a3a666,bd2b47d43466d4d4ff035468a859e78ae6b8b9c4,exploratory,MOBIO,biohash,90583,90587,90593,30,random_key_pool_7,1,single_mlp,217,0.0875,0.19583333333333333,0.522042025862069,0.4833333333333333,0.03333333333333333,0.004166666666666667,0.016666666666666666,0.17916666666666667,16,False
results/mobio_dense_key_pool_sweep_partition2/metrics.json,772a4f288e444b8b609110b1f23aa68a59b87e867a48f75237c6d6c9aa2393e1,6b433dcc0c40a3d8c9a60a498ce25f95c8342f91d50f7887657c4d21e4602717,1754d228a3989e52684d6af90d9b71d6b8c4553973012134835ec3d505a3a666,bd2b47d43466d4d4ff035468a859e78ae6b8b9c4,exploratory,MOBIO,biohash,90583,90587,90593,30,random_key_pool_7,1,single_mlp,227,0.020833333333333332,0.17083333333333334,0.5121922892720306,0.48326149425287357,0.0,0.0,0.0,0.0501041666666661,15,False
results/mobio_dense_key_pool_sweep_partition2/metrics.json,772a4f288e444b8b609110b1f23aa68a59b87e867a48f75237c6d6c9aa2393e1,6b433dcc0c40a3d8c9a60a498ce25f95c8342f91d50f7887657c4d21e4602717,1754d228a3989e52684d6af90d9b71d6b8c4553973012134835ec3d505a3a666,bd2b47d43466d4d4ff035468a859e78ae6b8b9c4,exploratory,MOBIO,biohash,90583,90587,90593,30,random_key_pool_7,1,single_mlp,237,0.041666666666666664,0.24583333333333332,0.5351993534482758,0.4708333333333333,0.0125,0.0,0.004166666666666667,0.0875,17,False
results/mobio_dense_key_pool_sweep_partition2/metrics.json,772a4f288e444b8b609110b1f23aa68a59b87e867a48f75237c6d6c9aa2393e1,6b433dcc0c40a3d8c9a60a498ce25f95c8342f91d50f7887657c4d21e4602717,1754d228a3989e52684d6af90d9b71d6b8c4553973012134835ec3d505a3a666,bd2b47d43466d4d4ff035468a859e78ae6b8b9c4,exploratory,MOBIO,biohash,90583,90587,90593,30,random_key_pool_7,10,mean_mlp,217,0.32083333333333336,0.7333333333333333,0.8753933189655173,0.21242816091954025,0.18333333333333332,0.03333333333333333,0.16666666666666666,0.475,60,False
results/mobio_dense_key_pool_sweep_partition2/metrics.json,772a4f288e444b8b609110b1f23aa68a59b87e867a48f75237c6d6c9aa2393e1,6b433dcc0c40a3d8c9a60a498ce25f95c8342f91d50f7887657c4d21e4602717,1754d228a3989e52684d6af90d9b71d6b8c4553973012134835ec3d505a3a666,bd2b47d43466d4d4ff035468a859e78ae6b8b9c4,exploratory,MOBIO,biohash,90583,90587,90593,30,random_key_pool_7,10,mean_mlp,227,0.45,0.7875,0.8831148227969348,0.18333333333333335,0.31666666666666665,0.10833333333333334,0.3,0.6041666666666666,55,False
results/mobio_dense_key_pool_sweep_partition2/metrics.json,772a4f288e444b8b609110b1f23aa68a59b87e867a48f75237c6d6c9aa2393e1,6b433dcc0c40a3d8c9a60a498ce25f95c8342f91d50f7887657c4d21e4602717,1754d228a3989e52684d6af90d9b71d6b8c4553973012134835ec3d505a3a666,bd2b47d43466d4d4ff035468a859e78ae6b8b9c4,exploratory,MOBIO,biohash,90583,90587,90593,30,random_key_pool_7,10,mean_mlp,237,0.14166666666666666,0.37916666666666665,0.6197850814176245,0.4083333333333333,0.05416666666666667,0.008333333333333333,0.041666666666666664,0.275,21,False
results/mobio_dense_key_pool_sweep_partition2/metrics.json,772a4f288e444b8b609110b1f23aa68a59b87e867a48f75237c6d6c9aa2393e1,6b433dcc0c40a3d8c9a60a498ce25f95c8342f91d50f7887657c4d21e4602717,1754d228a3989e52684d6af90d9b71d6b8c4553973012134835ec3d505a3a666,bd2b47d43466d4d4ff035468a859e78ae6b8b9c4,exploratory,MOBIO,biohash,90583,90587,90593,30,random_key_pool_8,1,single_mlp,217,0.041666666666666664,0.1625,0.5106842672413794,0.47464080459770114,0.0125,0.0,0.004166666666666667,0.09166666666666666,17,False
results/mobio_dense_key_pool_sweep_partition2/metrics.json,772a4f288e444b8b609110b1f23aa68a59b87e867a48f75237c6d6c9aa2393e1,6b433dcc0c40a3d8c9a60a498ce25f95c8342f91d50f7887657c4d21e4602717,1754d228a3989e52684d6af90d9b71d6b8c4553973012134835ec3d505a3a666,bd2b47d43466d4d4ff035468a859e78ae6b8b9c4,exploratory,MOBIO,biohash,90583,90587,90593,30,random_key_pool_8,1,single_mlp,227,0.025,0.13333333333333333,0.5053154932950191,0.5112068965517241,0.004166666666666667,0.0,0.0,0.058333333333333334,13,False
results/mobio_dense_key_pool_sweep_partition2/metrics.json,772a4f288e444b8b609110b1f23aa68a59b87e867a48f75237c6d6c9aa2393e1,6b433dcc0c40a3d8c9a60a498ce25f95c8342f91d50f7887657c4d21e4602717,1754d228a3989e52684d6af90d9b71d6b8c4553973012134835ec3d505a3a666,bd2b47d43466d4d4ff035468a859e78ae6b8b9c4,exploratory,MOBIO,biohash,90583,90587,90593,30,random_key_pool_8,1,single_mlp,237,0.029166666666666667,0.19166666666666668,0.5187667624521073,0.4940373563218391,0.004166666666666667,0.0,0.004166666666666667,0.06666666666666667,16,False
results/mobio_dense_key_pool_sweep_partition2/metrics.json,772a4f288e444b8b609110b1f23aa68a59b87e867a48f75237c6d6c9aa2393e1,6b433dcc0c40a3d8c9a60a498ce25f95c8342f91d50f7887657c4d21e4602717,1754d228a3989e52684d6af90d9b71d6b8c4553973012134835ec3d505a3a666,bd2b47d43466d4d4ff035468a859e78ae6b8b9c4,exploratory,MOBIO,biohash,90583,90587,90593,30,random_key_pool_8,10,mean_mlp,217,0.07083333333333333,0.25416666666666665,0.5608369252873564,0.46716954022988505,0.03333333333333333,0.0,0.004166666666666667,0.1625,24,False
results/mobio_dense_key_pool_sweep_partition2/metrics.json,772a4f288e444b8b609110b1f23aa68a59b87e867a48f75237c6d6c9aa2393e1,6b433dcc0c40a3d8c9a60a498ce25f95c8342f91d50f7887657c4d21e4602717,1754d228a3989e52684d6af90d9b71d6b8c4553973012134835ec3d505a3a666,bd2b47d43466d4d4ff035468a859e78ae6b8b9c4,exploratory,MOBIO,biohash,90583,90587,90593,30,random_key_pool_8,10,mean_mlp,227,0.30416666666666664,0.725,0.8831453544061303,0.22334770114942526,0.21666666666666667,0.075,0.1625,0.4583333333333333,397,False
results/mobio_dense_key_pool_sweep_partition2/metrics.json,772a4f288e444b8b609110b1f23aa68a59b87e867a48f75237c6d6c9aa2393e1,6b433dcc0c40a3d8c9a60a498ce25f95c8342f91d50f7887657c4d21e4602717,1754d228a3989e52684d6af90d9b71d6b8c4553973012134835ec3d505a3a666,bd2b47d43466d4d4ff035468a859e78ae6b8b9c4,exploratory,MOBIO,biohash,90583,90587,90593,30,random_key_pool_8,10,mean_mlp,237,0.05,0.23333333333333334,0.5315912356321839,0.46673850574712644,0.03333333333333333,0.0,0.0,0.13333333333333333,13,False
results/mobio_dense_key_pool_sweep_partition2/metrics.json,772a4f288e444b8b609110b1f23aa68a59b87e867a48f75237c6d6c9aa2393e1,6b433dcc0c40a3d8c9a60a498ce25f95c8342f91d50f7887657c4d21e4602717,1754d228a3989e52684d6af90d9b71d6b8c4553973012134835ec3d505a3a666,bd2b47d43466d4d4ff035468a859e78ae6b8b9c4,exploratory,MOBIO,biohash,90583,90587,90593,30,random_key_pool_9,1,single_mlp,217,0.016666666666666666,0.19166666666666668,0.5075999760536398,0.49626436781609196,0.008333333333333333,0.0,0.0,0.04583333333333333,17,False
results/mobio_dense_key_pool_sweep_partition2/metrics.json,772a4f288e444b8b609110b1f23aa68a59b87e867a48f75237c6d6c9aa2393e1,6b433dcc0c40a3d8c9a60a498ce25f95c8342f91d50f7887657c4d21e4602717,1754d228a3989e52684d6af90d9b71d6b8c4553973012134835ec3d505a3a666,bd2b47d43466d4d4ff035468a859e78ae6b8b9c4,exploratory,MOBIO,biohash,90583,90587,90593,30,random_key_pool_9,1,single_mlp,227,0.020833333333333332,0.1875,0.5189900622605363,0.4925287356321839,0.0,0.0,0.0,0.05,17,False
results/mobio_dense_key_pool_sweep_partition2/metrics.json,772a4f288e444b8b609110b1f23aa68a59b87e867a48f75237c6d6c9aa2393e1,6b433dcc0c40a3d8c9a60a498ce25f95c8342f91d50f7887657c4d21e4602717,1754d228a3989e52684d6af90d9b71d6b8c4553973012134835ec3d505a3a666,bd2b47d43466d4d4ff035468a859e78ae6b8b9c4,exploratory,MOBIO,biohash,90583,90587,90593,30,random_key_pool_9,1,single_mlp,237,0.0375,0.175,0.5093037595785441,0.5041666666666667,0.025,0.008333333333333333,0.008333333333333333,0.075,16,False
results/mobio_dense_key_pool_sweep_partition2/metrics.json,772a4f288e444b8b609110b1f23aa68a59b87e867a48f75237c6d6c9aa2393e1,6b433dcc0c40a3d8c9a60a498ce25f95c8342f91d50f7887657c4d21e4602717,1754d228a3989e52684d6af90d9b71d6b8c4553973012134835ec3d505a3a666,bd2b47d43466d4d4ff035468a859e78ae6b8b9c4,exploratory,MOBIO,biohash,90583,90587,90593,30,random_key_pool_9,10,mean_mlp,217,0.008333333333333333,0.25416666666666665,0.5565295737547893,0.4188218390804598,0.0,0.0,0.0,0.020833333333333332,24,False
results/mobio_dense_key_pool_sweep_partition2/metrics.json,772a4f288e444b8b609110b1f23aa68a59b87e867a48f75237c6d6c9aa2393e1,6b433dcc0c40a3d8c9a60a498ce25f95c8342f91d50f7887657c4d21e4602717,1754d228a3989e52684d6af90d9b71d6b8c4553973012134835ec3d505a3a666,bd2b47d43466d4d4ff035468a859e78ae6b8b9c4,exploratory,MOBIO,biohash,90583,90587,90593,30,random_key_pool_9,10,mean_mlp,227,0.1,0.225,0.5693720067049808,0.46673850574712644,0.06666666666666667,0.020833333333333332,0.0,0.23333333333333334,20,False
results/mobio_dense_key_pool_sweep_partition2/metrics.json,772a4f288e444b8b609110b1f23aa68a59b87e867a48f75237c6d6c9aa2393e1,6b433dcc0c40a3d8c9a60a498ce25f95c8342f91d50f7887657c4d21e4602717,1754d228a3989e52684d6af90d9b71d6b8c4553973012134835ec3d505a3a666,bd2b47d43466d4d4ff035468a859e78ae6b8b9c4,exploratory,MOBIO,biohash,90583,90587,90593,30,random_key_pool_9,10,mean_mlp,237,0.08333333333333333,0.2625,0.5522252155172414,0.44992816091954024,0.025,0.008333333333333333,0.0,0.18333333333333332,18,False
results/mobio_dense_key_pool_sweep_partition2/metrics.json,772a4f288e444b8b609110b1f23aa68a59b87e867a48f75237c6d6c9aa2393e1,6b433dcc0c40a3d8c9a60a498ce25f95c8342f91d50f7887657c4d21e4602717,1754d228a3989e52684d6af90d9b71d6b8c4553973012134835ec3d505a3a666,bd2b47d43466d4d4ff035468a859e78ae6b8b9c4,exploratory,MOBIO,biohash,90583,90587,90593,30,independent_unseen_keys,1,single_mlp,217,0.025,0.18333333333333332,0.49189655172413793,0.5125,0.004166666666666667,0.0,0.0,0.058333333333333334,14,False
results/mobio_dense_key_pool_sweep_partition2/metrics.json,772a4f288e444b8b609110b1f23aa68a59b87e867a48f75237c6d6c9aa2393e1,6b433dcc0c40a3d8c9a60a498ce25f95c8342f91d50f7887657c4d21e4602717,1754d228a3989e52684d6af90d9b71d6b8c4553973012134835ec3d505a3a666,bd2b47d43466d4d4ff035468a859e78ae6b8b9c4,exploratory,MOBIO,biohash,90583,90587,90593,30,independent_unseen_keys,1,single_mlp,227,0.020833333333333332,0.16666666666666666,0.49864284003831416,0.5043103448275862,0.0,0.0,0.0,0.05,13,False
results/mobio_dense_key_pool_sweep_partition2/metrics.json,772a4f288e444b8b609110b1f23aa68a59b87e867a48f75237c6d6c9aa2393e1,6b433dcc0c40a3d8c9a60a498ce25f95c8342f91d50f7887657c4d21e4602717,1754d228a3989e52684d6af90d9b71d6b8c4553973012134835ec3d505a3a666,bd2b47d43466d4d4ff035468a859e78ae6b8b9c4,exploratory,MOBIO,biohash,90583,90587,90593,30,independent_unseen_keys,1,single_mlp,237,0.025,0.19166666666666668,0.5052741858237548,0.48757183908045976,0.008333333333333333,0.0,0.0,0.058333333333333334,15,False
results/mobio_dense_key_pool_sweep_partition2/metrics.json,772a4f288e444b8b609110b1f23aa68a59b87e867a48f75237c6d6c9aa2393e1,6b433dcc0c40a3d8c9a60a498ce25f95c8342f91d50f7887657c4d21e4602717,1754d228a3989e52684d6af90d9b71d6b8c4553973012134835ec3d505a3a666,bd2b47d43466d4d4ff035468a859e78ae6b8b9c4,exploratory,MOBIO,biohash,90583,90587,90593,30,independent_unseen_keys,10,mean_mlp,217,0.0125,0.14166666666666666,0.49555615421455945,0.5124281609195402,0.0,0.0,0.0,0.03333333333333333,22,False
results/mobio_dense_key_pool_sweep_partition2/metrics.json,772a4f288e444b8b609110b1f23aa68a59b87e867a48f75237c6d6c9aa2393e1,6b433dcc0c40a3d8c9a60a498ce25f95c8342f91d50f7887657c4d21e4602717,1754d228a3989e52684d6af90d9b71d6b8c4553973012134835ec3d505a3a666,bd2b47d43466d4d4ff035468a859e78ae6b8b9c4,exploratory,MOBIO,biohash,90583,90587,90593,30,independent_unseen_keys,10,mean_mlp,227,0.0,0.14166666666666666,0.4894618055555555,0.5161637931034482,0.0,0.0,0.0,0.0,20,False
results/mobio_dense_key_pool_sweep_partition2/metrics.json,772a4f288e444b8b609110b1f23aa68a59b87e867a48f75237c6d6c9aa2393e1,6b433dcc0c40a3d8c9a60a498ce25f95c8342f91d50f7887657c4d21e4602717,1754d228a3989e52684d6af90d9b71d6b8c4553973012134835ec3d505a3a666,bd2b47d43466d4d4ff035468a859e78ae6b8b9c4,exploratory,MOBIO,biohash,90583,90587,90593,30,independent_unseen_keys,10,mean_mlp,237,0.03333333333333333,0.125,0.5032758620689656,0.4959051724137931,0.025,0.0,0.0,0.1,11,False
results/mobio_dense_key_pool_sweep_partition3/metrics.json,2c5ef1e13b0f82c88622f90f0acf5cb97a7996652504c00aea13fab25236f595,ba9e65a7066354513689ab5628e57f64e892612fde4eab84d11601c46b9d43a5,1754d228a3989e52684d6af90d9b71d6b8c4553973012134835ec3d505a3a666,bd2b47d43466d4d4ff035468a859e78ae6b8b9c4,exploratory,MOBIO,biohash,90599,90617,90619,30,random_key_pool_3,1,single_mlp,247,0.058333333333333334,0.22083333333333333,0.6056393678160918,0.41257183908045975,0.020833333333333332,0.0,0.0,0.13333333333333333,19,False
results/mobio_dense_key_pool_sweep_partition3/metrics.json,2c5ef1e13b0f82c88622f90f0acf5cb97a7996652504c00aea13fab25236f595,ba9e65a7066354513689ab5628e57f64e892612fde4eab84d11601c46b9d43a5,1754d228a3989e52684d6af90d9b71d6b8c4553973012134835ec3d505a3a666,bd2b47d43466d4d4ff035468a859e78ae6b8b9c4,exploratory,MOBIO,biohash,90599,90617,90619,30,random_key_pool_3,1,single_mlp,257,0.07083333333333333,0.2375,0.619694683908046,0.41257183908045975,0.04583333333333333,0.008333333333333333,0.008333333333333333,0.15416666666666667,19,False
results/mobio_dense_key_pool_sweep_partition3/metrics.json,2c5ef1e13b0f82c88622f90f0acf5cb97a7996652504c00aea13fab25236f595,ba9e65a7066354513689ab5628e57f64e892612fde4eab84d11601c46b9d43a5,1754d228a3989e52684d6af90d9b71d6b8c4553973012134835ec3d505a3a666,bd2b47d43466d4d4ff035468a859e78ae6b8b9c4,exploratory,MOBIO,biohash,90599,90617,90619,30,random_key_pool_3,1,single_mlp,267,0.04583333333333333,0.2125,0.5873772749042145,0.44102011494252874,0.0125,0.0,0.0,0.10416666666666667,19,False
results/mobio_dense_key_pool_sweep_partition3/metrics.json,2c5ef1e13b0f82c88622f90f0acf5cb97a7996652504c00aea13fab25236f595,ba9e65a7066354513689ab5628e57f64e892612fde4eab84d11601c46b9d43a5,1754d228a3989e52684d6af90d9b71d6b8c4553973012134835ec3d505a3a666,bd2b47d43466d4d4ff035468a859e78ae6b8b9c4,exploratory,MOBIO,biohash,90599,90617,90619,30,random_key_pool_3,10,mean_mlp,247,0.49166666666666664,0.8125,0.9183836206896552,0.15416666666666667,0.32083333333333336,0.18333333333333332,0.3375,0.6625,61,False
results/mobio_dense_key_pool_sweep_partition3/metrics.json,2c5ef1e13b0f82c88622f90f0acf5cb97a7996652504c00aea13fab25236f595,ba9e65a7066354513689ab5628e57f64e892612fde4eab84d11601c46b9d43a5,1754d228a3989e52684d6af90d9b71d6b8c4553973012134835ec3d505a3a666,bd2b47d43466d4d4ff035468a859e78ae6b8b9c4,exploratory,MOBIO,biohash,90599,90617,90619,30,random_key_pool_3,10,mean_mlp,257,0.5291666666666667,0.85,0.9426077586206897,0.12916666666666665,0.3625,0.21666666666666667,0.3541666666666667,0.6916666666666667,57,False
results/mobio_dense_key_pool_sweep_partition3/metrics.json,2c5ef1e13b0f82c88622f90f0acf5cb97a7996652504c00aea13fab25236f595,ba9e65a7066354513689ab5628e57f64e892612fde4eab84d11601c46b9d43a5,1754d228a3989e52684d6af90d9b71d6b8c4553973012134835ec3d505a3a666,bd2b47d43466d4d4ff035468a859e78ae6b8b9c4,exploratory,MOBIO,biohash,90599,90617,90619,30,random_key_pool_3,10,mean_mlp,267,0.6708333333333333,0.8833333333333333,0.9474784482758621,0.12169540229885059,0.5583333333333333,0.1875,0.5165625000000003,0.8292708333333328,399,False
results/mobio_dense_key_pool_sweep_partition3/metrics.json,2c5ef1e13b0f82c88622f90f0acf5cb97a7996652504c00aea13fab25236f595,ba9e65a7066354513689ab5628e57f64e892612fde4eab84d11601c46b9d43a5,1754d228a3989e52684d6af90d9b71d6b8c4553973012134835ec3d505a3a666,bd2b47d43466d4d4ff035468a859e78ae6b8b9c4,exploratory,MOBIO,biohash,90599,90617,90619,30,random_key_pool_4,1,single_mlp,247,0.05416666666666667,0.21666666666666667,0.5844701867816092,0.4247844827586207,0.0125,0.008333333333333333,0.0,0.125,18,False
results/mobio_dense_key_pool_sweep_partition3/metrics.json,2c5ef1e13b0f82c88622f90f0acf5cb97a7996652504c00aea13fab25236f595,ba9e65a7066354513689ab5628e57f64e892612fde4eab84d11601c46b9d43a5,1754d228a3989e52684d6af90d9b71d6b8c4553973012134835ec3d505a3a666,bd2b47d43466d4d4ff035468a859e78ae6b8b9c4,exploratory,MOBIO,biohash,90599,90617,90619,30,random_key_pool_4,1,single_mlp,257,0.05416666666666667,0.25833333333333336,0.5863020833333333,0.4277298850574713,0.041666666666666664,0.008333333333333333,0.0,0.12093749999999943,19,False
results/mobio_dense_key_pool_sweep_partition3/metrics.json,2c5ef1e13b0f82c88622f90f0acf5cb97a7996652504c00aea13fab25236f595,ba9e65a7066354513689ab5628e57f64e892612fde4eab84d11601c46b9d43a5,1754d228a3989e52684d6af90d9b71d6b8c4553973012134835ec3d505a3a666,bd2b47d43466d4d4ff035468a859e78ae6b8b9c4,exploratory,MOBIO,biohash,90599,90617,90619,30,random_key_pool_4,1,single_mlp,267,0.05416666666666667,0.21666666666666667,0.5754328304597701,0.4541666666666667,0.025,0.008333333333333333,0.004166666666666667,0.11666666666666667,20,False
results/mobio_dense_key_pool_sweep_partition3/metrics.json,2c5ef1e13b0f82c88622f90f0acf5cb97a7996652504c00aea13fab25236f595,ba9e65a7066354513689ab5628e57f64e892612fde4eab84d11601c46b9d43a5,1754d228a3989e52684d6af90d9b71d6b8c4553973012134835ec3d505a3a666,bd2b47d43466d4d4ff035468a859e78ae6b8b9c4,exploratory,MOBIO,biohash,90599,90617,90619,30,random_key_pool_4,10,mean_mlp,247,0.5208333333333334,0.9291666666666667,0.9604747365900383,0.11163793103448277,0.45416666666666666,0.10833333333333334,0.3665625000000002,0.6792708333333328,400,False
results/mobio_dense_key_pool_sweep_partition3/metrics.json,2c5ef1e13b0f82c88622f90f0acf5cb97a7996652504c00aea13fab25236f595,ba9e65a7066354513689ab5628e57f64e892612fde4eab84d11601c46b9d43a5,1754d228a3989e52684d6af90d9b71d6b8c4553973012134835ec3d505a3a666,bd2b47d43466d4d4ff035468a859e78ae6b8b9c4,exploratory,MOBIO,biohash,90599,90617,90619,30,random_key_pool_4,10,mean_mlp,257,0.5083333333333333,0.875,0.9452173132183908,0.10862068965517238,0.3375,0.15833333333333333,0.35,0.6625,63,False
results/mobio_dense_key_pool_sweep_partition3/metrics.json,2c5ef1e13b0f82c88622f90f0acf5cb97a7996652504c00aea13fab25236f595,ba9e65a7066354513689ab5628e57f64e892612fde4eab84d11601c46b9d43a5,1754d228a3989e52684d6af90d9b71d6b8c4553973012134835ec3d505a3a666,bd2b47d43466d4d4ff035468a859e78ae6b8b9c4,exploratory,MOBIO,biohash,90599,90617,90619,30,random_key_pool_4,10,mean_mlp,267,0.5291666666666667,0.8458333333333333,0.9300880028735632,0.13721264367816088,0.425,0.17083333333333334,0.3625,0.6916666666666667,53,False
results/mobio_dense_key_pool_sweep_partition3/metrics.json,2c5ef1e13b0f82c88622f90f0acf5cb97a7996652504c00aea13fab25236f595,ba9e65a7066354513689ab5628e57f64e892612fde4eab84d11601c46b9d43a5,1754d228a3989e52684d6af90d9b71d6b8c4553973012134835ec3d505a3a666,bd2b47d43466d4d4ff035468a859e78ae6b8b9c4,exploratory,MOBIO,biohash,90599,90617,90619,30,random_key_pool_5,1,single_mlp,247,0.025,0.19583333333333333,0.5711003352490421,0.44252873563218387,0.016666666666666666,0.0,0.004166666666666667,0.05416666666666667,19,False
results/mobio_dense_key_pool_sweep_partition3/metrics.json,2c5ef1e13b0f82c88622f90f0acf5cb97a7996652504c00aea13fab25236f595,ba9e65a7066354513689ab5628e57f64e892612fde4eab84d11601c46b9d43a5,1754d228a3989e52684d6af90d9b71d6b8c4553973012134835ec3d505a3a666,bd2b47d43466d4d4ff035468a859e78ae6b8b9c4,exploratory,MOBIO,biohash,90599,90617,90619,30,random_key_pool_5,1,single_mlp,257,0.06666666666666667,0.225,0.5479202586206897,0.4548850574712644,0.05,0.008333333333333333,0.0125,0.14166666666666666,17,False
results/mobio_dense_key_pool_sweep_partition3/metrics.json,2c5ef1e13b0f82c88622f90f0acf5cb97a7996652504c00aea13fab25236f595,ba9e65a7066354513689ab5628e57f64e892612fde4eab84d11601c46b9d43a5,1754d228a3989e52684d6af90d9b71d6b8c4553973012134835ec3d505a3a666,bd2b47d43466d4d4ff035468a859e78ae6b8b9c4,exploratory,MOBIO,biohash,90599,90617,90619,30,random_key_pool_5,1,single_mlp,267,0.05416666666666667,0.1875,0.5377143199233716,0.46673850574712644,0.025,0.0,0.0,0.12083333333333333,17,False
results/mobio_dense_key_pool_sweep_partition3/metrics.json,2c5ef1e13b0f82c88622f90f0acf5cb97a7996652504c00aea13fab25236f595,ba9e65a7066354513689ab5628e57f64e892612fde4eab84d11601c46b9d43a5,1754d228a3989e52684d6af90d9b71d6b8c4553973012134835ec3d505a3a666,bd2b47d43466d4d4ff035468a859e78ae6b8b9c4,exploratory,MOBIO,biohash,90599,90617,90619,30,random_key_pool_5,10,mean_mlp,247,0.04583333333333333,0.21666666666666667,0.665539990421456,0.35826149425287357,0.008333333333333333,0.0,0.0,0.10833333333333334,20,False
results/mobio_dense_key_pool_sweep_partition3/metrics.json,2c5ef1e13b0f82c88622f90f0acf5cb97a7996652504c00aea13fab25236f595,ba9e65a7066354513689ab5628e57f64e892612fde4eab84d11601c46b9d43a5,1754d228a3989e52684d6af90d9b71d6b8c4553973012134835ec3d505a3a666,bd2b47d43466d4d4ff035468a859e78ae6b8b9c4,exploratory,MOBIO,biohash,90599,90617,90619,30,random_key_pool_5,10,mean_mlp,257,0.1,0.25833333333333336,0.6120438218390805,0.42341954022988504,0.041666666666666664,0.03333333333333333,0.008333333333333333,0.20833333333333334,19,False
results/mobio_dense_key_pool_sweep_partition3/metrics.json,2c5ef1e13b0f82c88622f90f0acf5cb97a7996652504c00aea13fab25236f595,ba9e65a7066354513689ab5628e57f64e892612fde4eab84d11601c46b9d43a5,1754d228a3989e52684d6af90d9b71d6b8c4553973012134835ec3d505a3a666,bd2b47d43466d4d4ff035468a859e78ae6b8b9c4,exploratory,MOBIO,biohash,90599,90617,90619,30,random_key_pool_5,10,mean_mlp,267,0.09583333333333334,0.22083333333333333,0.6311236829501916,0.3788793103448276,0.03333333333333333,0.020833333333333332,0.0,0.2,20,False
results/mobio_dense_key_pool_sweep_partition3/metrics.json,2c5ef1e13b0f82c88622f90f0acf5cb97a7996652504c00aea13fab25236f595,ba9e65a7066354513689ab5628e57f64e892612fde4eab84d11601c46b9d43a5,1754d228a3989e52684d6af90d9b71d6b8c4553973012134835ec3d505a3a666,bd2b47d43466d4d4ff035468a859e78ae6b8b9c4,exploratory,MOBIO,biohash,90599,90617,90619,30,random_key_pool_6,1,single_mlp,247,0.0375,0.18333333333333332,0.5467211446360153,0.45862068965517244,0.0125,0.0,0.0,0.0875,16,False
results/mobio_dense_key_pool_sweep_partition3/metrics.json,2c5ef1e13b0f82c88622f90f0acf5cb97a7996652504c00aea13fab25236f595,ba9e65a7066354513689ab5628e57f64e892612fde4eab84d11601c46b9d43a5,1754d228a3989e52684d6af90d9b71d6b8c4553973012134835ec3d505a3a666,bd2b47d43466d4d4ff035468a859e78ae6b8b9c4,exploratory,MOBIO,biohash,90599,90617,90619,30,random_key_pool_6,1,single_mlp,257,0.0625,0.22916666666666666,0.5561147030651341,0.46242816091954025,0.029166666666666667,0.008333333333333333,0.008333333333333333,0.13333333333333333,19,False
results/mobio_dense_key_pool_sweep_partition3/metrics.json,2c5ef1e13b0f82c88622f90f0acf5cb97a7996652504c00aea13fab25236f595,ba9e65a7066354513689ab5628e57f64e892612fde4eab84d11601c46b9d43a5,1754d228a3989e52684d6af90d9b71d6b8c4553973012134835ec3d505a3a666,bd2b47d43466d4d4ff035468a859e78ae6b8b9c4,exploratory,MOBIO,biohash,90599,90617,90619,30,random_key_pool_6,1,single_mlp,267,0.0375,0.14166666666666666,0.5342594588122606,0.46077586206896554,0.0,0.0,0.0,0.09166666666666666,18,False
results/mobio_dense_key_pool_sweep_partition3/metrics.json,2c5ef1e13b0f82c88622f90f0acf5cb97a7996652504c00aea13fab25236f595,ba9e65a7066354513689ab5628e57f64e892612fde4eab84d11601c46b9d43a5,1754d228a3989e52684d6af90d9b71d6b8c4553973012134835ec3d505a3a666,bd2b47d43466d4d4ff035468a859e78ae6b8b9c4,exploratory,MOBIO,biohash,90599,90617,90619,30,random_key_pool_6,10,mean_mlp,247,0.1,0.275,0.6051083572796935,0.43757183908045977,0.06666666666666667,0.016666666666666666,0.0,0.2,18,False
results/mobio_dense_key_pool_sweep_partition3/metrics.json,2c5ef1e13b0f82c88622f90f0acf5cb97a7996652504c00aea13fab25236f595,ba9e65a7066354513689ab5628e57f64e892612fde4eab84d11601c46b9d43a5,1754d228a3989e52684d6af90d9b71d6b8c4553973012134835ec3d505a3a666,bd2b47d43466d4d4ff035468a859e78ae6b8b9c4,exploratory,MOBIO,biohash,90599,90617,90619,30,random_key_pool_6,10,mean_mlp,257,0.10416666666666667,0.2833333333333333,0.6261153017241379,0.4041666666666667,0.06666666666666667,0.06666666666666667,0.008333333333333333,0.23333333333333334,20,False
results/mobio_dense_key_pool_sweep_partition3/metrics.json,2c5ef1e13b0f82c88622f90f0acf5cb97a7996652504c00aea13fab25236f595,ba9e65a7066354513689ab5628e57f64e892612fde4eab84d11601c46b9d43a5,1754d228a3989e52684d6af90d9b71d6b8c4553973012134835ec3d505a3a666,bd2b47d43466d4d4ff035468a859e78ae6b8b9c4,exploratory,MOBIO,biohash,90599,90617,90619,30,random_key_pool_6,10,mean_mlp,267,0.05416666666666667,0.14583333333333334,0.5837978927203065,0.3916666666666667,0.029166666666666667,0.0,0.0,0.13333333333333333,20,False
results/mobio_dense_key_pool_sweep_partition3/metrics.json,2c5ef1e13b0f82c88622f90f0acf5cb97a7996652504c00aea13fab25236f595,ba9e65a7066354513689ab5628e57f64e892612fde4eab84d11601c46b9d43a5,1754d228a3989e52684d6af90d9b71d6b8c4553973012134835ec3d505a3a666,bd2b47d43466d4d4ff035468a859e78ae6b8b9c4,exploratory,MOBIO,biohash,90599,90617,90619,30,random_key_pool_7,1,single_mlp,247,0.06666666666666667,0.18333333333333332,0.5679741379310346,0.40955459770114944,0.016666666666666666,0.0,0.008333333333333333,0.14583333333333334,19,False
results/mobio_dense_key_pool_sweep_partition3/metrics.json,2c5ef1e13b0f82c88622f90f0acf5cb97a7996652504c00aea13fab25236f595,ba9e65a7066354513689ab5628e57f64e892612fde4eab84d11601c46b9d43a5,1754d228a3989e52684d6af90d9b71d6b8c4553973012134835ec3d505a3a666,bd2b47d43466d4d4ff035468a859e78ae6b8b9c4,exploratory,MOBIO,biohash,90599,90617,90619,30,random_key_pool_7,1,single_mlp,257,0.06666666666666667,0.24166666666666667,0.5539092432950192,0.4511494252873563,0.016666666666666666,0.008333333333333333,0.0125,0.14583333333333334,19,False
results/mobio_dense_key_pool_sweep_partition3/metrics.json,2c5ef1e13b0f82c88622f90f0acf5cb97a7996652504c00aea13fab25236f595,ba9e65a7066354513689ab5628e57f64e892612fde4eab84d11601c46b9d43a5,1754d228a3989e52684d6af90d9b71d6b8c4553973012134835ec3d505a3a666,bd2b47d43466d4d4ff035468a859e78ae6b8b9c4,exploratory,MOBIO,biohash,90599,90617,90619,30,random_key_pool_7,1,single_mlp,267,0.0375,0.21666666666666667,0.5471791187739463,0.46479885057471265,0.008333333333333333,0.0,0.0,0.08333333333333333,19,False
results/mobio_dense_key_pool_sweep_partition3/metrics.json,2c5ef1e13b0f82c88622f90f0acf5cb97a7996652504c00aea13fab25236f595,ba9e65a7066354513689ab5628e57f64e892612fde4eab84d11601c46b9d43a5,1754d228a3989e52684d6af90d9b71d6b8c4553973012134835ec3d505a3a666,bd2b47d43466d4d4ff035468a859e78ae6b8b9c4,exploratory,MOBIO,biohash,90599,90617,90619,30,random_key_pool_7,10,mean_mlp,247,0.09166666666666666,0.2625,0.61502813697318,0.42076149425287357,0.08333333333333333,0.0,0.0,0.2,20,False
results/mobio_dense_key_pool_sweep_partition3/metrics.json,2c5ef1e13b0f82c88622f90f0acf5cb97a7996652504c00aea13fab25236f595,ba9e65a7066354513689ab5628e57f64e892612fde4eab84d11601c46b9d43a5,1754d228a3989e52684d6af90d9b71d6b8c4553973012134835ec3d505a3a666,bd2b47d43466d4d4ff035468a859e78ae6b8b9c4,exploratory,MOBIO,biohash,90599,90617,90619,30,random_key_pool_7,10,mean_mlp,257,0.075,0.24583333333333332,0.5673090277777777,0.4666666666666667,0.05416666666666667,0.0,0.0,0.175,19,False
results/mobio_dense_key_pool_sweep_partition3/metrics.json,2c5ef1e13b0f82c88622f90f0acf5cb97a7996652504c00aea13fab25236f595,ba9e65a7066354513689ab5628e57f64e892612fde4eab84d11601c46b9d43a5,1754d228a3989e52684d6af90d9b71d6b8c4553973012134835ec3d505a3a666,bd2b47d43466d4d4ff035468a859e78ae6b8b9c4,exploratory,MOBIO,biohash,90599,90617,90619,30,random_key_pool_7,10,mean_mlp,267,0.1,0.29583333333333334,0.5984919779693487,0.4165229885057471,0.0125,0.0,0.008333333333333333,0.2125,21,False
results/mobio_dense_key_pool_sweep_partition3/metrics.json,2c5ef1e13b0f82c88622f90f0acf5cb97a7996652504c00aea13fab25236f595,ba9e65a7066354513689ab5628e57f64e892612fde4eab84d11601c46b9d43a5,1754d228a3989e52684d6af90d9b71d6b8c4553973012134835ec3d505a3a666,bd2b47d43466d4d4ff035468a859e78ae6b8b9c4,exploratory,MOBIO,biohash,90599,90617,90619,30,random_key_pool_8,1,single_mlp,247,0.0375,0.18333333333333332,0.5534494731800766,0.4375,0.008333333333333333,0.004166666666666667,0.0,0.08333333333333333,20,False
results/mobio_dense_key_pool_sweep_partition3/metrics.json,2c5ef1e13b0f82c88622f90f0acf5cb97a7996652504c00aea13fab25236f595,ba9e65a7066354513689ab5628e57f64e892612fde4eab84d11601c46b9d43a5,1754d228a3989e52684d6af90d9b71d6b8c4553973012134835ec3d505a3a666,bd2b47d43466d4d4ff035468a859e78ae6b8b9c4,exploratory,MOBIO,biohash,90599,90617,90619,30,random_key_pool_8,1,single_mlp,257,0.025,0.1875,0.5473287835249042,0.4665948275862069,0.0125,0.0,0.0,0.06666666666666667,19,False
results/mobio_dense_key_pool_sweep_partition3/metrics.json,2c5ef1e13b0f82c88622f90f0acf5cb97a7996652504c00aea13fab25236f595,ba9e65a7066354513689ab5628e57f64e892612fde4eab84d11601c46b9d43a5,1754d228a3989e52684d6af90d9b71d6b8c4553973012134835ec3d505a3a666,bd2b47d43466d4d4ff035468a859e78ae6b8b9c4,exploratory,MOBIO,biohash,90599,90617,90619,30,random_key_pool_8,1,single_mlp,267,0.029166666666666667,0.15833333333333333,0.5392899904214559,0.46185344827586206,0.004166666666666667,0.0,0.0,0.07083333333333333,19,False
results/mobio_dense_key_pool_sweep_partition3/metrics.json,2c5ef1e13b0f82c88622f90f0acf5cb97a7996652504c00aea13fab25236f595,ba9e65a7066354513689ab5628e57f64e892612fde4eab84d11601c46b9d43a5,1754d228a3989e52684d6af90d9b71d6b8c4553973012134835ec3d505a3a666,bd2b47d43466d4d4ff035468a859e78ae6b8b9c4,exploratory,MOBIO,biohash,90599,90617,90619,30,random_key_pool_8,10,mean_mlp,247,0.016666666666666666,0.32916666666666666,0.6184794061302682,0.38318965517241377,0.020833333333333332,0.0,0.0,0.04583333333333333,21,False
results/mobio_dense_key_pool_sweep_partition3/metrics.json,2c5ef1e13b0f82c88622f90f0acf5cb97a7996652504c00aea13fab25236f595,ba9e65a7066354513689ab5628e57f64e892612fde4eab84d11601c46b9d43a5,1754d228a3989e52684d6af90d9b71d6b8c4553973012134835ec3d505a3a666,bd2b47d43466d4d4ff035468a859e78ae6b8b9c4,exploratory,MOBIO,biohash,90599,90617,90619,30,random_key_pool_8,10,mean_mlp,257,0.06666666666666667,0.37916666666666665,0.639122964559387,0.4040948275862069,0.03333333333333333,0.03333333333333333,0.0,0.15833333333333333,24,False
results/mobio_dense_key_pool_sweep_partition3/metrics.json,2c5ef1e13b0f82c88622f90f0acf5cb97a7996652504c00aea13fab25236f595,ba9e65a7066354513689ab5628e57f64e892612fde4eab84d11601c46b9d43a5,1754d228a3989e52684d6af90d9b71d6b8c4553973012134835ec3d505a3a666,bd2b47d43466d4d4ff035468a859e78ae6b8b9c4,exploratory,MOBIO,biohash,90599,90617,90619,30,random_key_pool_8,10,mean_mlp,267,0.03333333333333333,0.2791666666666667,0.6203987068965517,0.4000718390804598,0.0,0.0,0.0,0.1,22,False
results/mobio_dense_key_pool_sweep_partition3/metrics.json,2c5ef1e13b0f82c88622f90f0acf5cb97a7996652504c00aea13fab25236f595,ba9e65a7066354513689ab5628e57f64e892612fde4eab84d11601c46b9d43a5,1754d228a3989e52684d6af90d9b71d6b8c4553973012134835ec3d505a3a666,bd2b47d43466d4d4ff035468a859e78ae6b8b9c4,exploratory,MOBIO,biohash,90599,90617,90619,30,random_key_pool_9,1,single_mlp,247,0.058333333333333334,0.15416666666666667,0.5233620689655172,0.5008620689655172,0.0125,0.0,0.0,0.15,20,False
results/mobio_dense_key_pool_sweep_partition3/metrics.json,2c5ef1e13b0f82c88622f90f0acf5cb97a7996652504c00aea13fab25236f595,ba9e65a7066354513689ab5628e57f64e892612fde4eab84d11601c46b9d43a5,1754d228a3989e52684d6af90d9b71d6b8c4553973012134835ec3d505a3a666,bd2b47d43466d4d4ff035468a859e78ae6b8b9c4,exploratory,MOBIO,biohash,90599,90617,90619,30,random_key_pool_9,1,single_mlp,257,0.0625,0.20416666666666666,0.5318031609195402,0.47097701149425286,0.008333333333333333,0.0,0.008333333333333333,0.1375,19,False
results/mobio_dense_key_pool_sweep_partition3/metrics.json,2c5ef1e13b0f82c88622f90f0acf5cb97a7996652504c00aea13fab25236f595,ba9e65a7066354513689ab5628e57f64e892612fde4eab84d11601c46b9d43a5,1754d228a3989e52684d6af90d9b71d6b8c4553973012134835ec3d505a3a666,bd2b47d43466d4d4ff035468a859e78ae6b8b9c4,exploratory,MOBIO,biohash,90599,90617,90619,30,random_key_pool_9,1,single_mlp,267,0.020833333333333332,0.19166666666666668,0.5218983477011494,0.4915948275862069,0.0,0.0,0.0,0.05,19,False
results/mobio_dense_key_pool_sweep_partition3/metrics.json,2c5ef1e13b0f82c88622f90f0acf5cb97a7996652504c00aea13fab25236f595,ba9e65a7066354513689ab5628e57f64e892612fde4eab84d11601c46b9d43a5,1754d228a3989e52684d6af90d9b71d6b8c4553973012134835ec3d505a3a666,bd2b47d43466d4d4ff035468a859e78ae6b8b9c4,exploratory,MOBIO,biohash,90599,90617,90619,30,random_key_pool_9,10,mean_mlp,247,0.06666666666666667,0.22916666666666666,0.5979489942528735,0.4045258620689655,0.029166666666666667,0.0,0.0,0.16666666666666666,21,False
results/mobio_dense_key_pool_sweep_partition3/metrics.json,2c5ef1e13b0f82c88622f90f0acf5cb97a7996652504c00aea13fab25236f595,ba9e65a7066354513689ab5628e57f64e892612fde4eab84d11601c46b9d43a5,1754d228a3989e52684d6af90d9b71d6b8c4553973012134835ec3d505a3a666,bd2b47d43466d4d4ff035468a859e78ae6b8b9c4,exploratory,MOBIO,biohash,90599,90617,90619,30,random_key_pool_9,10,mean_mlp,257,0.1,0.24166666666666667,0.5772898706896552,0.4334051724137931,0.06666666666666667,0.008333333333333333,0.0125,0.20833333333333334,22,False
results/mobio_dense_key_pool_sweep_partition3/metrics.json,2c5ef1e13b0f82c88622f90f0acf5cb97a7996652504c00aea13fab25236f595,ba9e65a7066354513689ab5628e57f64e892612fde4eab84d11601c46b9d43a5,1754d228a3989e52684d6af90d9b71d6b8c4553973012134835ec3d505a3a666,bd2b47d43466d4d4ff035468a859e78ae6b8b9c4,exploratory,MOBIO,biohash,90599,90617,90619,30,random_key_pool_9,10,mean_mlp,267,0.03333333333333333,0.23333333333333334,0.5463308189655172,0.4749281609195402,0.0,0.0,0.0,0.1,20,False
results/mobio_dense_key_pool_sweep_partition3/metrics.json,2c5ef1e13b0f82c88622f90f0acf5cb97a7996652504c00aea13fab25236f595,ba9e65a7066354513689ab5628e57f64e892612fde4eab84d11601c46b9d43a5,1754d228a3989e52684d6af90d9b71d6b8c4553973012134835ec3d505a3a666,bd2b47d43466d4d4ff035468a859e78ae6b8b9c4,exploratory,MOBIO,biohash,90599,90617,90619,30,independent_unseen_keys,1,single_mlp,247,0.0625,0.14583333333333334,0.48333273467432947,0.5165229885057471,0.025,0.008333333333333333,0.0,0.14583333333333334,16,False
results/mobio_dense_key_pool_sweep_partition3/metrics.json,2c5ef1e13b0f82c88622f90f0acf5cb97a7996652504c00aea13fab25236f595,ba9e65a7066354513689ab5628e57f64e892612fde4eab84d11601c46b9d43a5,1754d228a3989e52684d6af90d9b71d6b8c4553973012134835ec3d505a3a666,bd2b47d43466d4d4ff035468a859e78ae6b8b9c4,exploratory,MOBIO,biohash,90599,90617,90619,30,independent_unseen_keys,1,single_mlp,257,0.03333333333333333,0.16666666666666666,0.49564116379310347,0.5039511494252873,0.0,0.0,0.0,0.0875,18,False
results/mobio_dense_key_pool_sweep_partition3/metrics.json,2c5ef1e13b0f82c88622f90f0acf5cb97a7996652504c00aea13fab25236f595,ba9e65a7066354513689ab5628e57f64e892612fde4eab84d11601c46b9d43a5,1754d228a3989e52684d6af90d9b71d6b8c4553973012134835ec3d505a3a666,bd2b47d43466d4d4ff035468a859e78ae6b8b9c4,exploratory,MOBIO,biohash,90599,90617,90619,30,independent_unseen_keys,1,single_mlp,267,0.016666666666666666,0.175,0.5004376197318008,0.4956896551724138,0.0125,0.004166666666666667,0.0,0.041666666666666664,14,False
results/mobio_dense_key_pool_sweep_partition3/metrics.json,2c5ef1e13b0f82c88622f90f0acf5cb97a7996652504c00aea13fab25236f595,ba9e65a7066354513689ab5628e57f64e892612fde4eab84d11601c46b9d43a5,1754d228a3989e52684d6af90d9b71d6b8c4553973012134835ec3d505a3a666,bd2b47d43466d4d4ff035468a859e78ae6b8b9c4,exploratory,MOBIO,biohash,90599,90617,90619,30,independent_unseen_keys,10,mean_mlp,247,0.1,0.16666666666666666,0.490727969348659,0.5165948275862069,0.0625,0.020833333333333332,0.0,0.2,21,False
results/mobio_dense_key_pool_sweep_partition3/metrics.json,2c5ef1e13b0f82c88622f90f0acf5cb97a7996652504c00aea13fab25236f595,ba9e65a7066354513689ab5628e57f64e892612fde4eab84d11601c46b9d43a5,1754d228a3989e52684d6af90d9b71d6b8c4553973012134835ec3d505a3a666,bd2b47d43466d4d4ff035468a859e78ae6b8b9c4,exploratory,MOBIO,biohash,90599,90617,90619,30,independent_unseen_keys,10,mean_mlp,257,0.0,0.175,0.5116517001915708,0.4916666666666667,0.0,0.0,0.0,0.0,22,False
results/mobio_dense_key_pool_sweep_partition3/metrics.json,2c5ef1e13b0f82c88622f90f0acf5cb97a7996652504c00aea13fab25236f595,ba9e65a7066354513689ab5628e57f64e892612fde4eab84d11601c46b9d43a5,1754d228a3989e52684d6af90d9b71d6b8c4553973012134835ec3d505a3a666,bd2b47d43466d4d4ff035468a859e78ae6b8b9c4,exploratory,MOBIO,biohash,90599,90617,90619,30,independent_unseen_keys,10,mean_mlp,267,0.03333333333333333,0.175,0.5103723659003832,0.5,0.016666666666666666,0.0,0.0,0.1,14,False
results/mobio_haar_corrected_key_pool/metrics.json,47ccb4d1992566b0b59ae578abc2ceadadd666023affe8612cea974b3968d898,d8d7ac042db1473bc321036dfea41b28ee68ce9795ecc7ceb726df2cde0b4a9a,1754d228a3989e52684d6af90d9b71d6b8c4553973012134835ec3d505a3a666,bd2b47d43466d4d4ff035468a859e78ae6b8b9c4,exploratory,MOBIO,biohash,original,90631,90641,30,random_key_pool_1,1,single_mlp,277,0.7416666666666667,0.9708333333333333,0.9746857040229885,0.0831896551724138,0.6416666666666667,0.30416666666666664,0.6208333333333333,0.85,86,False
results/mobio_haar_corrected_key_pool/metrics.json,47ccb4d1992566b0b59ae578abc2ceadadd666023affe8612cea974b3968d898,d8d7ac042db1473bc321036dfea41b28ee68ce9795ecc7ceb726df2cde0b4a9a,1754d228a3989e52684d6af90d9b71d6b8c4553973012134835ec3d505a3a666,bd2b47d43466d4d4ff035468a859e78ae6b8b9c4,exploratory,MOBIO,biohash,original,90631,90641,30,random_key_pool_1,1,single_mlp,287,0.7666666666666667,0.9666666666666667,0.971591235632184,0.09669540229885057,0.6875,0.44583333333333336,0.6665625000000002,0.8666666666666667,84,False
results/mobio_haar_corrected_key_pool/metrics.json,47ccb4d1992566b0b59ae578abc2ceadadd666023affe8612cea974b3968d898,d8d7ac042db1473bc321036dfea41b28ee68ce9795ecc7ceb726df2cde0b4a9a,1754d228a3989e52684d6af90d9b71d6b8c4553973012134835ec3d505a3a666,bd2b47d43466d4d4ff035468a859e78ae6b8b9c4,exploratory,MOBIO,biohash,original,90631,90641,30,random_key_pool_1,1,single_mlp,297,0.7416666666666667,0.9708333333333333,0.9757519157088124,0.07859195402298853,0.6416666666666667,0.19166666666666668,0.6208333333333333,0.8417708333333328,109,False
results/mobio_haar_corrected_key_pool/metrics.json,47ccb4d1992566b0b59ae578abc2ceadadd666023affe8612cea974b3968d898,d8d7ac042db1473bc321036dfea41b28ee68ce9795ecc7ceb726df2cde0b4a9a,1754d228a3989e52684d6af90d9b71d6b8c4553973012134835ec3d505a3a666,bd2b47d43466d4d4ff035468a859e78ae6b8b9c4,exploratory,MOBIO,biohash,original,90631,90641,30,random_key_pool_1,10,mean_mlp,277,0.7666666666666667,0.9541666666666667,0.9816038074712643,0.07068965517241378,0.6375,0.3875,0.6,0.9,400,False
results/mobio_haar_corrected_key_pool/metrics.json,47ccb4d1992566b0b59ae578abc2ceadadd666023affe8612cea974b3968d898,d8d7ac042db1473bc321036dfea41b28ee68ce9795ecc7ceb726df2cde0b4a9a,1754d228a3989e52684d6af90d9b71d6b8c4553973012134835ec3d505a3a666,bd2b47d43466d4d4ff035468a859e78ae6b8b9c4,exploratory,MOBIO,biohash,original,90631,90641,30,random_key_pool_1,10,mean_mlp,287,0.7541666666666667,1.0,0.986707974137931,0.06666666666666665,0.7333333333333333,0.5041666666666667,0.6041666666666666,0.8792708333333328,396,False
results/mobio_haar_corrected_key_pool/metrics.json,47ccb4d1992566b0b59ae578abc2ceadadd666023affe8612cea974b3968d898,d8d7ac042db1473bc321036dfea41b28ee68ce9795ecc7ceb726df2cde0b4a9a,1754d228a3989e52684d6af90d9b71d6b8c4553973012134835ec3d505a3a666,bd2b47d43466d4d4ff035468a859e78ae6b8b9c4,exploratory,MOBIO,biohash,original,90631,90641,30,random_key_pool_1,10,mean_mlp,297,0.7166666666666667,1.0,0.9863906848659004,0.03735632183908045,0.7083333333333334,0.4,0.5541666666666667,0.8666666666666667,60,False
results/mobio_haar_corrected_key_pool/metrics.json,47ccb4d1992566b0b59ae578abc2ceadadd666023affe8612cea974b3968d898,d8d7ac042db1473bc321036dfea41b28ee68ce9795ecc7ceb726df2cde0b4a9a,1754d228a3989e52684d6af90d9b71d6b8c4553973012134835ec3d505a3a666,bd2b47d43466d4d4ff035468a859e78ae6b8b9c4,exploratory,MOBIO,biohash,original,90631,90641,30,random_key_pool_5,1,single_mlp,277,0.029166666666666667,0.1875,0.5429208572796935,0.4834051724137931,0.0125,0.0,0.0,0.07083333333333333,20,False
results/mobio_haar_corrected_key_pool/metrics.json,47ccb4d1992566b0b59ae578abc2ceadadd666023affe8612cea974b3968d898,d8d7ac042db1473bc321036dfea41b28ee68ce9795ecc7ceb726df2cde0b4a9a,1754d228a3989e52684d6af90d9b71d6b8c4553973012134835ec3d505a3a666,bd2b47d43466d4d4ff035468a859e78ae6b8b9c4,exploratory,MOBIO,biohash,original,90631,90641,30,random_key_pool_5,1,single_mlp,287,0.0375,0.19583333333333333,0.5556986350574713,0.4749281609195402,0.008333333333333333,0.004166666666666667,0.0,0.09593749999999944,21,False
results/mobio_haar_corrected_key_pool/metrics.json,47ccb4d1992566b0b59ae578abc2ceadadd666023affe8612cea974b3968d898,d8d7ac042db1473bc321036dfea41b28ee68ce9795ecc7ceb726df2cde0b4a9a,1754d228a3989e52684d6af90d9b71d6b8c4553973012134835ec3d505a3a666,bd2b47d43466d4d4ff035468a859e78ae6b8b9c4,exploratory,MOBIO,biohash,original,90631,90641,30,random_key_pool_5,1,single_mlp,297,0.0375,0.1625,0.5182998084291188,0.49992816091954023,0.016666666666666666,0.008333333333333333,0.0,0.09583333333333334,13,False
results/mobio_haar_corrected_key_pool/metrics.json,47ccb4d1992566b0b59ae578abc2ceadadd666023affe8612cea974b3968d898,d8d7ac042db1473bc321036dfea41b28ee68ce9795ecc7ceb726df2cde0b4a9a,1754d228a3989e52684d6af90d9b71d6b8c4553973012134835ec3d505a3a666,bd2b47d43466d4d4ff035468a859e78ae6b8b9c4,exploratory,MOBIO,biohash,original,90631,90641,30,random_key_pool_5,10,mean_mlp,277,0.42083333333333334,0.8041666666666667,0.9080238266283525,0.17061781609195398,0.3625,0.0625,0.27489583333333356,0.575,76,False
results/mobio_haar_corrected_key_pool/metrics.json,47ccb4d1992566b0b59ae578abc2ceadadd666023affe8612cea974b3968d898,d8d7ac042db1473bc321036dfea41b28ee68ce9795ecc7ceb726df2cde0b4a9a,1754d228a3989e52684d6af90d9b71d6b8c4553973012134835ec3d505a3a666,bd2b47d43466d4d4ff035468a859e78ae6b8b9c4,exploratory,MOBIO,biohash,original,90631,90641,30,random_key_pool_5,10,mean_mlp,287,0.45416666666666666,0.8875,0.9513116618773947,0.12327586206896553,0.3458333333333333,0.0125,0.30416666666666664,0.6125,55,False
results/mobio_haar_corrected_key_pool/metrics.json,47ccb4d1992566b0b59ae578abc2ceadadd666023affe8612cea974b3968d898,d8d7ac042db1473bc321036dfea41b28ee68ce9795ecc7ceb726df2cde0b4a9a,1754d228a3989e52684d6af90d9b71d6b8c4553973012134835ec3d505a3a666,bd2b47d43466d4d4ff035468a859e78ae6b8b9c4,exploratory,MOBIO,biohash,original,90631,90641,30,random_key_pool_5,10,mean_mlp,297,0.5666666666666667,0.85,0.9311129070881227,0.1498563218390805,0.37083333333333335,0.21666666666666667,0.40822916666666687,0.725,399,False
results/mobio_haar_corrected_key_pool/metrics.json,47ccb4d1992566b0b59ae578abc2ceadadd666023affe8612cea974b3968d898,d8d7ac042db1473bc321036dfea41b28ee68ce9795ecc7ceb726df2cde0b4a9a,1754d228a3989e52684d6af90d9b71d6b8c4553973012134835ec3d505a3a666,bd2b47d43466d4d4ff035468a859e78ae6b8b9c4,exploratory,MOBIO,biohash,original,90631,90641,30,independent_unseen_keys,1,single_mlp,277,0.016666666666666666,0.17083333333333334,0.5009057710727969,0.4923132183908046,0.004166666666666667,0.0,0.0,0.04583333333333333,20,False
results/mobio_haar_corrected_key_pool/metrics.json,47ccb4d1992566b0b59ae578abc2ceadadd666023affe8612cea974b3968d898,d8d7ac042db1473bc321036dfea41b28ee68ce9795ecc7ceb726df2cde0b4a9a,1754d228a3989e52684d6af90d9b71d6b8c4553973012134835ec3d505a3a666,bd2b47d43466d4d4ff035468a859e78ae6b8b9c4,exploratory,MOBIO,biohash,original,90631,90641,30,independent_unseen_keys,1,single_mlp,287,0.041666666666666664,0.17083333333333334,0.4929705459770115,0.491882183908046,0.016666666666666666,0.0,0.0,0.125,11,False
results/mobio_haar_corrected_key_pool/metrics.json,47ccb4d1992566b0b59ae578abc2ceadadd666023affe8612cea974b3968d898,d8d7ac042db1473bc321036dfea41b28ee68ce9795ecc7ceb726df2cde0b4a9a,1754d228a3989e52684d6af90d9b71d6b8c4553973012134835ec3d505a3a666,bd2b47d43466d4d4ff035468a859e78ae6b8b9c4,exploratory,MOBIO,biohash,original,90631,90641,30,independent_unseen_keys,1,single_mlp,297,0.03333333333333333,0.16666666666666666,0.49390146072796937,0.4997844827586207,0.004166666666666667,0.0,0.0,0.09583333333333334,12,False
results/mobio_haar_corrected_key_pool/metrics.json,47ccb4d1992566b0b59ae578abc2ceadadd666023affe8612cea974b3968d898,d8d7ac042db1473bc321036dfea41b28ee68ce9795ecc7ceb726df2cde0b4a9a,1754d228a3989e52684d6af90d9b71d6b8c4553973012134835ec3d505a3a666,bd2b47d43466d4d4ff035468a859e78ae6b8b9c4,exploratory,MOBIO,biohash,original,90631,90641,30,independent_unseen_keys,10,mean_mlp,277,0.016666666666666666,0.16666666666666666,0.4902400622605364,0.4959051724137931,0.0,0.0,0.0,0.05,24,False
results/mobio_haar_corrected_key_pool/metrics.json,47ccb4d1992566b0b59ae578abc2ceadadd666023affe8612cea974b3968d898,d8d7ac042db1473bc321036dfea41b28ee68ce9795ecc7ceb726df2cde0b4a9a,1754d228a3989e52684d6af90d9b71d6b8c4553973012134835ec3d505a3a666,bd2b47d43466d4d4ff035468a859e78ae6b8b9c4,exploratory,MOBIO,biohash,original,90631,90641,30,independent_unseen_keys,10,mean_mlp,287,0.03333333333333333,0.16666666666666666,0.4920049090038314,0.48556034482758625,0.03333333333333333,0.0,0.0,0.1,22,False
results/mobio_haar_corrected_key_pool/metrics.json,47ccb4d1992566b0b59ae578abc2ceadadd666023affe8612cea974b3968d898,d8d7ac042db1473bc321036dfea41b28ee68ce9795ecc7ceb726df2cde0b4a9a,1754d228a3989e52684d6af90d9b71d6b8c4553973012134835ec3d505a3a666,bd2b47d43466d4d4ff035468a859e78ae6b8b9c4,exploratory,MOBIO,biohash,original,90631,90641,30,independent_unseen_keys,10,mean_mlp,297,0.029166666666666667,0.16666666666666666,0.49558069923371645,0.5045258620689654,0.016666666666666666,0.0,0.0,0.0875,11,False
results/mobio_key_pool_split_replication/metrics.json,3d2df5139854b2fa52d5d0aa635297d6efc869f7cdece55eb129ae5a767e37e5,ca8d1d5d52878f6590f79b3496720d69679492542201e12bdf7de1f822575040,1754d228a3989e52684d6af90d9b71d6b8c4553973012134835ec3d505a3a666,8fdef01eb5c6579a025be82726e3cce1fd965238,exploratory,MOBIO,biohash,90551,90557,90563,30,random_key_pool_1,1,single_mlp,187,0.775,0.975,0.974395953065134,0.07090517241379309,0.6625,0.43333333333333335,0.675,0.8626041666666662,87,False
results/mobio_key_pool_split_replication/metrics.json,3d2df5139854b2fa52d5d0aa635297d6efc869f7cdece55eb129ae5a767e37e5,ca8d1d5d52878f6590f79b3496720d69679492542201e12bdf7de1f822575040,1754d228a3989e52684d6af90d9b71d6b8c4553973012134835ec3d505a3a666,8fdef01eb5c6579a025be82726e3cce1fd965238,exploratory,MOBIO,biohash,90551,90557,90563,30,random_key_pool_1,1,single_mlp,197,0.7583333333333333,0.95,0.9696360153256705,0.07916666666666669,0.6,0.3625,0.65,0.8541666666666666,90,False
results/mobio_key_pool_split_replication/metrics.json,3d2df5139854b2fa52d5d0aa635297d6efc869f7cdece55eb129ae5a767e37e5,ca8d1d5d52878f6590f79b3496720d69679492542201e12bdf7de1f822575040,1754d228a3989e52684d6af90d9b71d6b8c4553973012134835ec3d505a3a666,8fdef01eb5c6579a025be82726e3cce1fd965238,exploratory,MOBIO,biohash,90551,90557,90563,30,random_key_pool_1,1,single_mlp,207,0.7458333333333333,0.9458333333333333,0.9712673611111111,0.08448275862068967,0.6083333333333333,0.36666666666666664,0.6208333333333333,0.8541666666666666,78,False
results/mobio_key_pool_split_replication/metrics.json,3d2df5139854b2fa52d5d0aa635297d6efc869f7cdece55eb129ae5a767e37e5,ca8d1d5d52878f6590f79b3496720d69679492542201e12bdf7de1f822575040,1754d228a3989e52684d6af90d9b71d6b8c4553973012134835ec3d505a3a666,8fdef01eb5c6579a025be82726e3cce1fd965238,exploratory,MOBIO,biohash,90551,90557,90563,30,random_key_pool_1,2,mean_mlp,187,0.8208333333333333,0.9833333333333333,0.980326867816092,0.07880747126436785,0.7625,0.37083333333333335,0.7125,0.9083333333333333,273,False
results/mobio_key_pool_split_replication/metrics.json,3d2df5139854b2fa52d5d0aa635297d6efc869f7cdece55eb129ae5a767e37e5,ca8d1d5d52878f6590f79b3496720d69679492542201e12bdf7de1f822575040,1754d228a3989e52684d6af90d9b71d6b8c4553973012134835ec3d505a3a666,8fdef01eb5c6579a025be82726e3cce1fd965238,exploratory,MOBIO,biohash,90551,90557,90563,30,random_key_pool_1,2,mean_mlp,197,0.8125,0.975,0.9838272270114943,0.0625,0.7875,0.375,0.7041666666666667,0.9041666666666667,256,False
results/mobio_key_pool_split_replication/metrics.json,3d2df5139854b2fa52d5d0aa635297d6efc869f7cdece55eb129ae5a767e37e5,ca8d1d5d52878f6590f79b3496720d69679492542201e12bdf7de1f822575040,1754d228a3989e52684d6af90d9b71d6b8c4553973012134835ec3d505a3a666,8fdef01eb5c6579a025be82726e3cce1fd965238,exploratory,MOBIO,biohash,90551,90557,90563,30,random_key_pool_1,2,mean_mlp,207,0.8125,0.9833333333333333,0.9839086446360154,0.07887931034482762,0.7791666666666667,0.5208333333333334,0.7083333333333334,0.9041666666666667,98,False
results/mobio_key_pool_split_replication/metrics.json,3d2df5139854b2fa52d5d0aa635297d6efc869f7cdece55eb129ae5a767e37e5,ca8d1d5d52878f6590f79b3496720d69679492542201e12bdf7de1f822575040,1754d228a3989e52684d6af90d9b71d6b8c4553973012134835ec3d505a3a666,8fdef01eb5c6579a025be82726e3cce1fd965238,exploratory,MOBIO,biohash,90551,90557,90563,30,random_key_pool_1,2,deepsets,187,0.6708333333333333,0.9375,0.9683063936781608,0.09655172413793103,0.5416666666666666,0.20833333333333334,0.5416666666666666,0.7958333333333333,59,False
results/mobio_key_pool_split_replication/metrics.json,3d2df5139854b2fa52d5d0aa635297d6efc869f7cdece55eb129ae5a767e37e5,ca8d1d5d52878f6590f79b3496720d69679492542201e12bdf7de1f822575040,1754d228a3989e52684d6af90d9b71d6b8c4553973012134835ec3d505a3a666,8fdef01eb5c6579a025be82726e3cce1fd965238,exploratory,MOBIO,biohash,90551,90557,90563,30,random_key_pool_1,2,deepsets,197,0.7833333333333333,0.975,0.9736476293103449,0.08412356321839082,0.7416666666666667,0.4625,0.6583333333333333,0.8916666666666667,110,False
results/mobio_key_pool_split_replication/metrics.json,3d2df5139854b2fa52d5d0aa635297d6efc869f7cdece55eb129ae5a767e37e5,ca8d1d5d52878f6590f79b3496720d69679492542201e12bdf7de1f822575040,1754d228a3989e52684d6af90d9b71d6b8c4553973012134835ec3d505a3a666,8fdef01eb5c6579a025be82726e3cce1fd965238,exploratory,MOBIO,biohash,90551,90557,90563,30,random_key_pool_1,2,deepsets,207,0.6958333333333333,0.9583333333333334,0.9739158285440614,0.08728448275862069,0.5791666666666667,0.25416666666666665,0.5666666666666667,0.8083333333333333,95,False
results/mobio_key_pool_split_replication/metrics.json,3d2df5139854b2fa52d5d0aa635297d6efc869f7cdece55eb129ae5a767e37e5,ca8d1d5d52878f6590f79b3496720d69679492542201e12bdf7de1f822575040,1754d228a3989e52684d6af90d9b71d6b8c4553973012134835ec3d505a3a666,8fdef01eb5c6579a025be82726e3cce1fd965238,exploratory,MOBIO,biohash,90551,90557,90563,30,random_key_pool_1,5,mean_mlp,187,0.9125,0.9958333333333333,0.9905112547892722,0.058908045977011506,0.8708333333333333,0.5916666666666667,0.825,0.9791666666666666,400,False
results/mobio_key_pool_split_replication/metrics.json,3d2df5139854b2fa52d5d0aa635297d6efc869f7cdece55eb129ae5a767e37e5,ca8d1d5d52878f6590f79b3496720d69679492542201e12bdf7de1f822575040,1754d228a3989e52684d6af90d9b71d6b8c4553973012134835ec3d505a3a666,8fdef01eb5c6579a025be82726e3cce1fd965238,exploratory,MOBIO,biohash,90551,90557,90563,30,random_key_pool_1,5,mean_mlp,197,0.8583333333333333,0.9958333333333333,0.9889553400383141,0.05926724137931035,0.7875,0.49166666666666664,0.7458333333333333,0.9541666666666667,399,False
results/mobio_key_pool_split_replication/metrics.json,3d2df5139854b2fa52d5d0aa635297d6efc869f7cdece55eb129ae5a767e37e5,ca8d1d5d52878f6590f79b3496720d69679492542201e12bdf7de1f822575040,1754d228a3989e52684d6af90d9b71d6b8c4553973012134835ec3d505a3a666,8fdef01eb5c6579a025be82726e3cce1fd965238,exploratory,MOBIO,biohash,90551,90557,90563,30,random_key_pool_1,5,mean_mlp,207,0.9083333333333333,0.9791666666666666,0.9888224377394635,0.06709770114942529,0.8416666666666667,0.6541666666666667,0.8166666666666667,0.975,398,False
results/mobio_key_pool_split_replication/metrics.json,3d2df5139854b2fa52d5d0aa635297d6efc869f7cdece55eb129ae5a767e37e5,ca8d1d5d52878f6590f79b3496720d69679492542201e12bdf7de1f822575040,1754d228a3989e52684d6af90d9b71d6b8c4553973012134835ec3d505a3a666,8fdef01eb5c6579a025be82726e3cce1fd965238,exploratory,MOBIO,biohash,90551,90557,90563,30,random_key_pool_1,5,deepsets,187,0.8416666666666667,0.95,0.9773132183908045,0.07557471264367818,0.7708333333333334,0.44583333333333336,0.7208333333333333,0.9416666666666667,310,False
results/mobio_key_pool_split_replication/metrics.json,3d2df5139854b2fa52d5d0aa635297d6efc869f7cdece55eb129ae5a767e37e5,ca8d1d5d52878f6590f79b3496720d69679492542201e12bdf7de1f822575040,1754d228a3989e52684d6af90d9b71d6b8c4553973012134835ec3d505a3a666,8fdef01eb5c6579a025be82726e3cce1fd965238,exploratory,MOBIO,biohash,90551,90557,90563,30,random_key_pool_1,5,deepsets,197,0.8291666666666667,0.9625,0.974812021072797,0.05466954022988507,0.7708333333333334,0.3958333333333333,0.7041666666666667,0.9334374999999995,377,False
results/mobio_key_pool_split_replication/metrics.json,3d2df5139854b2fa52d5d0aa635297d6efc869f7cdece55eb129ae5a767e37e5,ca8d1d5d52878f6590f79b3496720d69679492542201e12bdf7de1f822575040,1754d228a3989e52684d6af90d9b71d6b8c4553973012134835ec3d505a3a666,8fdef01eb5c6579a025be82726e3cce1fd965238,exploratory,MOBIO,biohash,90551,90557,90563,30,random_key_pool_1,5,deepsets,207,0.8083333333333333,0.9708333333333333,0.9844564176245211,0.06587643678160919,0.7291666666666666,0.45,0.6791666666666667,0.9208333333333333,289,False
results/mobio_key_pool_split_replication/metrics.json,3d2df5139854b2fa52d5d0aa635297d6efc869f7cdece55eb129ae5a767e37e5,ca8d1d5d52878f6590f79b3496720d69679492542201e12bdf7de1f822575040,1754d228a3989e52684d6af90d9b71d6b8c4553973012134835ec3d505a3a666,8fdef01eb5c6579a025be82726e3cce1fd965238,exploratory,MOBIO,biohash,90551,90557,90563,30,random_key_pool_1,10,mean_mlp,187,0.8291666666666667,1.0,0.9901394875478928,0.06573275862068964,0.8208333333333333,0.3541666666666667,0.6875,0.9416666666666667,399,False
results/mobio_key_pool_split_replication/metrics.json,3d2df5139854b2fa52d5d0aa635297d6efc869f7cdece55eb129ae5a767e37e5,ca8d1d5d52878f6590f79b3496720d69679492542201e12bdf7de1f822575040,1754d228a3989e52684d6af90d9b71d6b8c4553973012134835ec3d505a3a666,8fdef01eb5c6579a025be82726e3cce1fd965238,exploratory,MOBIO,biohash,90551,90557,90563,30,random_key_pool_1,10,mean_mlp,197,0.8875,0.9791666666666666,0.9839655172413793,0.07320402298850573,0.7291666666666666,0.31666666666666665,0.7666666666666667,0.9875,399,False
results/mobio_key_pool_split_replication/metrics.json,3d2df5139854b2fa52d5d0aa635297d6efc869f7cdece55eb129ae5a767e37e5,ca8d1d5d52878f6590f79b3496720d69679492542201e12bdf7de1f822575040,1754d228a3989e52684d6af90d9b71d6b8c4553973012134835ec3d505a3a666,8fdef01eb5c6579a025be82726e3cce1fd965238,exploratory,MOBIO,biohash,90551,90557,90563,30,random_key_pool_1,10,mean_mlp,207,0.7333333333333333,0.9208333333333333,0.9667133620689655,0.10402298850574711,0.6375,0.4708333333333333,0.575,0.8833333333333333,62,False
results/mobio_key_pool_split_replication/metrics.json,3d2df5139854b2fa52d5d0aa635297d6efc869f7cdece55eb129ae5a767e37e5,ca8d1d5d52878f6590f79b3496720d69679492542201e12bdf7de1f822575040,1754d228a3989e52684d6af90d9b71d6b8c4553973012134835ec3d505a3a666,8fdef01eb5c6579a025be82726e3cce1fd965238,exploratory,MOBIO,biohash,90551,90557,90563,30,random_key_pool_1,10,deepsets,187,0.8416666666666667,0.9333333333333333,0.972010296934866,0.09985632183908044,0.7875,0.5291666666666667,0.7083333333333334,0.9583333333333334,65,False
results/mobio_key_pool_split_replication/metrics.json,3d2df5139854b2fa52d5d0aa635297d6efc869f7cdece55eb129ae5a767e37e5,ca8d1d5d52878f6590f79b3496720d69679492542201e12bdf7de1f822575040,1754d228a3989e52684d6af90d9b71d6b8c4553973012134835ec3d505a3a666,8fdef01eb5c6579a025be82726e3cce1fd965238,exploratory,MOBIO,biohash,90551,90557,90563,30,random_key_pool_1,10,deepsets,197,0.8833333333333333,0.9666666666666667,0.9795821360153256,0.060560344827586196,0.775,0.39166666666666666,0.7666666666666667,0.9833333333333333,54,False
results/mobio_key_pool_split_replication/metrics.json,3d2df5139854b2fa52d5d0aa635297d6efc869f7cdece55eb129ae5a767e37e5,ca8d1d5d52878f6590f79b3496720d69679492542201e12bdf7de1f822575040,1754d228a3989e52684d6af90d9b71d6b8c4553973012134835ec3d505a3a666,8fdef01eb5c6579a025be82726e3cce1fd965238,exploratory,MOBIO,biohash,90551,90557,90563,30,random_key_pool_1,10,deepsets,207,0.7375,0.9541666666666667,0.9709901819923371,0.10071839080459769,0.6416666666666667,0.44583333333333336,0.575,0.8833333333333333,71,False
results/mobio_key_pool_split_replication/metrics.json,3d2df5139854b2fa52d5d0aa635297d6efc869f7cdece55eb129ae5a767e37e5,ca8d1d5d52878f6590f79b3496720d69679492542201e12bdf7de1f822575040,1754d228a3989e52684d6af90d9b71d6b8c4553973012134835ec3d505a3a666,8fdef01eb5c6579a025be82726e3cce1fd965238,exploratory,MOBIO,biohash,90551,90557,90563,30,random_key_pool_2,1,single_mlp,187,0.375,0.7166666666666667,0.8850275383141764,0.20380747126436782,0.2708333333333333,0.07083333333333333,0.2875,0.4666666666666667,68,False
results/mobio_key_pool_split_replication/metrics.json,3d2df5139854b2fa52d5d0aa635297d6efc869f7cdece55eb129ae5a767e37e5,ca8d1d5d52878f6590f79b3496720d69679492542201e12bdf7de1f822575040,1754d228a3989e52684d6af90d9b71d6b8c4553973012134835ec3d505a3a666,8fdef01eb5c6579a025be82726e3cce1fd965238,exploratory,MOBIO,biohash,90551,90557,90563,30,random_key_pool_2,1,single_mlp,197,0.3125,0.7,0.8607501197318008,0.21580459770114943,0.22083333333333333,0.05416666666666667,0.20416666666666666,0.42916666666666664,72,False
results/mobio_key_pool_split_replication/metrics.json,3d2df5139854b2fa52d5d0aa635297d6efc869f7cdece55eb129ae5a767e37e5,ca8d1d5d52878f6590f79b3496720d69679492542201e12bdf7de1f822575040,1754d228a3989e52684d6af90d9b71d6b8c4553973012134835ec3d505a3a666,8fdef01eb5c6579a025be82726e3cce1fd965238,exploratory,MOBIO,biohash,90551,90557,90563,30,random_key_pool_2,1,single_mlp,207,0.3625,0.7291666666666666,0.8858303400383141,0.19949712643678158,0.25,0.05416666666666667,0.2625,0.4625,77,False
results/mobio_key_pool_split_replication/metrics.json,3d2df5139854b2fa52d5d0aa635297d6efc869f7cdece55eb129ae5a767e37e5,ca8d1d5d52878f6590f79b3496720d69679492542201e12bdf7de1f822575040,1754d228a3989e52684d6af90d9b71d6b8c4553973012134835ec3d505a3a666,8fdef01eb5c6579a025be82726e3cce1fd965238,exploratory,MOBIO,biohash,90551,90557,90563,30,random_key_pool_2,2,mean_mlp,187,0.5208333333333334,0.8958333333333334,0.9430417863984675,0.13807471264367815,0.43333333333333335,0.19583333333333333,0.39166666666666666,0.6416666666666667,75,False
results/mobio_key_pool_split_replication/metrics.json,3d2df5139854b2fa52d5d0aa635297d6efc869f7cdece55eb129ae5a767e37e5,ca8d1d5d52878f6590f79b3496720d69679492542201e12bdf7de1f822575040,1754d228a3989e52684d6af90d9b71d6b8c4553973012134835ec3d505a3a666,8fdef01eb5c6579a025be82726e3cce1fd965238,exploratory,MOBIO,biohash,90551,90557,90563,30,random_key_pool_2,2,mean_mlp,197,0.525,0.8708333333333333,0.938089679118774,0.14604885057471267,0.44583333333333336,0.14583333333333334,0.4,0.6458333333333334,79,False
results/mobio_key_pool_split_replication/metrics.json,3d2df5139854b2fa52d5d0aa635297d6efc869f7cdece55eb129ae5a767e37e5,ca8d1d5d52878f6590f79b3496720d69679492542201e12bdf7de1f822575040,1754d228a3989e52684d6af90d9b71d6b8c4553973012134835ec3d505a3a666,8fdef01eb5c6579a025be82726e3cce1fd965238,exploratory,MOBIO,biohash,90551,90557,90563,30,random_key_pool_2,2,mean_mlp,207,0.5708333333333333,0.8916666666666667,0.9403621886973179,0.12090517241379312,0.44583333333333336,0.1125,0.4625,0.6666666666666666,75,False
results/mobio_key_pool_split_replication/metrics.json,3d2df5139854b2fa52d5d0aa635297d6efc869f7cdece55eb129ae5a767e37e5,ca8d1d5d52878f6590f79b3496720d69679492542201e12bdf7de1f822575040,1754d228a3989e52684d6af90d9b71d6b8c4553973012134835ec3d505a3a666,8fdef01eb5c6579a025be82726e3cce1fd965238,exploratory,MOBIO,biohash,90551,90557,90563,30,random_key_pool_2,2,deepsets,187,0.4791666666666667,0.825,0.9165559147509579,0.16257183908045975,0.37083333333333335,0.1,0.36666666666666664,0.6001041666666661,61,False
results/mobio_key_pool_split_replication/metrics.json,3d2df5139854b2fa52d5d0aa635297d6efc869f7cdece55eb129ae5a767e37e5,ca8d1d5d52878f6590f79b3496720d69679492542201e12bdf7de1f822575040,1754d228a3989e52684d6af90d9b71d6b8c4553973012134835ec3d505a3a666,8fdef01eb5c6579a025be82726e3cce1fd965238,exploratory,MOBIO,biohash,90551,90557,90563,30,random_key_pool_2,2,deepsets,197,0.48333333333333334,0.7708333333333334,0.8991421216475097,0.1875,0.4125,0.12083333333333333,0.35,0.6208333333333333,60,False
results/mobio_key_pool_split_replication/metrics.json,3d2df5139854b2fa52d5d0aa635297d6efc869f7cdece55eb129ae5a767e37e5,ca8d1d5d52878f6590f79b3496720d69679492542201e12bdf7de1f822575040,1754d228a3989e52684d6af90d9b71d6b8c4553973012134835ec3d505a3a666,8fdef01eb5c6579a025be82726e3cce1fd965238,exploratory,MOBIO,biohash,90551,90557,90563,30,random_key_pool_2,2,deepsets,207,0.42083333333333334,0.7666666666666667,0.8995713601532567,0.18757183908045977,0.30833333333333335,0.09166666666666666,0.30416666666666664,0.5458333333333333,60,False
results/mobio_key_pool_split_replication/metrics.json,3d2df5139854b2fa52d5d0aa635297d6efc869f7cdece55eb129ae5a767e37e5,ca8d1d5d52878f6590f79b3496720d69679492542201e12bdf7de1f822575040,1754d228a3989e52684d6af90d9b71d6b8c4553973012134835ec3d505a3a666,8fdef01eb5c6579a025be82726e3cce1fd965238,exploratory,MOBIO,biohash,90551,90557,90563,30,random_key_pool_2,5,mean_mlp,187,0.6625,0.9208333333333333,0.9587374281609196,0.1057471264367816,0.575,0.31666666666666665,0.5416666666666666,0.7709374999999995,384,False
results/mobio_key_pool_split_replication/metrics.json,3d2df5139854b2fa52d5d0aa635297d6efc869f7cdece55eb129ae5a767e37e5,ca8d1d5d52878f6590f79b3496720d69679492542201e12bdf7de1f822575040,1754d228a3989e52684d6af90d9b71d6b8c4553973012134835ec3d505a3a666,8fdef01eb5c6579a025be82726e3cce1fd965238,exploratory,MOBIO,biohash,90551,90557,90563,30,random_key_pool_2,5,mean_mlp,197,0.6208333333333333,0.9,0.9591906130268198,0.11752873563218393,0.5125,0.24166666666666667,0.49583333333333335,0.7458333333333333,271,False
results/mobio_key_pool_split_replication/metrics.json,3d2df5139854b2fa52d5d0aa635297d6efc869f7cdece55eb129ae5a767e37e5,ca8d1d5d52878f6590f79b3496720d69679492542201e12bdf7de1f822575040,1754d228a3989e52684d6af90d9b71d6b8c4553973012134835ec3d505a3a666,8fdef01eb5c6579a025be82726e3cce1fd965238,exploratory,MOBIO,biohash,90551,90557,90563,30,random_key_pool_2,5,mean_mlp,207,0.6166666666666667,0.9583333333333334,0.9644079262452108,0.0968390804597701,0.5291666666666667,0.15,0.4875,0.7375,236,False
results/mobio_key_pool_split_replication/metrics.json,3d2df5139854b2fa52d5d0aa635297d6efc869f7cdece55eb129ae5a767e37e5,ca8d1d5d52878f6590f79b3496720d69679492542201e12bdf7de1f822575040,1754d228a3989e52684d6af90d9b71d6b8c4553973012134835ec3d505a3a666,8fdef01eb5c6579a025be82726e3cce1fd965238,exploratory,MOBIO,biohash,90551,90557,90563,30,random_key_pool_2,5,deepsets,187,0.6208333333333333,0.8583333333333333,0.9240750718390806,0.14037356321839078,0.5125,0.2833333333333333,0.48333333333333334,0.7542708333333328,196,False
results/mobio_key_pool_split_replication/metrics.json,3d2df5139854b2fa52d5d0aa635297d6efc869f7cdece55eb129ae5a767e37e5,ca8d1d5d52878f6590f79b3496720d69679492542201e12bdf7de1f822575040,1754d228a3989e52684d6af90d9b71d6b8c4553973012134835ec3d505a3a666,8fdef01eb5c6579a025be82726e3cce1fd965238,exploratory,MOBIO,biohash,90551,90557,90563,30,random_key_pool_2,5,deepsets,197,0.5291666666666667,0.8375,0.9182225814176245,0.16659482758620686,0.4625,0.17083333333333334,0.37489583333333354,0.6791666666666667,64,False
results/mobio_key_pool_split_replication/metrics.json,3d2df5139854b2fa52d5d0aa635297d6efc869f7cdece55eb129ae5a767e37e5,ca8d1d5d52878f6590f79b3496720d69679492542201e12bdf7de1f822575040,1754d228a3989e52684d6af90d9b71d6b8c4553973012134835ec3d505a3a666,8fdef01eb5c6579a025be82726e3cce1fd965238,exploratory,MOBIO,biohash,90551,90557,90563,30,random_key_pool_2,5,deepsets,207,0.5375,0.8833333333333333,0.9387697557471264,0.13757183908045975,0.425,0.125,0.4123958333333335,0.6625,70,False
results/mobio_key_pool_split_replication/metrics.json,3d2df5139854b2fa52d5d0aa635297d6efc869f7cdece55eb129ae5a767e37e5,ca8d1d5d52878f6590f79b3496720d69679492542201e12bdf7de1f822575040,1754d228a3989e52684d6af90d9b71d6b8c4553973012134835ec3d505a3a666,8fdef01eb5c6579a025be82726e3cce1fd965238,exploratory,MOBIO,biohash,90551,90557,90563,30,random_key_pool_2,10,mean_mlp,187,0.7541666666666667,0.9875,0.98134219348659,0.0711206896551724,0.675,0.5791666666666667,0.6041666666666666,0.8875,396,False
results/mobio_key_pool_split_replication/metrics.json,3d2df5139854b2fa52d5d0aa635297d6efc869f7cdece55eb129ae5a767e37e5,ca8d1d5d52878f6590f79b3496720d69679492542201e12bdf7de1f822575040,1754d228a3989e52684d6af90d9b71d6b8c4553973012134835ec3d505a3a666,8fdef01eb5c6579a025be82726e3cce1fd965238,exploratory,MOBIO,biohash,90551,90557,90563,30,random_key_pool_2,10,mean_mlp,197,0.6208333333333333,0.9083333333333333,0.9661326628352489,0.09166666666666667,0.5791666666666667,0.375,0.44166666666666665,0.7792708333333328,399,False
results/mobio_key_pool_split_replication/metrics.json,3d2df5139854b2fa52d5d0aa635297d6efc869f7cdece55eb129ae5a767e37e5,ca8d1d5d52878f6590f79b3496720d69679492542201e12bdf7de1f822575040,1754d228a3989e52684d6af90d9b71d6b8c4553973012134835ec3d505a3a666,8fdef01eb5c6579a025be82726e3cce1fd965238,exploratory,MOBIO,biohash,90551,90557,90563,30,random_key_pool_2,10,mean_mlp,207,0.8416666666666667,1.0,0.9891115900383141,0.05833333333333334,0.7916666666666666,0.23333333333333334,0.7248958333333335,0.9458333333333333,396,False
results/mobio_key_pool_split_replication/metrics.json,3d2df5139854b2fa52d5d0aa635297d6efc869f7cdece55eb129ae5a767e37e5,ca8d1d5d52878f6590f79b3496720d69679492542201e12bdf7de1f822575040,1754d228a3989e52684d6af90d9b71d6b8c4553973012134835ec3d505a3a666,8fdef01eb5c6579a025be82726e3cce1fd965238,exploratory,MOBIO,biohash,90551,90557,90563,30,random_key_pool_2,10,deepsets,187,0.6375,0.9,0.9264852729885057,0.13067528735632183,0.49166666666666664,0.125,0.4791666666666667,0.7833333333333333,137,False
results/mobio_key_pool_split_replication/metrics.json,3d2df5139854b2fa52d5d0aa635297d6efc869f7cdece55eb129ae5a767e37e5,ca8d1d5d52878f6590f79b3496720d69679492542201e12bdf7de1f822575040,1754d228a3989e52684d6af90d9b71d6b8c4553973012134835ec3d505a3a666,8fdef01eb5c6579a025be82726e3cce1fd965238,exploratory,MOBIO,biohash,90551,90557,90563,30,random_key_pool_2,10,deepsets,197,0.5208333333333334,0.8,0.9071066810344828,0.17500000000000002,0.5041666666666667,0.15,0.3582291666666669,0.6791666666666667,82,False
results/mobio_key_pool_split_replication/metrics.json,3d2df5139854b2fa52d5d0aa635297d6efc869f7cdece55eb129ae5a767e37e5,ca8d1d5d52878f6590f79b3496720d69679492542201e12bdf7de1f822575040,1754d228a3989e52684d6af90d9b71d6b8c4553973012134835ec3d505a3a666,8fdef01eb5c6579a025be82726e3cce1fd965238,exploratory,MOBIO,biohash,90551,90557,90563,30,random_key_pool_2,10,deepsets,207,0.5708333333333333,0.875,0.9440636973180075,0.13656609195402297,0.4583333333333333,0.14583333333333334,0.4041666666666667,0.7334374999999994,98,False
results/mobio_key_pool_split_replication/metrics.json,3d2df5139854b2fa52d5d0aa635297d6efc869f7cdece55eb129ae5a767e37e5,ca8d1d5d52878f6590f79b3496720d69679492542201e12bdf7de1f822575040,1754d228a3989e52684d6af90d9b71d6b8c4553973012134835ec3d505a3a666,8fdef01eb5c6579a025be82726e3cce1fd965238,exploratory,MOBIO,biohash,90551,90557,90563,30,random_key_pool_5,1,single_mlp,187,0.041666666666666664,0.20416666666666666,0.5435470545977013,0.4585488505747127,0.029166666666666667,0.004166666666666667,0.0,0.1125,18,False
results/mobio_key_pool_split_replication/metrics.json,3d2df5139854b2fa52d5d0aa635297d6efc869f7cdece55eb129ae5a767e37e5,ca8d1d5d52878f6590f79b3496720d69679492542201e12bdf7de1f822575040,1754d228a3989e52684d6af90d9b71d6b8c4553973012134835ec3d505a3a666,8fdef01eb5c6579a025be82726e3cce1fd965238,exploratory,MOBIO,biohash,90551,90557,90563,30,random_key_pool_5,1,single_mlp,197,0.04583333333333333,0.20416666666666666,0.5433776340996168,0.4708333333333333,0.03333333333333333,0.0125,0.0,0.11666666666666667,19,False
results/mobio_key_pool_split_replication/metrics.json,3d2df5139854b2fa52d5d0aa635297d6efc869f7cdece55eb129ae5a767e37e5,ca8d1d5d52878f6590f79b3496720d69679492542201e12bdf7de1f822575040,1754d228a3989e52684d6af90d9b71d6b8c4553973012134835ec3d505a3a666,8fdef01eb5c6579a025be82726e3cce1fd965238,exploratory,MOBIO,biohash,90551,90557,90563,30,random_key_pool_5,1,single_mlp,207,0.041666666666666664,0.18333333333333332,0.5335811781609195,0.4706896551724138,0.020833333333333332,0.0125,0.004166666666666667,0.09583333333333334,17,False
results/mobio_key_pool_split_replication/metrics.json,3d2df5139854b2fa52d5d0aa635297d6efc869f7cdece55eb129ae5a767e37e5,ca8d1d5d52878f6590f79b3496720d69679492542201e12bdf7de1f822575040,1754d228a3989e52684d6af90d9b71d6b8c4553973012134835ec3d505a3a666,8fdef01eb5c6579a025be82726e3cce1fd965238,exploratory,MOBIO,biohash,90551,90557,90563,30,random_key_pool_5,2,mean_mlp,187,0.04583333333333333,0.225,0.5634806034482759,0.45883620689655175,0.03333333333333333,0.008333333333333333,0.0,0.125,20,False
results/mobio_key_pool_split_replication/metrics.json,3d2df5139854b2fa52d5d0aa635297d6efc869f7cdece55eb129ae5a767e37e5,ca8d1d5d52878f6590f79b3496720d69679492542201e12bdf7de1f822575040,1754d228a3989e52684d6af90d9b71d6b8c4553973012134835ec3d505a3a666,8fdef01eb5c6579a025be82726e3cce1fd965238,exploratory,MOBIO,biohash,90551,90557,90563,30,random_key_pool_5,2,mean_mlp,197,0.06666666666666667,0.20416666666666666,0.573558429118774,0.44633620689655173,0.0375,0.016666666666666666,0.0,0.15416666666666667,20,False
results/mobio_key_pool_split_replication/metrics.json,3d2df5139854b2fa52d5d0aa635297d6efc869f7cdece55eb129ae5a767e37e5,ca8d1d5d52878f6590f79b3496720d69679492542201e12bdf7de1f822575040,1754d228a3989e52684d6af90d9b71d6b8c4553973012134835ec3d505a3a666,8fdef01eb5c6579a025be82726e3cce1fd965238,exploratory,MOBIO,biohash,90551,90557,90563,30,random_key_pool_5,2,mean_mlp,207,0.0625,0.2,0.568369851532567,0.46738505747126435,0.03333333333333333,0.016666666666666666,0.0125,0.12916666666666668,20,False
results/mobio_key_pool_split_replication/metrics.json,3d2df5139854b2fa52d5d0aa635297d6efc869f7cdece55eb129ae5a767e37e5,ca8d1d5d52878f6590f79b3496720d69679492542201e12bdf7de1f822575040,1754d228a3989e52684d6af90d9b71d6b8c4553973012134835ec3d505a3a666,8fdef01eb5c6579a025be82726e3cce1fd965238,exploratory,MOBIO,biohash,90551,90557,90563,30,random_key_pool_5,2,deepsets,187,0.0625,0.19166666666666668,0.5295869252873564,0.4876436781609196,0.029166666666666667,0.0125,0.0,0.15833333333333333,20,False
results/mobio_key_pool_split_replication/metrics.json,3d2df5139854b2fa52d5d0aa635297d6efc869f7cdece55eb129ae5a767e37e5,ca8d1d5d52878f6590f79b3496720d69679492542201e12bdf7de1f822575040,1754d228a3989e52684d6af90d9b71d6b8c4553973012134835ec3d505a3a666,8fdef01eb5c6579a025be82726e3cce1fd965238,exploratory,MOBIO,biohash,90551,90557,90563,30,random_key_pool_5,2,deepsets,197,0.03333333333333333,0.16666666666666666,0.5212589798850574,0.4837643678160919,0.020833333333333332,0.0,0.0,0.1,22,False
results/mobio_key_pool_split_replication/metrics.json,3d2df5139854b2fa52d5d0aa635297d6efc869f7cdece55eb129ae5a767e37e5,ca8d1d5d52878f6590f79b3496720d69679492542201e12bdf7de1f822575040,1754d228a3989e52684d6af90d9b71d6b8c4553973012134835ec3d505a3a666,8fdef01eb5c6579a025be82726e3cce1fd965238,exploratory,MOBIO,biohash,90551,90557,90563,30,random_key_pool_5,2,deepsets,207,0.0375,0.18333333333333332,0.5270384339080461,0.49152298850574716,0.020833333333333332,0.004166666666666667,0.0,0.1125,23,False
results/mobio_key_pool_split_replication/metrics.json,3d2df5139854b2fa52d5d0aa635297d6efc869f7cdece55eb129ae5a767e37e5,ca8d1d5d52878f6590f79b3496720d69679492542201e12bdf7de1f822575040,1754d228a3989e52684d6af90d9b71d6b8c4553973012134835ec3d505a3a666,8fdef01eb5c6579a025be82726e3cce1fd965238,exploratory,MOBIO,biohash,90551,90557,90563,30,random_key_pool_5,5,mean_mlp,187,0.475,0.8333333333333334,0.9131806752873562,0.17090517241379308,0.37916666666666665,0.16666666666666666,0.3458333333333333,0.5959374999999995,73,False
results/mobio_key_pool_split_replication/metrics.json,3d2df5139854b2fa52d5d0aa635297d6efc869f7cdece55eb129ae5a767e37e5,ca8d1d5d52878f6590f79b3496720d69679492542201e12bdf7de1f822575040,1754d228a3989e52684d6af90d9b71d6b8c4553973012134835ec3d505a3a666,8fdef01eb5c6579a025be82726e3cce1fd965238,exploratory,MOBIO,biohash,90551,90557,90563,30,random_key_pool_5,5,mean_mlp,197,0.4375,0.7833333333333333,0.9132106082375478,0.1708333333333333,0.37083333333333335,0.06666666666666667,0.32083333333333336,0.5666666666666667,84,False
results/mobio_key_pool_split_replication/metrics.json,3d2df5139854b2fa52d5d0aa635297d6efc869f7cdece55eb129ae5a767e37e5,ca8d1d5d52878f6590f79b3496720d69679492542201e12bdf7de1f822575040,1754d228a3989e52684d6af90d9b71d6b8c4553973012134835ec3d505a3a666,8fdef01eb5c6579a025be82726e3cce1fd965238,exploratory,MOBIO,biohash,90551,90557,90563,30,random_key_pool_5,5,mean_mlp,207,0.44166666666666665,0.7625,0.8936536159003831,0.20804597701149427,0.3458333333333333,0.07083333333333333,0.32489583333333355,0.5708333333333333,83,False
results/mobio_key_pool_split_replication/metrics.json,3d2df5139854b2fa52d5d0aa635297d6efc869f7cdece55eb129ae5a767e37e5,ca8d1d5d52878f6590f79b3496720d69679492542201e12bdf7de1f822575040,1754d228a3989e52684d6af90d9b71d6b8c4553973012134835ec3d505a3a666,8fdef01eb5c6579a025be82726e3cce1fd965238,exploratory,MOBIO,biohash,90551,90557,90563,30,random_key_pool_5,5,deepsets,187,0.375,0.7291666666666666,0.8690738745210729,0.21221264367816095,0.22083333333333333,0.016666666666666666,0.25833333333333336,0.4959374999999994,64,False
results/mobio_key_pool_split_replication/metrics.json,3d2df5139854b2fa52d5d0aa635297d6efc869f7cdece55eb129ae5a767e37e5,ca8d1d5d52878f6590f79b3496720d69679492542201e12bdf7de1f822575040,1754d228a3989e52684d6af90d9b71d6b8c4553973012134835ec3d505a3a666,8fdef01eb5c6579a025be82726e3cce1fd965238,exploratory,MOBIO,biohash,90551,90557,90563,30,random_key_pool_5,5,deepsets,197,0.42916666666666664,0.725,0.8704801245210727,0.21336206896551724,0.2791666666666667,0.041666666666666664,0.3165625000000002,0.5416666666666666,83,False
results/mobio_key_pool_split_replication/metrics.json,3d2df5139854b2fa52d5d0aa635297d6efc869f7cdece55eb129ae5a767e37e5,ca8d1d5d52878f6590f79b3496720d69679492542201e12bdf7de1f822575040,1754d228a3989e52684d6af90d9b71d6b8c4553973012134835ec3d505a3a666,8fdef01eb5c6579a025be82726e3cce1fd965238,exploratory,MOBIO,biohash,90551,90557,90563,30,random_key_pool_5,5,deepsets,207,0.35833333333333334,0.7208333333333333,0.8603783524904215,0.22658045977011493,0.23333333333333334,0.08333333333333333,0.24583333333333332,0.4708333333333333,68,False
results/mobio_key_pool_split_replication/metrics.json,3d2df5139854b2fa52d5d0aa635297d6efc869f7cdece55eb129ae5a767e37e5,ca8d1d5d52878f6590f79b3496720d69679492542201e12bdf7de1f822575040,1754d228a3989e52684d6af90d9b71d6b8c4553973012134835ec3d505a3a666,8fdef01eb5c6579a025be82726e3cce1fd965238,exploratory,MOBIO,biohash,90551,90557,90563,30,random_key_pool_5,10,mean_mlp,187,0.5916666666666667,0.8791666666666667,0.9410967432950192,0.12866379310344828,0.5541666666666667,0.09583333333333334,0.42489583333333353,0.7458333333333333,74,False
results/mobio_key_pool_split_replication/metrics.json,3d2df5139854b2fa52d5d0aa635297d6efc869f7cdece55eb129ae5a767e37e5,ca8d1d5d52878f6590f79b3496720d69679492542201e12bdf7de1f822575040,1754d228a3989e52684d6af90d9b71d6b8c4553973012134835ec3d505a3a666,8fdef01eb5c6579a025be82726e3cce1fd965238,exploratory,MOBIO,biohash,90551,90557,90563,30,random_key_pool_5,10,mean_mlp,197,0.42083333333333334,0.8666666666666667,0.9287476053639847,0.1540948275862069,0.2625,0.029166666666666667,0.2833333333333333,0.5625,75,False
results/mobio_key_pool_split_replication/metrics.json,3d2df5139854b2fa52d5d0aa635297d6efc869f7cdece55eb129ae5a767e37e5,ca8d1d5d52878f6590f79b3496720d69679492542201e12bdf7de1f822575040,1754d228a3989e52684d6af90d9b71d6b8c4553973012134835ec3d505a3a666,8fdef01eb5c6579a025be82726e3cce1fd965238,exploratory,MOBIO,biohash,90551,90557,90563,30,random_key_pool_5,10,mean_mlp,207,0.5208333333333334,0.825,0.9276263170498085,0.16580459770114941,0.4166666666666667,0.225,0.35833333333333334,0.6916666666666667,394,False
results/mobio_key_pool_split_replication/metrics.json,3d2df5139854b2fa52d5d0aa635297d6efc869f7cdece55eb129ae5a767e37e5,ca8d1d5d52878f6590f79b3496720d69679492542201e12bdf7de1f822575040,1754d228a3989e52684d6af90d9b71d6b8c4553973012134835ec3d505a3a666,8fdef01eb5c6579a025be82726e3cce1fd965238,exploratory,MOBIO,biohash,90551,90557,90563,30,random_key_pool_5,10,deepsets,187,0.43333333333333335,0.825,0.8933471024904215,0.17823275862068966,0.25416666666666665,0.05,0.2708333333333333,0.5875,52,False
results/mobio_key_pool_split_replication/metrics.json,3d2df5139854b2fa52d5d0aa635297d6efc869f7cdece55eb129ae5a767e37e5,ca8d1d5d52878f6590f79b3496720d69679492542201e12bdf7de1f822575040,1754d228a3989e52684d6af90d9b71d6b8c4553973012134835ec3d505a3a666,8fdef01eb5c6579a025be82726e3cce1fd965238,exploratory,MOBIO,biohash,90551,90557,90563,30,random_key_pool_5,10,deepsets,197,0.48333333333333334,0.7708333333333334,0.8782142001915707,0.20905172413793105,0.29583333333333334,0.14583333333333334,0.325,0.6458333333333334,103,False
results/mobio_key_pool_split_replication/metrics.json,3d2df5139854b2fa52d5d0aa635297d6efc869f7cdece55eb129ae5a767e37e5,ca8d1d5d52878f6590f79b3496720d69679492542201e12bdf7de1f822575040,1754d228a3989e52684d6af90d9b71d6b8c4553973012134835ec3d505a3a666,8fdef01eb5c6579a025be82726e3cce1fd965238,exploratory,MOBIO,biohash,90551,90557,90563,30,random_key_pool_5,10,deepsets,207,0.4666666666666667,0.7583333333333333,0.9083291427203064,0.1954022988505747,0.3416666666666667,0.12916666666666668,0.30416666666666664,0.6291666666666667,88,False
results/mobio_key_pool_split_replication/metrics.json,3d2df5139854b2fa52d5d0aa635297d6efc869f7cdece55eb129ae5a767e37e5,ca8d1d5d52878f6590f79b3496720d69679492542201e12bdf7de1f822575040,1754d228a3989e52684d6af90d9b71d6b8c4553973012134835ec3d505a3a666,8fdef01eb5c6579a025be82726e3cce1fd965238,exploratory,MOBIO,biohash,90551,90557,90563,30,random_key_pool_10,1,single_mlp,187,0.0375,0.1625,0.5100095785440613,0.4923850574712644,0.0125,0.0,0.0,0.10833333333333334,18,False
results/mobio_key_pool_split_replication/metrics.json,3d2df5139854b2fa52d5d0aa635297d6efc869f7cdece55eb129ae5a767e37e5,ca8d1d5d52878f6590f79b3496720d69679492542201e12bdf7de1f822575040,1754d228a3989e52684d6af90d9b71d6b8c4553973012134835ec3d505a3a666,8fdef01eb5c6579a025be82726e3cce1fd965238,exploratory,MOBIO,biohash,90551,90557,90563,30,random_key_pool_10,1,single_mlp,197,0.041666666666666664,0.15416666666666667,0.5061661877394636,0.4940373563218391,0.016666666666666666,0.0,0.0,0.11666666666666667,16,False
results/mobio_key_pool_split_replication/metrics.json,3d2df5139854b2fa52d5d0aa635297d6efc869f7cdece55eb129ae5a767e37e5,ca8d1d5d52878f6590f79b3496720d69679492542201e12bdf7de1f822575040,1754d228a3989e52684d6af90d9b71d6b8c4553973012134835ec3d505a3a666,8fdef01eb5c6579a025be82726e3cce1fd965238,exploratory,MOBIO,biohash,90551,90557,90563,30,random_key_pool_10,1,single_mlp,207,0.05,0.18333333333333332,0.5038032806513411,0.4953304597701149,0.0125,0.004166666666666667,0.0,0.13333333333333333,15,False
results/mobio_key_pool_split_replication/metrics.json,3d2df5139854b2fa52d5d0aa635297d6efc869f7cdece55eb129ae5a767e37e5,ca8d1d5d52878f6590f79b3496720d69679492542201e12bdf7de1f822575040,1754d228a3989e52684d6af90d9b71d6b8c4553973012134835ec3d505a3a666,8fdef01eb5c6579a025be82726e3cce1fd965238,exploratory,MOBIO,biohash,90551,90557,90563,30,random_key_pool_10,2,mean_mlp,187,0.0375,0.19166666666666668,0.5194737787356322,0.49245689655172414,0.008333333333333333,0.0,0.0,0.10833333333333334,20,False
results/mobio_key_pool_split_replication/metrics.json,3d2df5139854b2fa52d5d0aa635297d6efc869f7cdece55eb129ae5a767e37e5,ca8d1d5d52878f6590f79b3496720d69679492542201e12bdf7de1f822575040,1754d228a3989e52684d6af90d9b71d6b8c4553973012134835ec3d505a3a666,8fdef01eb5c6579a025be82726e3cce1fd965238,exploratory,MOBIO,biohash,90551,90557,90563,30,random_key_pool_10,2,mean_mlp,197,0.05,0.14583333333333334,0.5359333093869731,0.4873563218390805,0.020833333333333332,0.0,0.0,0.12916666666666668,21,False
results/mobio_key_pool_split_replication/metrics.json,3d2df5139854b2fa52d5d0aa635297d6efc869f7cdece55eb129ae5a767e37e5,ca8d1d5d52878f6590f79b3496720d69679492542201e12bdf7de1f822575040,1754d228a3989e52684d6af90d9b71d6b8c4553973012134835ec3d505a3a666,8fdef01eb5c6579a025be82726e3cce1fd965238,exploratory,MOBIO,biohash,90551,90557,90563,30,random_key_pool_10,2,mean_mlp,207,0.0375,0.17916666666666667,0.5195252634099616,0.5081178160919539,0.0125,0.004166666666666667,0.0,0.1,19,False
results/mobio_key_pool_split_replication/metrics.json,3d2df5139854b2fa52d5d0aa635297d6efc869f7cdece55eb129ae5a767e37e5,ca8d1d5d52878f6590f79b3496720d69679492542201e12bdf7de1f822575040,1754d228a3989e52684d6af90d9b71d6b8c4553973012134835ec3d505a3a666,8fdef01eb5c6579a025be82726e3cce1fd965238,exploratory,MOBIO,biohash,90551,90557,90563,30,random_key_pool_10,2,deepsets,187,0.04583333333333333,0.175,0.5077532327586207,0.4991379310344828,0.004166666666666667,0.0,0.0,0.125,23,False
results/mobio_key_pool_split_replication/metrics.json,3d2df5139854b2fa52d5d0aa635297d6efc869f7cdece55eb129ae5a767e37e5,ca8d1d5d52878f6590f79b3496720d69679492542201e12bdf7de1f822575040,1754d228a3989e52684d6af90d9b71d6b8c4553973012134835ec3d505a3a666,8fdef01eb5c6579a025be82726e3cce1fd965238,exploratory,MOBIO,biohash,90551,90557,90563,30,random_key_pool_10,2,deepsets,197,0.03333333333333333,0.16666666666666666,0.5154052921455938,0.48793103448275865,0.0125,0.0,0.0,0.1,26,False
results/mobio_key_pool_split_replication/metrics.json,3d2df5139854b2fa52d5d0aa635297d6efc869f7cdece55eb129ae5a767e37e5,ca8d1d5d52878f6590f79b3496720d69679492542201e12bdf7de1f822575040,1754d228a3989e52684d6af90d9b71d6b8c4553973012134835ec3d505a3a666,8fdef01eb5c6579a025be82726e3cce1fd965238,exploratory,MOBIO,biohash,90551,90557,90563,30,random_key_pool_10,2,deepsets,207,0.03333333333333333,0.17916666666666667,0.5112140804597701,0.4969109195402299,0.029166666666666667,0.0,0.0,0.1,26,False
results/mobio_key_pool_split_replication/metrics.json,3d2df5139854b2fa52d5d0aa635297d6efc869f7cdece55eb129ae5a767e37e5,ca8d1d5d52878f6590f79b3496720d69679492542201e12bdf7de1f822575040,1754d228a3989e52684d6af90d9b71d6b8c4553973012134835ec3d505a3a666,8fdef01eb5c6579a025be82726e3cce1fd965238,exploratory,MOBIO,biohash,90551,90557,90563,30,random_key_pool_10,5,mean_mlp,187,0.03333333333333333,0.23333333333333334,0.5270258620689655,0.48268678160919537,0.0125,0.0,0.0,0.1,20,False
results/mobio_key_pool_split_replication/metrics.json,3d2df5139854b2fa52d5d0aa635297d6efc869f7cdece55eb129ae5a767e37e5,ca8d1d5d52878f6590f79b3496720d69679492542201e12bdf7de1f822575040,1754d228a3989e52684d6af90d9b71d6b8c4553973012134835ec3d505a3a666,8fdef01eb5c6579a025be82726e3cce1fd965238,exploratory,MOBIO,biohash,90551,90557,90563,30,random_key_pool_10,5,mean_mlp,197,0.07083333333333333,0.15,0.5540110153256705,0.4665948275862069,0.020833333333333332,0.008333333333333333,0.0,0.17083333333333334,21,False
results/mobio_key_pool_split_replication/metrics.json,3d2df5139854b2fa52d5d0aa635297d6efc869f7cdece55eb129ae5a767e37e5,ca8d1d5d52878f6590f79b3496720d69679492542201e12bdf7de1f822575040,1754d228a3989e52684d6af90d9b71d6b8c4553973012134835ec3d505a3a666,8fdef01eb5c6579a025be82726e3cce1fd965238,exploratory,MOBIO,biohash,90551,90557,90563,30,random_key_pool_10,5,mean_mlp,207,0.05416666666666667,0.175,0.5396791187739463,0.4948275862068966,0.0125,0.004166666666666667,0.0,0.13333333333333333,20,False
results/mobio_key_pool_split_replication/metrics.json,3d2df5139854b2fa52d5d0aa635297d6efc869f7cdece55eb129ae5a767e37e5,ca8d1d5d52878f6590f79b3496720d69679492542201e12bdf7de1f822575040,1754d228a3989e52684d6af90d9b71d6b8c4553973012134835ec3d505a3a666,8fdef01eb5c6579a025be82726e3cce1fd965238,exploratory,MOBIO,biohash,90551,90557,90563,30,random_key_pool_10,5,deepsets,187,0.041666666666666664,0.17083333333333334,0.5117444923371648,0.4903735632183908,0.025,0.0,0.0,0.11666666666666667,25,False
results/mobio_key_pool_split_replication/metrics.json,3d2df5139854b2fa52d5d0aa635297d6efc869f7cdece55eb129ae5a767e37e5,ca8d1d5d52878f6590f79b3496720d69679492542201e12bdf7de1f822575040,1754d228a3989e52684d6af90d9b71d6b8c4553973012134835ec3d505a3a666,8fdef01eb5c6579a025be82726e3cce1fd965238,exploratory,MOBIO,biohash,90551,90557,90563,30,random_key_pool_10,5,deepsets,197,0.03333333333333333,0.18333333333333332,0.5142133620689655,0.4951867816091954,0.0,0.0,0.0,0.1,28,False
results/mobio_key_pool_split_replication/metrics.json,3d2df5139854b2fa52d5d0aa635297d6efc869f7cdece55eb129ae5a767e37e5,ca8d1d5d52878f6590f79b3496720d69679492542201e12bdf7de1f822575040,1754d228a3989e52684d6af90d9b71d6b8c4553973012134835ec3d505a3a666,8fdef01eb5c6579a025be82726e3cce1fd965238,exploratory,MOBIO,biohash,90551,90557,90563,30,random_key_pool_10,5,deepsets,207,0.0375,0.19166666666666668,0.5177933429118774,0.4880747126436782,0.025,0.0,0.0,0.1125,30,False
results/mobio_key_pool_split_replication/metrics.json,3d2df5139854b2fa52d5d0aa635297d6efc869f7cdece55eb129ae5a767e37e5,ca8d1d5d52878f6590f79b3496720d69679492542201e12bdf7de1f822575040,1754d228a3989e52684d6af90d9b71d6b8c4553973012134835ec3d505a3a666,8fdef01eb5c6579a025be82726e3cce1fd965238,exploratory,MOBIO,biohash,90551,90557,90563,30,random_key_pool_10,10,mean_mlp,187,0.03333333333333333,0.20416666666666666,0.5346611590038315,0.46623563218390807,0.0,0.0,0.0,0.1,20,False
results/mobio_key_pool_split_replication/metrics.json,3d2df5139854b2fa52d5d0aa635297d6efc869f7cdece55eb129ae5a767e37e5,ca8d1d5d52878f6590f79b3496720d69679492542201e12bdf7de1f822575040,1754d228a3989e52684d6af90d9b71d6b8c4553973012134835ec3d505a3a666,8fdef01eb5c6579a025be82726e3cce1fd965238,exploratory,MOBIO,biohash,90551,90557,90563,30,random_key_pool_10,10,mean_mlp,197,0.06666666666666667,0.13333333333333333,0.5669444444444445,0.48038793103448274,0.03333333333333333,0.0,0.0,0.16666666666666666,21,False
results/mobio_key_pool_split_replication/metrics.json,3d2df5139854b2fa52d5d0aa635297d6efc869f7cdece55eb129ae5a767e37e5,ca8d1d5d52878f6590f79b3496720d69679492542201e12bdf7de1f822575040,1754d228a3989e52684d6af90d9b71d6b8c4553973012134835ec3d505a3a666,8fdef01eb5c6579a025be82726e3cce1fd965238,exploratory,MOBIO,biohash,90551,90557,90563,30,random_key_pool_10,10,mean_mlp,207,0.06666666666666667,0.16666666666666666,0.5465954262452107,0.49985632183908046,0.025,0.0,0.0,0.16666666666666666,19,False
results/mobio_key_pool_split_replication/metrics.json,3d2df5139854b2fa52d5d0aa635297d6efc869f7cdece55eb129ae5a767e37e5,ca8d1d5d52878f6590f79b3496720d69679492542201e12bdf7de1f822575040,1754d228a3989e52684d6af90d9b71d6b8c4553973012134835ec3d505a3a666,8fdef01eb5c6579a025be82726e3cce1fd965238,exploratory,MOBIO,biohash,90551,90557,90563,30,random_key_pool_10,10,deepsets,187,0.041666666666666664,0.16666666666666666,0.5147497605363984,0.5005747126436781,0.029166666666666667,0.0,0.0,0.11666666666666667,28,False
results/mobio_key_pool_split_replication/metrics.json,3d2df5139854b2fa52d5d0aa635297d6efc869f7cdece55eb129ae5a767e37e5,ca8d1d5d52878f6590f79b3496720d69679492542201e12bdf7de1f822575040,1754d228a3989e52684d6af90d9b71d6b8c4553973012134835ec3d505a3a666,8fdef01eb5c6579a025be82726e3cce1fd965238,exploratory,MOBIO,biohash,90551,90557,90563,30,random_key_pool_10,10,deepsets,197,0.05,0.24166666666666667,0.6082788553639847,0.4209770114942528,0.04583333333333333,0.03333333333333333,0.0,0.13333333333333333,39,False
results/mobio_key_pool_split_replication/metrics.json,3d2df5139854b2fa52d5d0aa635297d6efc869f7cdece55eb129ae5a767e37e5,ca8d1d5d52878f6590f79b3496720d69679492542201e12bdf7de1f822575040,1754d228a3989e52684d6af90d9b71d6b8c4553973012134835ec3d505a3a666,8fdef01eb5c6579a025be82726e3cce1fd965238,exploratory,MOBIO,biohash,90551,90557,90563,30,random_key_pool_10,10,deepsets,207,0.05416666666666667,0.19166666666666668,0.5167019875478928,0.5050287356321839,0.03333333333333333,0.0,0.0,0.13333333333333333,31,False
results/mobio_key_pool_split_replication/metrics.json,3d2df5139854b2fa52d5d0aa635297d6efc869f7cdece55eb129ae5a767e37e5,ca8d1d5d52878f6590f79b3496720d69679492542201e12bdf7de1f822575040,1754d228a3989e52684d6af90d9b71d6b8c4553973012134835ec3d505a3a666,8fdef01eb5c6579a025be82726e3cce1fd965238,exploratory,MOBIO,biohash,90551,90557,90563,30,independent_unseen_keys,1,single_mlp,187,0.04583333333333333,0.14166666666666666,0.5064511494252874,0.46587643678160917,0.0125,0.0,0.0,0.11666666666666667,16,False
results/mobio_key_pool_split_replication/metrics.json,3d2df5139854b2fa52d5d0aa635297d6efc869f7cdece55eb129ae5a767e37e5,ca8d1d5d52878f6590f79b3496720d69679492542201e12bdf7de1f822575040,1754d228a3989e52684d6af90d9b71d6b8c4553973012134835ec3d505a3a666,8fdef01eb5c6579a025be82726e3cce1fd965238,exploratory,MOBIO,biohash,90551,90557,90563,30,independent_unseen_keys,1,single_mlp,197,0.03333333333333333,0.175,0.5045252634099617,0.49511494252873567,0.008333333333333333,0.0,0.0,0.1,14,False
results/mobio_key_pool_split_replication/metrics.json,3d2df5139854b2fa52d5d0aa635297d6efc869f7cdece55eb129ae5a767e37e5,ca8d1d5d52878f6590f79b3496720d69679492542201e12bdf7de1f822575040,1754d228a3989e52684d6af90d9b71d6b8c4553973012134835ec3d505a3a666,8fdef01eb5c6579a025be82726e3cce1fd965238,exploratory,MOBIO,biohash,90551,90557,90563,30,independent_unseen_keys,1,single_mlp,207,0.041666666666666664,0.17916666666666667,0.50931094348659,0.49935344827586203,0.008333333333333333,0.004166666666666667,0.0,0.1,14,False
results/mobio_key_pool_split_replication/metrics.json,3d2df5139854b2fa52d5d0aa635297d6efc869f7cdece55eb129ae5a767e37e5,ca8d1d5d52878f6590f79b3496720d69679492542201e12bdf7de1f822575040,1754d228a3989e52684d6af90d9b71d6b8c4553973012134835ec3d505a3a666,8fdef01eb5c6579a025be82726e3cce1fd965238,exploratory,MOBIO,biohash,90551,90557,90563,30,independent_unseen_keys,2,mean_mlp,187,0.029166666666666667,0.175,0.5016109913793103,0.49173850574712646,0.0125,0.0,0.0,0.07916666666666666,18,False
results/mobio_key_pool_split_replication/metrics.json,3d2df5139854b2fa52d5d0aa635297d6efc869f7cdece55eb129ae5a767e37e5,ca8d1d5d52878f6590f79b3496720d69679492542201e12bdf7de1f822575040,1754d228a3989e52684d6af90d9b71d6b8c4553973012134835ec3d505a3a666,8fdef01eb5c6579a025be82726e3cce1fd965238,exploratory,MOBIO,biohash,90551,90557,90563,30,independent_unseen_keys,2,mean_mlp,197,0.03333333333333333,0.1875,0.49580639367816093,0.5168103448275863,0.0125,0.0,0.0,0.1,14,False
results/mobio_key_pool_split_replication/metrics.json,3d2df5139854b2fa52d5d0aa635297d6efc869f7cdece55eb129ae5a767e37e5,ca8d1d5d52878f6590f79b3496720d69679492542201e12bdf7de1f822575040,1754d228a3989e52684d6af90d9b71d6b8c4553973012134835ec3d505a3a666,8fdef01eb5c6579a025be82726e3cce1fd965238,exploratory,MOBIO,biohash,90551,90557,90563,30,independent_unseen_keys,2,mean_mlp,207,0.0375,0.17083333333333334,0.5170186781609195,0.4908045977011495,0.008333333333333333,0.0,0.0,0.1,16,False
results/mobio_key_pool_split_replication/metrics.json,3d2df5139854b2fa52d5d0aa635297d6efc869f7cdece55eb129ae5a767e37e5,ca8d1d5d52878f6590f79b3496720d69679492542201e12bdf7de1f822575040,1754d228a3989e52684d6af90d9b71d6b8c4553973012134835ec3d505a3a666,8fdef01eb5c6579a025be82726e3cce1fd965238,exploratory,MOBIO,biohash,90551,90557,90563,30,independent_unseen_keys,2,deepsets,187,0.03333333333333333,0.16666666666666666,0.4996527777777777,0.49985632183908046,0.004166666666666667,0.0,0.0,0.1,23,False
results/mobio_key_pool_split_replication/metrics.json,3d2df5139854b2fa52d5d0aa635297d6efc869f7cdece55eb129ae5a767e37e5,ca8d1d5d52878f6590f79b3496720d69679492542201e12bdf7de1f822575040,1754d228a3989e52684d6af90d9b71d6b8c4553973012134835ec3d505a3a666,8fdef01eb5c6579a025be82726e3cce1fd965238,exploratory,MOBIO,biohash,90551,90557,90563,30,independent_unseen_keys,2,deepsets,197,0.03333333333333333,0.175,0.5014104406130268,0.5082614942528736,0.0125,0.008333333333333333,0.0,0.1,18,False
results/mobio_key_pool_split_replication/metrics.json,3d2df5139854b2fa52d5d0aa635297d6efc869f7cdece55eb129ae5a767e37e5,ca8d1d5d52878f6590f79b3496720d69679492542201e12bdf7de1f822575040,1754d228a3989e52684d6af90d9b71d6b8c4553973012134835ec3d505a3a666,8fdef01eb5c6579a025be82726e3cce1fd965238,exploratory,MOBIO,biohash,90551,90557,90563,30,independent_unseen_keys,2,deepsets,207,0.03333333333333333,0.16666666666666666,0.5013595545977012,0.4992816091954023,0.016666666666666666,0.0,0.0,0.1,22,False
results/mobio_key_pool_split_replication/metrics.json,3d2df5139854b2fa52d5d0aa635297d6efc869f7cdece55eb129ae5a767e37e5,ca8d1d5d52878f6590f79b3496720d69679492542201e12bdf7de1f822575040,1754d228a3989e52684d6af90d9b71d6b8c4553973012134835ec3d505a3a666,8fdef01eb5c6579a025be82726e3cce1fd965238,exploratory,MOBIO,biohash,90551,90557,90563,30,independent_unseen_keys,5,mean_mlp,187,0.03333333333333333,0.15416666666666667,0.5006998323754789,0.5083333333333333,0.004166666666666667,0.0,0.0,0.1,18,False
results/mobio_key_pool_split_replication/metrics.json,3d2df5139854b2fa52d5d0aa635297d6efc869f7cdece55eb129ae5a767e37e5,ca8d1d5d52878f6590f79b3496720d69679492542201e12bdf7de1f822575040,1754d228a3989e52684d6af90d9b71d6b8c4553973012134835ec3d505a3a666,8fdef01eb5c6579a025be82726e3cce1fd965238,exploratory,MOBIO,biohash,90551,90557,90563,30,independent_unseen_keys,5,mean_mlp,197,0.03333333333333333,0.16666666666666666,0.4994863505747127,0.5260057471264368,0.0125,0.0,0.0,0.1,16,False
results/mobio_key_pool_split_replication/metrics.json,3d2df5139854b2fa52d5d0aa635297d6efc869f7cdece55eb129ae5a767e37e5,ca8d1d5d52878f6590f79b3496720d69679492542201e12bdf7de1f822575040,1754d228a3989e52684d6af90d9b71d6b8c4553973012134835ec3d505a3a666,8fdef01eb5c6579a025be82726e3cce1fd965238,exploratory,MOBIO,biohash,90551,90557,90563,30,independent_unseen_keys,5,mean_mlp,207,0.03333333333333333,0.175,0.5126161398467433,0.4964080459770115,0.004166666666666667,0.0,0.0,0.08333333333333333,16,False
results/mobio_key_pool_split_replication/metrics.json,3d2df5139854b2fa52d5d0aa635297d6efc869f7cdece55eb129ae5a767e37e5,ca8d1d5d52878f6590f79b3496720d69679492542201e12bdf7de1f822575040,1754d228a3989e52684d6af90d9b71d6b8c4553973012134835ec3d505a3a666,8fdef01eb5c6579a025be82726e3cce1fd965238,exploratory,MOBIO,biohash,90551,90557,90563,30,independent_unseen_keys,5,deepsets,187,0.03333333333333333,0.16666666666666666,0.49807291666666664,0.5012212643678161,0.004166666666666667,0.0,0.0,0.1,31,False
results/mobio_key_pool_split_replication/metrics.json,3d2df5139854b2fa52d5d0aa635297d6efc869f7cdece55eb129ae5a767e37e5,ca8d1d5d52878f6590f79b3496720d69679492542201e12bdf7de1f822575040,1754d228a3989e52684d6af90d9b71d6b8c4553973012134835ec3d505a3a666,8fdef01eb5c6579a025be82726e3cce1fd965238,exploratory,MOBIO,biohash,90551,90557,90563,30,independent_unseen_keys,5,deepsets,197,0.03333333333333333,0.17916666666666667,0.5020102969348659,0.5004310344827586,0.020833333333333332,0.0,0.0,0.1,19,False
results/mobio_key_pool_split_replication/metrics.json,3d2df5139854b2fa52d5d0aa635297d6efc869f7cdece55eb129ae5a767e37e5,ca8d1d5d52878f6590f79b3496720d69679492542201e12bdf7de1f822575040,1754d228a3989e52684d6af90d9b71d6b8c4553973012134835ec3d505a3a666,8fdef01eb5c6579a025be82726e3cce1fd965238,exploratory,MOBIO,biohash,90551,90557,90563,30,independent_unseen_keys,5,deepsets,207,0.03333333333333333,0.16666666666666666,0.5017403017241379,0.490014367816092,0.004166666666666667,0.0,0.0,0.1,37,False
results/mobio_key_pool_split_replication/metrics.json,3d2df5139854b2fa52d5d0aa635297d6efc869f7cdece55eb129ae5a767e37e5,ca8d1d5d52878f6590f79b3496720d69679492542201e12bdf7de1f822575040,1754d228a3989e52684d6af90d9b71d6b8c4553973012134835ec3d505a3a666,8fdef01eb5c6579a025be82726e3cce1fd965238,exploratory,MOBIO,biohash,90551,90557,90563,30,independent_unseen_keys,10,mean_mlp,187,0.03333333333333333,0.16666666666666666,0.5009482758620689,0.4916666666666667,0.0,0.0,0.0,0.1,19,False
results/mobio_key_pool_split_replication/metrics.json,3d2df5139854b2fa52d5d0aa635297d6efc869f7cdece55eb129ae5a767e37e5,ca8d1d5d52878f6590f79b3496720d69679492542201e12bdf7de1f822575040,1754d228a3989e52684d6af90d9b71d6b8c4553973012134835ec3d505a3a666,8fdef01eb5c6579a025be82726e3cce1fd965238,exploratory,MOBIO,biohash,90551,90557,90563,30,independent_unseen_keys,10,mean_mlp,197,0.03333333333333333,0.16666666666666666,0.4983333333333333,0.5032327586206897,0.029166666666666667,0.0,0.0,0.1,14,False
results/mobio_key_pool_split_replication/metrics.json,3d2df5139854b2fa52d5d0aa635297d6efc869f7cdece55eb129ae5a767e37e5,ca8d1d5d52878f6590f79b3496720d69679492542201e12bdf7de1f822575040,1754d228a3989e52684d6af90d9b71d6b8c4553973012134835ec3d505a3a666,8fdef01eb5c6579a025be82726e3cce1fd965238,exploratory,MOBIO,biohash,90551,90557,90563,30,independent_unseen_keys,10,mean_mlp,207,0.041666666666666664,0.175,0.5074988026819923,0.48556034482758625,0.0,0.0,0.0,0.11666666666666667,16,False
results/mobio_key_pool_split_replication/metrics.json,3d2df5139854b2fa52d5d0aa635297d6efc869f7cdece55eb129ae5a767e37e5,ca8d1d5d52878f6590f79b3496720d69679492542201e12bdf7de1f822575040,1754d228a3989e52684d6af90d9b71d6b8c4553973012134835ec3d505a3a666,8fdef01eb5c6579a025be82726e3cce1fd965238,exploratory,MOBIO,biohash,90551,90557,90563,30,independent_unseen_keys,10,deepsets,187,0.03333333333333333,0.1875,0.4977538314176245,0.5203304597701148,0.0,0.0,0.0,0.1,35,False
results/mobio_key_pool_split_replication/metrics.json,3d2df5139854b2fa52d5d0aa635297d6efc869f7cdece55eb129ae5a767e37e5,ca8d1d5d52878f6590f79b3496720d69679492542201e12bdf7de1f822575040,1754d228a3989e52684d6af90d9b71d6b8c4553973012134835ec3d505a3a666,8fdef01eb5c6579a025be82726e3cce1fd965238,exploratory,MOBIO,biohash,90551,90557,90563,30,independent_unseen_keys,10,deepsets,197,0.03333333333333333,0.16666666666666666,0.5028412356321839,0.5207614942528735,0.0,0.0,0.0,0.1,18,False
results/mobio_key_pool_split_replication/metrics.json,3d2df5139854b2fa52d5d0aa635297d6efc869f7cdece55eb129ae5a767e37e5,ca8d1d5d52878f6590f79b3496720d69679492542201e12bdf7de1f822575040,1754d228a3989e52684d6af90d9b71d6b8c4553973012134835ec3d505a3a666,8fdef01eb5c6579a025be82726e3cce1fd965238,exploratory,MOBIO,biohash,90551,90557,90563,30,independent_unseen_keys,10,deepsets,207,0.03333333333333333,0.1875,0.5033051963601533,0.5008620689655172,0.0,0.0,0.0,0.1,40,False
results/mobio_mlphash_key_pool/metrics.json,60ee22b769b23aebafc9e56e9a9a1a60fd4df63e5334adf3632b6a917478c5cc,994244525909da31df8f6eeb83fb7fc4d02be4947852719fb6036a3e30226380,1754d228a3989e52684d6af90d9b71d6b8c4553973012134835ec3d505a3a666,8fdef01eb5c6579a025be82726e3cce1fd965238,exploratory,MOBIO,mlphash_paper_specified,original,90533,90539,30,random_key_pool_1,1,single_mlp,157,0.5583333333333333,0.8833333333333333,0.9353975095785442,0.1333333333333333,0.4125,0.09583333333333334,0.44583333333333336,0.6625,72,False
results/mobio_mlphash_key_pool/metrics.json,60ee22b769b23aebafc9e56e9a9a1a60fd4df63e5334adf3632b6a917478c5cc,994244525909da31df8f6eeb83fb7fc4d02be4947852719fb6036a3e30226380,1754d228a3989e52684d6af90d9b71d6b8c4553973012134835ec3d505a3a666,8fdef01eb5c6579a025be82726e3cce1fd965238,exploratory,MOBIO,mlphash_paper_specified,original,90533,90539,30,random_key_pool_1,1,single_mlp,167,0.525,0.8541666666666666,0.9354442049808429,0.15035919540229886,0.4041666666666667,0.15416666666666667,0.3958333333333333,0.65,70,False
results/mobio_mlphash_key_pool/metrics.json,60ee22b769b23aebafc9e56e9a9a1a60fd4df63e5334adf3632b6a917478c5cc,994244525909da31df8f6eeb83fb7fc4d02be4947852719fb6036a3e30226380,1754d228a3989e52684d6af90d9b71d6b8c4553973012134835ec3d505a3a666,8fdef01eb5c6579a025be82726e3cce1fd965238,exploratory,MOBIO,mlphash_paper_specified,original,90533,90539,30,random_key_pool_1,1,single_mlp,177,0.4791666666666667,0.7666666666666667,0.9146958812260537,0.17952586206896554,0.39166666666666666,0.12083333333333333,0.3458333333333333,0.6,78,False
results/mobio_mlphash_key_pool/metrics.json,60ee22b769b23aebafc9e56e9a9a1a60fd4df63e5334adf3632b6a917478c5cc,994244525909da31df8f6eeb83fb7fc4d02be4947852719fb6036a3e30226380,1754d228a3989e52684d6af90d9b71d6b8c4553973012134835ec3d505a3a666,8fdef01eb5c6579a025be82726e3cce1fd965238,exploratory,MOBIO,mlphash_paper_specified,original,90533,90539,30,random_key_pool_1,2,mean_mlp,157,0.65,0.9166666666666666,0.9576867816091953,0.10933908045977009,0.5041666666666667,0.14166666666666666,0.5332291666666669,0.7625,95,False
results/mobio_mlphash_key_pool/metrics.json,60ee22b769b23aebafc9e56e9a9a1a60fd4df63e5334adf3632b6a917478c5cc,994244525909da31df8f6eeb83fb7fc4d02be4947852719fb6036a3e30226380,1754d228a3989e52684d6af90d9b71d6b8c4553973012134835ec3d505a3a666,8fdef01eb5c6579a025be82726e3cce1fd965238,exploratory,MOBIO,mlphash_paper_specified,original,90533,90539,30,random_key_pool_1,2,mean_mlp,167,0.65,0.9208333333333333,0.9632501197318006,0.11695402298850577,0.5458333333333333,0.275,0.5291666666666667,0.775,93,False
results/mobio_mlphash_key_pool/metrics.json,60ee22b769b23aebafc9e56e9a9a1a60fd4df63e5334adf3632b6a917478c5cc,994244525909da31df8f6eeb83fb7fc4d02be4947852719fb6036a3e30226380,1754d228a3989e52684d6af90d9b71d6b8c4553973012134835ec3d505a3a666,8fdef01eb5c6579a025be82726e3cce1fd965238,exploratory,MOBIO,mlphash_paper_specified,original,90533,90539,30,random_key_pool_1,2,mean_mlp,177,0.6083333333333333,0.8791666666666667,0.9450029932950192,0.12916666666666665,0.5,0.19583333333333333,0.475,0.7333333333333333,93,False
results/mobio_mlphash_key_pool/metrics.json,60ee22b769b23aebafc9e56e9a9a1a60fd4df63e5334adf3632b6a917478c5cc,994244525909da31df8f6eeb83fb7fc4d02be4947852719fb6036a3e30226380,1754d228a3989e52684d6af90d9b71d6b8c4553973012134835ec3d505a3a666,8fdef01eb5c6579a025be82726e3cce1fd965238,exploratory,MOBIO,mlphash_paper_specified,original,90533,90539,30,random_key_pool_1,2,deepsets,157,0.5958333333333333,0.8666666666666667,0.9373299808429119,0.12909482758620688,0.4375,0.14166666666666666,0.4791666666666667,0.7084374999999995,104,False
results/mobio_mlphash_key_pool/metrics.json,60ee22b769b23aebafc9e56e9a9a1a60fd4df63e5334adf3632b6a917478c5cc,994244525909da31df8f6eeb83fb7fc4d02be4947852719fb6036a3e30226380,1754d228a3989e52684d6af90d9b71d6b8c4553973012134835ec3d505a3a666,8fdef01eb5c6579a025be82726e3cce1fd965238,exploratory,MOBIO,mlphash_paper_specified,original,90533,90539,30,random_key_pool_1,2,deepsets,167,0.49583333333333335,0.8125,0.9148299808429118,0.1591235632183908,0.3875,0.17083333333333334,0.35833333333333334,0.6375,98,False
results/mobio_mlphash_key_pool/metrics.json,60ee22b769b23aebafc9e56e9a9a1a60fd4df63e5334adf3632b6a917478c5cc,994244525909da31df8f6eeb83fb7fc4d02be4947852719fb6036a3e30226380,1754d228a3989e52684d6af90d9b71d6b8c4553973012134835ec3d505a3a666,8fdef01eb5c6579a025be82726e3cce1fd965238,exploratory,MOBIO,mlphash_paper_specified,original,90533,90539,30,random_key_pool_1,2,deepsets,177,0.5375,0.8916666666666667,0.9353633860153256,0.12909482758620688,0.3375,0.18333333333333332,0.4166666666666667,0.6541666666666667,58,False
results/mobio_mlphash_key_pool/metrics.json,60ee22b769b23aebafc9e56e9a9a1a60fd4df63e5334adf3632b6a917478c5cc,994244525909da31df8f6eeb83fb7fc4d02be4947852719fb6036a3e30226380,1754d228a3989e52684d6af90d9b71d6b8c4553973012134835ec3d505a3a666,8fdef01eb5c6579a025be82726e3cce1fd965238,exploratory,MOBIO,mlphash_paper_specified,original,90533,90539,30,random_key_pool_1,5,mean_mlp,157,0.7291666666666666,0.975,0.9761554118773946,0.07966954022988508,0.6375,0.3875,0.6,0.8417708333333328,396,False
results/mobio_mlphash_key_pool/metrics.json,60ee22b769b23aebafc9e56e9a9a1a60fd4df63e5334adf3632b6a917478c5cc,994244525909da31df8f6eeb83fb7fc4d02be4947852719fb6036a3e30226380,1754d228a3989e52684d6af90d9b71d6b8c4553973012134835ec3d505a3a666,8fdef01eb5c6579a025be82726e3cce1fd965238,exploratory,MOBIO,mlphash_paper_specified,original,90533,90539,30,random_key_pool_1,5,mean_mlp,167,0.7666666666666667,0.975,0.9786266762452107,0.08290229885057473,0.7083333333333334,0.4708333333333333,0.625,0.9,395,False
results/mobio_mlphash_key_pool/metrics.json,60ee22b769b23aebafc9e56e9a9a1a60fd4df63e5334adf3632b6a917478c5cc,994244525909da31df8f6eeb83fb7fc4d02be4947852719fb6036a3e30226380,1754d228a3989e52684d6af90d9b71d6b8c4553973012134835ec3d505a3a666,8fdef01eb5c6579a025be82726e3cce1fd965238,exploratory,MOBIO,mlphash_paper_specified,original,90533,90539,30,random_key_pool_1,5,mean_mlp,177,0.7458333333333333,0.9291666666666667,0.9730537595785441,0.0959051724137931,0.6458333333333334,0.37916666666666665,0.6083333333333333,0.8625,397,False
results/mobio_mlphash_key_pool/metrics.json,60ee22b769b23aebafc9e56e9a9a1a60fd4df63e5334adf3632b6a917478c5cc,994244525909da31df8f6eeb83fb7fc4d02be4947852719fb6036a3e30226380,1754d228a3989e52684d6af90d9b71d6b8c4553973012134835ec3d505a3a666,8fdef01eb5c6579a025be82726e3cce1fd965238,exploratory,MOBIO,mlphash_paper_specified,original,90533,90539,30,random_key_pool_1,5,deepsets,157,0.5625,0.8125,0.9253178879310345,0.1732758620689655,0.4375,0.2833333333333333,0.3958333333333333,0.725,332,False
results/mobio_mlphash_key_pool/metrics.json,60ee22b769b23aebafc9e56e9a9a1a60fd4df63e5334adf3632b6a917478c5cc,994244525909da31df8f6eeb83fb7fc4d02be4947852719fb6036a3e30226380,1754d228a3989e52684d6af90d9b71d6b8c4553973012134835ec3d505a3a666,8fdef01eb5c6579a025be82726e3cce1fd965238,exploratory,MOBIO,mlphash_paper_specified,original,90533,90539,30,random_key_pool_1,5,deepsets,167,0.6541666666666667,0.8833333333333333,0.9394737787356323,0.12435344827586206,0.4875,0.2625,0.5041666666666667,0.7958333333333333,301,False
results/mobio_mlphash_key_pool/metrics.json,60ee22b769b23aebafc9e56e9a9a1a60fd4df63e5334adf3632b6a917478c5cc,994244525909da31df8f6eeb83fb7fc4d02be4947852719fb6036a3e30226380,1754d228a3989e52684d6af90d9b71d6b8c4553973012134835ec3d505a3a666,8fdef01eb5c6579a025be82726e3cce1fd965238,exploratory,MOBIO,mlphash_paper_specified,original,90533,90539,30,random_key_pool_1,5,deepsets,177,0.5833333333333334,0.8583333333333333,0.9444767720306514,0.14964080459770115,0.5125,0.175,0.425,0.7291666666666666,67,False
results/mobio_mlphash_key_pool/metrics.json,60ee22b769b23aebafc9e56e9a9a1a60fd4df63e5334adf3632b6a917478c5cc,994244525909da31df8f6eeb83fb7fc4d02be4947852719fb6036a3e30226380,1754d228a3989e52684d6af90d9b71d6b8c4553973012134835ec3d505a3a666,8fdef01eb5c6579a025be82726e3cce1fd965238,exploratory,MOBIO,mlphash_paper_specified,original,90533,90539,30,random_key_pool_1,10,mean_mlp,157,0.6791666666666667,1.0,0.9792660440613027,0.06652298850574712,0.5875,0.2791666666666667,0.5208333333333334,0.8208333333333333,400,False
results/mobio_mlphash_key_pool/metrics.json,60ee22b769b23aebafc9e56e9a9a1a60fd4df63e5334adf3632b6a917478c5cc,994244525909da31df8f6eeb83fb7fc4d02be4947852719fb6036a3e30226380,1754d228a3989e52684d6af90d9b71d6b8c4553973012134835ec3d505a3a666,8fdef01eb5c6579a025be82726e3cce1fd965238,exploratory,MOBIO,mlphash_paper_specified,original,90533,90539,30,random_key_pool_1,10,mean_mlp,167,0.8083333333333333,1.0,0.9879777298850574,0.0567528735632184,0.6125,0.37916666666666665,0.6748958333333336,0.9333333333333333,395,False
results/mobio_mlphash_key_pool/metrics.json,60ee22b769b23aebafc9e56e9a9a1a60fd4df63e5334adf3632b6a917478c5cc,994244525909da31df8f6eeb83fb7fc4d02be4947852719fb6036a3e30226380,1754d228a3989e52684d6af90d9b71d6b8c4553973012134835ec3d505a3a666,8fdef01eb5c6579a025be82726e3cce1fd965238,exploratory,MOBIO,mlphash_paper_specified,original,90533,90539,30,random_key_pool_1,10,mean_mlp,177,0.6541666666666667,0.9,0.96352969348659,0.10833333333333331,0.5583333333333333,0.24583333333333332,0.48333333333333334,0.8166666666666667,389,False
results/mobio_mlphash_key_pool/metrics.json,60ee22b769b23aebafc9e56e9a9a1a60fd4df63e5334adf3632b6a917478c5cc,994244525909da31df8f6eeb83fb7fc4d02be4947852719fb6036a3e30226380,1754d228a3989e52684d6af90d9b71d6b8c4553973012134835ec3d505a3a666,8fdef01eb5c6579a025be82726e3cce1fd965238,exploratory,MOBIO,mlphash_paper_specified,original,90533,90539,30,random_key_pool_1,10,deepsets,157,0.4708333333333333,0.85,0.9372641283524904,0.16192528735632183,0.30416666666666664,0.13333333333333333,0.30416666666666664,0.6417708333333328,63,False
results/mobio_mlphash_key_pool/metrics.json,60ee22b769b23aebafc9e56e9a9a1a60fd4df63e5334adf3632b6a917478c5cc,994244525909da31df8f6eeb83fb7fc4d02be4947852719fb6036a3e30226380,1754d228a3989e52684d6af90d9b71d6b8c4553973012134835ec3d505a3a666,8fdef01eb5c6579a025be82726e3cce1fd965238,exploratory,MOBIO,mlphash_paper_specified,original,90533,90539,30,random_key_pool_1,10,deepsets,167,0.5333333333333333,0.85,0.9163284243295018,0.13793103448275862,0.375,0.16666666666666666,0.37083333333333335,0.6959374999999994,48,False
results/mobio_mlphash_key_pool/metrics.json,60ee22b769b23aebafc9e56e9a9a1a60fd4df63e5334adf3632b6a917478c5cc,994244525909da31df8f6eeb83fb7fc4d02be4947852719fb6036a3e30226380,1754d228a3989e52684d6af90d9b71d6b8c4553973012134835ec3d505a3a666,8fdef01eb5c6579a025be82726e3cce1fd965238,exploratory,MOBIO,mlphash_paper_specified,original,90533,90539,30,random_key_pool_1,10,deepsets,177,0.5,0.8708333333333333,0.9432303639846744,0.1336206896551724,0.5,0.09583333333333334,0.3207291666666669,0.6708333333333333,60,False
results/mobio_mlphash_key_pool/metrics.json,60ee22b769b23aebafc9e56e9a9a1a60fd4df63e5334adf3632b6a917478c5cc,994244525909da31df8f6eeb83fb7fc4d02be4947852719fb6036a3e30226380,1754d228a3989e52684d6af90d9b71d6b8c4553973012134835ec3d505a3a666,8fdef01eb5c6579a025be82726e3cce1fd965238,exploratory,MOBIO,mlphash_paper_specified,original,90533,90539,30,random_key_pool_2,1,single_mlp,157,0.2833333333333333,0.6916666666666667,0.8606926484674329,0.21530172413793103,0.18333333333333332,0.041666666666666664,0.19583333333333333,0.37916666666666665,71,False
results/mobio_mlphash_key_pool/metrics.json,60ee22b769b23aebafc9e56e9a9a1a60fd4df63e5334adf3632b6a917478c5cc,994244525909da31df8f6eeb83fb7fc4d02be4947852719fb6036a3e30226380,1754d228a3989e52684d6af90d9b71d6b8c4553973012134835ec3d505a3a666,8fdef01eb5c6579a025be82726e3cce1fd965238,exploratory,MOBIO,mlphash_paper_specified,original,90533,90539,30,random_key_pool_2,1,single_mlp,167,0.3416666666666667,0.6458333333333334,0.8513092672413793,0.23419540229885055,0.22916666666666666,0.09166666666666666,0.24166666666666667,0.44583333333333336,66,False
results/mobio_mlphash_key_pool/metrics.json,60ee22b769b23aebafc9e56e9a9a1a60fd4df63e5334adf3632b6a917478c5cc,994244525909da31df8f6eeb83fb7fc4d02be4947852719fb6036a3e30226380,1754d228a3989e52684d6af90d9b71d6b8c4553973012134835ec3d505a3a666,8fdef01eb5c6579a025be82726e3cce1fd965238,exploratory,MOBIO,mlphash_paper_specified,original,90533,90539,30,random_key_pool_2,1,single_mlp,177,0.38333333333333336,0.6666666666666666,0.8472467672413793,0.23340517241379308,0.2791666666666667,0.08333333333333333,0.275,0.49583333333333335,76,False
results/mobio_mlphash_key_pool/metrics.json,60ee22b769b23aebafc9e56e9a9a1a60fd4df63e5334adf3632b6a917478c5cc,994244525909da31df8f6eeb83fb7fc4d02be4947852719fb6036a3e30226380,1754d228a3989e52684d6af90d9b71d6b8c4553973012134835ec3d505a3a666,8fdef01eb5c6579a025be82726e3cce1fd965238,exploratory,MOBIO,mlphash_paper_specified,original,90533,90539,30,random_key_pool_2,2,mean_mlp,157,0.5083333333333333,0.8583333333333333,0.9390738745210728,0.14130747126436782,0.3541666666666667,0.14166666666666666,0.4041666666666667,0.6125,94,False
results/mobio_mlphash_key_pool/metrics.json,60ee22b769b23aebafc9e56e9a9a1a60fd4df63e5334adf3632b6a917478c5cc,994244525909da31df8f6eeb83fb7fc4d02be4947852719fb6036a3e30226380,1754d228a3989e52684d6af90d9b71d6b8c4553973012134835ec3d505a3a666,8fdef01eb5c6579a025be82726e3cce1fd965238,exploratory,MOBIO,mlphash_paper_specified,original,90533,90539,30,random_key_pool_2,2,mean_mlp,167,0.49166666666666664,0.7875,0.9224730603448276,0.1762212643678161,0.3333333333333333,0.17916666666666667,0.37083333333333335,0.6166666666666667,111,False
results/mobio_mlphash_key_pool/metrics.json,60ee22b769b23aebafc9e56e9a9a1a60fd4df63e5334adf3632b6a917478c5cc,994244525909da31df8f6eeb83fb7fc4d02be4947852719fb6036a3e30226380,1754d228a3989e52684d6af90d9b71d6b8c4553973012134835ec3d505a3a666,8fdef01eb5c6579a025be82726e3cce1fd965238,exploratory,MOBIO,mlphash_paper_specified,original,90533,90539,30,random_key_pool_2,2,mean_mlp,177,0.4583333333333333,0.8166666666666667,0.9211392480842912,0.16666666666666663,0.3333333333333333,0.1375,0.3333333333333333,0.5833333333333334,80,False
results/mobio_mlphash_key_pool/metrics.json,60ee22b769b23aebafc9e56e9a9a1a60fd4df63e5334adf3632b6a917478c5cc,994244525909da31df8f6eeb83fb7fc4d02be4947852719fb6036a3e30226380,1754d228a3989e52684d6af90d9b71d6b8c4553973012134835ec3d505a3a666,8fdef01eb5c6579a025be82726e3cce1fd965238,exploratory,MOBIO,mlphash_paper_specified,original,90533,90539,30,random_key_pool_2,2,deepsets,157,0.5166666666666667,0.7416666666666667,0.893167504789272,0.20790229885057473,0.3416666666666667,0.10833333333333334,0.3875,0.6333333333333333,208,False
results/mobio_mlphash_key_pool/metrics.json,60ee22b769b23aebafc9e56e9a9a1a60fd4df63e5334adf3632b6a917478c5cc,994244525909da31df8f6eeb83fb7fc4d02be4947852719fb6036a3e30226380,1754d228a3989e52684d6af90d9b71d6b8c4553973012134835ec3d505a3a666,8fdef01eb5c6579a025be82726e3cce1fd965238,exploratory,MOBIO,mlphash_paper_specified,original,90533,90539,30,random_key_pool_2,2,deepsets,167,0.4041666666666667,0.6958333333333333,0.8654094827586207,0.21695402298850575,0.25833333333333336,0.10833333333333334,0.2833333333333333,0.5333333333333333,266,False
results/mobio_mlphash_key_pool/metrics.json,60ee22b769b23aebafc9e56e9a9a1a60fd4df63e5334adf3632b6a917478c5cc,994244525909da31df8f6eeb83fb7fc4d02be4947852719fb6036a3e30226380,1754d228a3989e52684d6af90d9b71d6b8c4553973012134835ec3d505a3a666,8fdef01eb5c6579a025be82726e3cce1fd965238,exploratory,MOBIO,mlphash_paper_specified,original,90533,90539,30,random_key_pool_2,2,deepsets,177,0.43333333333333335,0.7708333333333334,0.8866594827586207,0.19985632183908042,0.3125,0.0625,0.3,0.5583333333333333,76,False
results/mobio_mlphash_key_pool/metrics.json,60ee22b769b23aebafc9e56e9a9a1a60fd4df63e5334adf3632b6a917478c5cc,994244525909da31df8f6eeb83fb7fc4d02be4947852719fb6036a3e30226380,1754d228a3989e52684d6af90d9b71d6b8c4553973012134835ec3d505a3a666,8fdef01eb5c6579a025be82726e3cce1fd965238,exploratory,MOBIO,mlphash_paper_specified,original,90533,90539,30,random_key_pool_2,5,mean_mlp,157,0.7666666666666667,0.9333333333333333,0.9672024664750958,0.09942528735632183,0.6166666666666667,0.2875,0.6458333333333334,0.8666666666666667,327,False
results/mobio_mlphash_key_pool/metrics.json,60ee22b769b23aebafc9e56e9a9a1a60fd4df63e5334adf3632b6a917478c5cc,994244525909da31df8f6eeb83fb7fc4d02be4947852719fb6036a3e30226380,1754d228a3989e52684d6af90d9b71d6b8c4553973012134835ec3d505a3a666,8fdef01eb5c6579a025be82726e3cce1fd965238,exploratory,MOBIO,mlphash_paper_specified,original,90533,90539,30,random_key_pool_2,5,mean_mlp,167,0.6625,0.8916666666666667,0.956864224137931,0.13254310344827586,0.575,0.3541666666666667,0.5373958333333335,0.7959374999999994,398,False
results/mobio_mlphash_key_pool/metrics.json,60ee22b769b23aebafc9e56e9a9a1a60fd4df63e5334adf3632b6a917478c5cc,994244525909da31df8f6eeb83fb7fc4d02be4947852719fb6036a3e30226380,1754d228a3989e52684d6af90d9b71d6b8c4553973012134835ec3d505a3a666,8fdef01eb5c6579a025be82726e3cce1fd965238,exploratory,MOBIO,mlphash_paper_specified,original,90533,90539,30,random_key_pool_2,5,mean_mlp,177,0.5666666666666667,0.8583333333333333,0.9444468390804597,0.1256465517241379,0.42916666666666664,0.2708333333333333,0.43333333333333335,0.7041666666666667,393,False
results/mobio_mlphash_key_pool/metrics.json,60ee22b769b23aebafc9e56e9a9a1a60fd4df63e5334adf3632b6a917478c5cc,994244525909da31df8f6eeb83fb7fc4d02be4947852719fb6036a3e30226380,1754d228a3989e52684d6af90d9b71d6b8c4553973012134835ec3d505a3a666,8fdef01eb5c6579a025be82726e3cce1fd965238,exploratory,MOBIO,mlphash_paper_specified,original,90533,90539,30,random_key_pool_2,5,deepsets,157,0.5916666666666667,0.9083333333333333,0.9464942528735631,0.12406609195402299,0.4166666666666667,0.275,0.45,0.7291666666666666,250,False
results/mobio_mlphash_key_pool/metrics.json,60ee22b769b23aebafc9e56e9a9a1a60fd4df63e5334adf3632b6a917478c5cc,994244525909da31df8f6eeb83fb7fc4d02be4947852719fb6036a3e30226380,1754d228a3989e52684d6af90d9b71d6b8c4553973012134835ec3d505a3a666,8fdef01eb5c6579a025be82726e3cce1fd965238,exploratory,MOBIO,mlphash_paper_specified,original,90533,90539,30,random_key_pool_2,5,deepsets,167,0.6333333333333333,0.9083333333333333,0.9554106800766283,0.12852011494252874,0.5416666666666666,0.2375,0.5041666666666667,0.7541666666666667,367,False
results/mobio_mlphash_key_pool/metrics.json,60ee22b769b23aebafc9e56e9a9a1a60fd4df63e5334adf3632b6a917478c5cc,994244525909da31df8f6eeb83fb7fc4d02be4947852719fb6036a3e30226380,1754d228a3989e52684d6af90d9b71d6b8c4553973012134835ec3d505a3a666,8fdef01eb5c6579a025be82726e3cce1fd965238,exploratory,MOBIO,mlphash_paper_specified,original,90533,90539,30,random_key_pool_2,5,deepsets,177,0.5875,0.8583333333333333,0.9380986590038314,0.14604885057471267,0.4875,0.225,0.44166666666666665,0.7291666666666666,379,False
results/mobio_mlphash_key_pool/metrics.json,60ee22b769b23aebafc9e56e9a9a1a60fd4df63e5334adf3632b6a917478c5cc,994244525909da31df8f6eeb83fb7fc4d02be4947852719fb6036a3e30226380,1754d228a3989e52684d6af90d9b71d6b8c4553973012134835ec3d505a3a666,8fdef01eb5c6579a025be82726e3cce1fd965238,exploratory,MOBIO,mlphash_paper_specified,original,90533,90539,30,random_key_pool_2,10,mean_mlp,157,0.825,1.0,0.9842061781609195,0.07076149425287355,0.7208333333333333,0.4083333333333333,0.6875,0.9375,400,False
results/mobio_mlphash_key_pool/metrics.json,60ee22b769b23aebafc9e56e9a9a1a60fd4df63e5334adf3632b6a917478c5cc,994244525909da31df8f6eeb83fb7fc4d02be4947852719fb6036a3e30226380,1754d228a3989e52684d6af90d9b71d6b8c4553973012134835ec3d505a3a666,8fdef01eb5c6579a025be82726e3cce1fd965238,exploratory,MOBIO,mlphash_paper_specified,original,90533,90539,30,random_key_pool_2,10,mean_mlp,167,0.6708333333333333,0.9375,0.9723688936781608,0.09188218390804598,0.6041666666666666,0.4041666666666667,0.5166666666666667,0.8208333333333333,395,False
results/mobio_mlphash_key_pool/metrics.json,60ee22b769b23aebafc9e56e9a9a1a60fd4df63e5334adf3632b6a917478c5cc,994244525909da31df8f6eeb83fb7fc4d02be4947852719fb6036a3e30226380,1754d228a3989e52684d6af90d9b71d6b8c4553973012134835ec3d505a3a666,8fdef01eb5c6579a025be82726e3cce1fd965238,exploratory,MOBIO,mlphash_paper_specified,original,90533,90539,30,random_key_pool_2,10,mean_mlp,177,0.5708333333333333,0.9458333333333333,0.9687266522988506,0.08943965517241381,0.5208333333333334,0.30833333333333335,0.4166666666666667,0.7291666666666666,395,False
results/mobio_mlphash_key_pool/metrics.json,60ee22b769b23aebafc9e56e9a9a1a60fd4df63e5334adf3632b6a917478c5cc,994244525909da31df8f6eeb83fb7fc4d02be4947852719fb6036a3e30226380,1754d228a3989e52684d6af90d9b71d6b8c4553973012134835ec3d505a3a666,8fdef01eb5c6579a025be82726e3cce1fd965238,exploratory,MOBIO,mlphash_paper_specified,original,90533,90539,30,random_key_pool_2,10,deepsets,157,0.5708333333333333,0.8375,0.9363224377394637,0.1449712643678161,0.4583333333333333,0.29583333333333334,0.39166666666666666,0.7292708333333328,96,False
results/mobio_mlphash_key_pool/metrics.json,60ee22b769b23aebafc9e56e9a9a1a60fd4df63e5334adf3632b6a917478c5cc,994244525909da31df8f6eeb83fb7fc4d02be4947852719fb6036a3e30226380,1754d228a3989e52684d6af90d9b71d6b8c4553973012134835ec3d505a3a666,8fdef01eb5c6579a025be82726e3cce1fd965238,exploratory,MOBIO,mlphash_paper_specified,original,90533,90539,30,random_key_pool_2,10,deepsets,167,0.5708333333333333,0.8791666666666667,0.9487859195402298,0.1374281609195402,0.5166666666666667,0.3,0.3915625000000002,0.7291666666666666,79,False
results/mobio_mlphash_key_pool/metrics.json,60ee22b769b23aebafc9e56e9a9a1a60fd4df63e5334adf3632b6a917478c5cc,994244525909da31df8f6eeb83fb7fc4d02be4947852719fb6036a3e30226380,1754d228a3989e52684d6af90d9b71d6b8c4553973012134835ec3d505a3a666,8fdef01eb5c6579a025be82726e3cce1fd965238,exploratory,MOBIO,mlphash_paper_specified,original,90533,90539,30,random_key_pool_2,10,deepsets,177,0.42083333333333334,0.8541666666666666,0.9335374760536398,0.15790229885057472,0.31666666666666665,0.075,0.25416666666666665,0.5875,63,False
results/mobio_mlphash_key_pool/metrics.json,60ee22b769b23aebafc9e56e9a9a1a60fd4df63e5334adf3632b6a917478c5cc,994244525909da31df8f6eeb83fb7fc4d02be4947852719fb6036a3e30226380,1754d228a3989e52684d6af90d9b71d6b8c4553973012134835ec3d505a3a666,8fdef01eb5c6579a025be82726e3cce1fd965238,exploratory,MOBIO,mlphash_paper_specified,original,90533,90539,30,random_key_pool_5,1,single_mlp,157,0.04583333333333333,0.16666666666666666,0.5006154214559386,0.5045258620689654,0.0,0.0,0.0,0.11666666666666667,9,False
results/mobio_mlphash_key_pool/metrics.json,60ee22b769b23aebafc9e56e9a9a1a60fd4df63e5334adf3632b6a917478c5cc,994244525909da31df8f6eeb83fb7fc4d02be4947852719fb6036a3e30226380,1754d228a3989e52684d6af90d9b71d6b8c4553973012134835ec3d505a3a666,8fdef01eb5c6579a025be82726e3cce1fd965238,exploratory,MOBIO,mlphash_paper_specified,original,90533,90539,30,random_key_pool_5,1,single_mlp,167,0.03333333333333333,0.17916666666666667,0.5086170977011494,0.4916666666666667,0.016666666666666666,0.0,0.0,0.1,8,False
results/mobio_mlphash_key_pool/metrics.json,60ee22b769b23aebafc9e56e9a9a1a60fd4df63e5334adf3632b6a917478c5cc,994244525909da31df8f6eeb83fb7fc4d02be4947852719fb6036a3e30226380,1754d228a3989e52684d6af90d9b71d6b8c4553973012134835ec3d505a3a666,8fdef01eb5c6579a025be82726e3cce1fd965238,exploratory,MOBIO,mlphash_paper_specified,original,90533,90539,30,random_key_pool_5,1,single_mlp,177,0.05416666666666667,0.17083333333333334,0.5108141762452107,0.5005747126436781,0.008333333333333333,0.0,0.0,0.14166666666666666,9,False
results/mobio_mlphash_key_pool/metrics.json,60ee22b769b23aebafc9e56e9a9a1a60fd4df63e5334adf3632b6a917478c5cc,994244525909da31df8f6eeb83fb7fc4d02be4947852719fb6036a3e30226380,1754d228a3989e52684d6af90d9b71d6b8c4553973012134835ec3d505a3a666,8fdef01eb5c6579a025be82726e3cce1fd965238,exploratory,MOBIO,mlphash_paper_specified,original,90533,90539,30,random_key_pool_5,2,mean_mlp,157,0.03333333333333333,0.16666666666666666,0.5031202107279693,0.49583333333333335,0.008333333333333333,0.0,0.0,0.0875,14,False
results/mobio_mlphash_key_pool/metrics.json,60ee22b769b23aebafc9e56e9a9a1a60fd4df63e5334adf3632b6a917478c5cc,994244525909da31df8f6eeb83fb7fc4d02be4947852719fb6036a3e30226380,1754d228a3989e52684d6af90d9b71d6b8c4553973012134835ec3d505a3a666,8fdef01eb5c6579a025be82726e3cce1fd965238,exploratory,MOBIO,mlphash_paper_specified,original,90533,90539,30,random_key_pool_5,2,mean_mlp,167,0.03333333333333333,0.16666666666666666,0.502613745210728,0.48750000000000004,0.020833333333333332,0.0,0.0,0.1,8,False
results/mobio_mlphash_key_pool/metrics.json,60ee22b769b23aebafc9e56e9a9a1a60fd4df63e5334adf3632b6a917478c5cc,994244525909da31df8f6eeb83fb7fc4d02be4947852719fb6036a3e30226380,1754d228a3989e52684d6af90d9b71d6b8c4553973012134835ec3d505a3a666,8fdef01eb5c6579a025be82726e3cce1fd965238,exploratory,MOBIO,mlphash_paper_specified,original,90533,90539,30,random_key_pool_5,2,mean_mlp,177,0.0375,0.16666666666666666,0.505653735632184,0.49547413793103445,0.016666666666666666,0.0,0.0,0.10833333333333334,10,False
results/mobio_mlphash_key_pool/metrics.json,60ee22b769b23aebafc9e56e9a9a1a60fd4df63e5334adf3632b6a917478c5cc,994244525909da31df8f6eeb83fb7fc4d02be4947852719fb6036a3e30226380,1754d228a3989e52684d6af90d9b71d6b8c4553973012134835ec3d505a3a666,8fdef01eb5c6579a025be82726e3cce1fd965238,exploratory,MOBIO,mlphash_paper_specified,original,90533,90539,30,random_key_pool_5,2,deepsets,157,0.03333333333333333,0.16666666666666666,0.4995318486590038,0.49906609195402296,0.0125,0.008333333333333333,0.0,0.1,9,False
results/mobio_mlphash_key_pool/metrics.json,60ee22b769b23aebafc9e56e9a9a1a60fd4df63e5334adf3632b6a917478c5cc,994244525909da31df8f6eeb83fb7fc4d02be4947852719fb6036a3e30226380,1754d228a3989e52684d6af90d9b71d6b8c4553973012134835ec3d505a3a666,8fdef01eb5c6579a025be82726e3cce1fd965238,exploratory,MOBIO,mlphash_paper_specified,original,90533,90539,30,random_key_pool_5,2,deepsets,167,0.04583333333333333,0.16666666666666666,0.4959806034482759,0.49626436781609196,0.020833333333333332,0.008333333333333333,0.0,0.11666666666666667,23,False
results/mobio_mlphash_key_pool/metrics.json,60ee22b769b23aebafc9e56e9a9a1a60fd4df63e5334adf3632b6a917478c5cc,994244525909da31df8f6eeb83fb7fc4d02be4947852719fb6036a3e30226380,1754d228a3989e52684d6af90d9b71d6b8c4553973012134835ec3d505a3a666,8fdef01eb5c6579a025be82726e3cce1fd965238,exploratory,MOBIO,mlphash_paper_specified,original,90533,90539,30,random_key_pool_5,2,deepsets,177,0.041666666666666664,0.16666666666666666,0.502080938697318,0.4991379310344828,0.020833333333333332,0.008333333333333333,0.0,0.1125,16,False
results/mobio_mlphash_key_pool/metrics.json,60ee22b769b23aebafc9e56e9a9a1a60fd4df63e5334adf3632b6a917478c5cc,994244525909da31df8f6eeb83fb7fc4d02be4947852719fb6036a3e30226380,1754d228a3989e52684d6af90d9b71d6b8c4553973012134835ec3d505a3a666,8fdef01eb5c6579a025be82726e3cce1fd965238,exploratory,MOBIO,mlphash_paper_specified,original,90533,90539,30,random_key_pool_5,5,mean_mlp,157,0.26666666666666666,0.6916666666666667,0.8538769157088123,0.2214080459770115,0.14583333333333334,0.029166666666666667,0.1625,0.38343749999999943,154,False
results/mobio_mlphash_key_pool/metrics.json,60ee22b769b23aebafc9e56e9a9a1a60fd4df63e5334adf3632b6a917478c5cc,994244525909da31df8f6eeb83fb7fc4d02be4947852719fb6036a3e30226380,1754d228a3989e52684d6af90d9b71d6b8c4553973012134835ec3d505a3a666,8fdef01eb5c6579a025be82726e3cce1fd965238,exploratory,MOBIO,mlphash_paper_specified,original,90533,90539,30,random_key_pool_5,5,mean_mlp,167,0.32916666666666666,0.7,0.8701586446360152,0.2247126436781609,0.18333333333333332,0.03333333333333333,0.20416666666666666,0.46677083333333275,99,False
results/mobio_mlphash_key_pool/metrics.json,60ee22b769b23aebafc9e56e9a9a1a60fd4df63e5334adf3632b6a917478c5cc,994244525909da31df8f6eeb83fb7fc4d02be4947852719fb6036a3e30226380,1754d228a3989e52684d6af90d9b71d6b8c4553973012134835ec3d505a3a666,8fdef01eb5c6579a025be82726e3cce1fd965238,exploratory,MOBIO,mlphash_paper_specified,original,90533,90539,30,random_key_pool_5,5,mean_mlp,177,0.2833333333333333,0.7583333333333333,0.8850676484674329,0.2027298850574713,0.14166666666666666,0.016666666666666666,0.175,0.3958333333333333,234,False
results/mobio_mlphash_key_pool/metrics.json,60ee22b769b23aebafc9e56e9a9a1a60fd4df63e5334adf3632b6a917478c5cc,994244525909da31df8f6eeb83fb7fc4d02be4947852719fb6036a3e30226380,1754d228a3989e52684d6af90d9b71d6b8c4553973012134835ec3d505a3a666,8fdef01eb5c6579a025be82726e3cce1fd965238,exploratory,MOBIO,mlphash_paper_specified,original,90533,90539,30,random_key_pool_5,5,deepsets,157,0.004166666666666667,0.16666666666666666,0.5037440134099617,0.4925287356321839,0.004166666666666667,0.0,0.0,0.0125,22,False
results/mobio_mlphash_key_pool/metrics.json,60ee22b769b23aebafc9e56e9a9a1a60fd4df63e5334adf3632b6a917478c5cc,994244525909da31df8f6eeb83fb7fc4d02be4947852719fb6036a3e30226380,1754d228a3989e52684d6af90d9b71d6b8c4553973012134835ec3d505a3a666,8fdef01eb5c6579a025be82726e3cce1fd965238,exploratory,MOBIO,mlphash_paper_specified,original,90533,90539,30,random_key_pool_5,5,deepsets,167,0.05416666666666667,0.16666666666666666,0.5033363266283525,0.49051724137931035,0.04583333333333333,0.008333333333333333,0.0,0.13333333333333333,26,False
results/mobio_mlphash_key_pool/metrics.json,60ee22b769b23aebafc9e56e9a9a1a60fd4df63e5334adf3632b6a917478c5cc,994244525909da31df8f6eeb83fb7fc4d02be4947852719fb6036a3e30226380,1754d228a3989e52684d6af90d9b71d6b8c4553973012134835ec3d505a3a666,8fdef01eb5c6579a025be82726e3cce1fd965238,exploratory,MOBIO,mlphash_paper_specified,original,90533,90539,30,random_key_pool_5,5,deepsets,177,0.03333333333333333,0.16666666666666666,0.5079537835249042,0.5,0.03333333333333333,0.016666666666666666,0.0,0.1,18,False
results/mobio_mlphash_key_pool/metrics.json,60ee22b769b23aebafc9e56e9a9a1a60fd4df63e5334adf3632b6a917478c5cc,994244525909da31df8f6eeb83fb7fc4d02be4947852719fb6036a3e30226380,1754d228a3989e52684d6af90d9b71d6b8c4553973012134835ec3d505a3a666,8fdef01eb5c6579a025be82726e3cce1fd965238,exploratory,MOBIO,mlphash_paper_specified,original,90533,90539,30,random_key_pool_5,10,mean_mlp,157,0.325,0.8041666666666667,0.9016696599616858,0.17895114942528736,0.24166666666666667,0.0875,0.1875,0.475,383,False
results/mobio_mlphash_key_pool/metrics.json,60ee22b769b23aebafc9e56e9a9a1a60fd4df63e5334adf3632b6a917478c5cc,994244525909da31df8f6eeb83fb7fc4d02be4947852719fb6036a3e30226380,1754d228a3989e52684d6af90d9b71d6b8c4553973012134835ec3d505a3a666,8fdef01eb5c6579a025be82726e3cce1fd965238,exploratory,MOBIO,mlphash_paper_specified,original,90533,90539,30,random_key_pool_5,10,mean_mlp,167,0.3625,0.7833333333333333,0.9038008860153257,0.2079741379310345,0.3,0.10416666666666667,0.20833333333333334,0.5376041666666661,393,False
results/mobio_mlphash_key_pool/metrics.json,60ee22b769b23aebafc9e56e9a9a1a60fd4df63e5334adf3632b6a917478c5cc,994244525909da31df8f6eeb83fb7fc4d02be4947852719fb6036a3e30226380,1754d228a3989e52684d6af90d9b71d6b8c4553973012134835ec3d505a3a666,8fdef01eb5c6579a025be82726e3cce1fd965238,exploratory,MOBIO,mlphash_paper_specified,original,90533,90539,30,random_key_pool_5,10,mean_mlp,177,0.0,0.16666666666666666,0.517106082375479,0.46221264367816095,0.0,0.0,0.0,0.0,10,False
results/mobio_mlphash_key_pool/metrics.json,60ee22b769b23aebafc9e56e9a9a1a60fd4df63e5334adf3632b6a917478c5cc,994244525909da31df8f6eeb83fb7fc4d02be4947852719fb6036a3e30226380,1754d228a3989e52684d6af90d9b71d6b8c4553973012134835ec3d505a3a666,8fdef01eb5c6579a025be82726e3cce1fd965238,exploratory,MOBIO,mlphash_paper_specified,original,90533,90539,30,random_key_pool_5,10,deepsets,157,0.0,0.16666666666666666,0.5019863505747126,0.5012931034482759,0.0,0.0,0.0,0.0,23,False
results/mobio_mlphash_key_pool/metrics.json,60ee22b769b23aebafc9e56e9a9a1a60fd4df63e5334adf3632b6a917478c5cc,994244525909da31df8f6eeb83fb7fc4d02be4947852719fb6036a3e30226380,1754d228a3989e52684d6af90d9b71d6b8c4553973012134835ec3d505a3a666,8fdef01eb5c6579a025be82726e3cce1fd965238,exploratory,MOBIO,mlphash_paper_specified,original,90533,90539,30,random_key_pool_5,10,deepsets,167,0.05,0.16666666666666666,0.5055765086206896,0.5160201149425288,0.03333333333333333,0.0,0.0,0.13333333333333333,25,False
results/mobio_mlphash_key_pool/metrics.json,60ee22b769b23aebafc9e56e9a9a1a60fd4df63e5334adf3632b6a917478c5cc,994244525909da31df8f6eeb83fb7fc4d02be4947852719fb6036a3e30226380,1754d228a3989e52684d6af90d9b71d6b8c4553973012134835ec3d505a3a666,8fdef01eb5c6579a025be82726e3cce1fd965238,exploratory,MOBIO,mlphash_paper_specified,original,90533,90539,30,random_key_pool_5,10,deepsets,177,0.03333333333333333,0.16666666666666666,0.509985632183908,0.5027298850574713,0.03333333333333333,0.029166666666666667,0.0,0.1,19,False
results/mobio_mlphash_key_pool/metrics.json,60ee22b769b23aebafc9e56e9a9a1a60fd4df63e5334adf3632b6a917478c5cc,994244525909da31df8f6eeb83fb7fc4d02be4947852719fb6036a3e30226380,1754d228a3989e52684d6af90d9b71d6b8c4553973012134835ec3d505a3a666,8fdef01eb5c6579a025be82726e3cce1fd965238,exploratory,MOBIO,mlphash_paper_specified,original,90533,90539,30,random_key_pool_10,1,single_mlp,157,0.041666666666666664,0.17916666666666667,0.4976340996168582,0.5082614942528736,0.004166666666666667,0.0,0.0,0.10416666666666667,9,False
results/mobio_mlphash_key_pool/metrics.json,60ee22b769b23aebafc9e56e9a9a1a60fd4df63e5334adf3632b6a917478c5cc,994244525909da31df8f6eeb83fb7fc4d02be4947852719fb6036a3e30226380,1754d228a3989e52684d6af90d9b71d6b8c4553973012134835ec3d505a3a666,8fdef01eb5c6579a025be82726e3cce1fd965238,exploratory,MOBIO,mlphash_paper_specified,original,90533,90539,30,random_key_pool_10,1,single_mlp,167,0.05,0.17083333333333334,0.49997784961685826,0.49985632183908046,0.016666666666666666,0.0,0.0,0.13333333333333333,9,False
results/mobio_mlphash_key_pool/metrics.json,60ee22b769b23aebafc9e56e9a9a1a60fd4df63e5334adf3632b6a917478c5cc,994244525909da31df8f6eeb83fb7fc4d02be4947852719fb6036a3e30226380,1754d228a3989e52684d6af90d9b71d6b8c4553973012134835ec3d505a3a666,8fdef01eb5c6579a025be82726e3cce1fd965238,exploratory,MOBIO,mlphash_paper_specified,original,90533,90539,30,random_key_pool_10,1,single_mlp,177,0.04583333333333333,0.17916666666666667,0.5007818486590039,0.5041666666666667,0.008333333333333333,0.0,0.0,0.125,9,False
results/mobio_mlphash_key_pool/metrics.json,60ee22b769b23aebafc9e56e9a9a1a60fd4df63e5334adf3632b6a917478c5cc,994244525909da31df8f6eeb83fb7fc4d02be4947852719fb6036a3e30226380,1754d228a3989e52684d6af90d9b71d6b8c4553973012134835ec3d505a3a666,8fdef01eb5c6579a025be82726e3cce1fd965238,exploratory,MOBIO,mlphash_paper_specified,original,90533,90539,30,random_key_pool_10,2,mean_mlp,157,0.029166666666666667,0.1625,0.4981633141762452,0.4923850574712644,0.004166666666666667,0.0,0.0,0.07916666666666666,12,False
results/mobio_mlphash_key_pool/metrics.json,60ee22b769b23aebafc9e56e9a9a1a60fd4df63e5334adf3632b6a917478c5cc,994244525909da31df8f6eeb83fb7fc4d02be4947852719fb6036a3e30226380,1754d228a3989e52684d6af90d9b71d6b8c4553973012134835ec3d505a3a666,8fdef01eb5c6579a025be82726e3cce1fd965238,exploratory,MOBIO,mlphash_paper_specified,original,90533,90539,30,random_key_pool_10,2,mean_mlp,167,0.03333333333333333,0.16666666666666666,0.5015906369731801,0.5022988505747126,0.0125,0.0,0.0,0.1,9,False
results/mobio_mlphash_key_pool/metrics.json,60ee22b769b23aebafc9e56e9a9a1a60fd4df63e5334adf3632b6a917478c5cc,994244525909da31df8f6eeb83fb7fc4d02be4947852719fb6036a3e30226380,1754d228a3989e52684d6af90d9b71d6b8c4553973012134835ec3d505a3a666,8fdef01eb5c6579a025be82726e3cce1fd965238,exploratory,MOBIO,mlphash_paper_specified,original,90533,90539,30,random_key_pool_10,2,mean_mlp,177,0.0375,0.1625,0.5035153256704981,0.48814655172413796,0.016666666666666666,0.0,0.0,0.10833333333333334,9,False
results/mobio_mlphash_key_pool/metrics.json,60ee22b769b23aebafc9e56e9a9a1a60fd4df63e5334adf3632b6a917478c5cc,994244525909da31df8f6eeb83fb7fc4d02be4947852719fb6036a3e30226380,1754d228a3989e52684d6af90d9b71d6b8c4553973012134835ec3d505a3a666,8fdef01eb5c6579a025be82726e3cce1fd965238,exploratory,MOBIO,mlphash_paper_specified,original,90533,90539,30,random_key_pool_10,2,deepsets,157,0.03333333333333333,0.16666666666666666,0.5009841954022989,0.5,0.020833333333333332,0.008333333333333333,0.0,0.1,9,False
results/mobio_mlphash_key_pool/metrics.json,60ee22b769b23aebafc9e56e9a9a1a60fd4df63e5334adf3632b6a917478c5cc,994244525909da31df8f6eeb83fb7fc4d02be4947852719fb6036a3e30226380,1754d228a3989e52684d6af90d9b71d6b8c4553973012134835ec3d505a3a666,8fdef01eb5c6579a025be82726e3cce1fd965238,exploratory,MOBIO,mlphash_paper_specified,original,90533,90539,30,random_key_pool_10,2,deepsets,167,0.041666666666666664,0.16666666666666666,0.4980274185823754,0.49540229885057474,0.020833333333333332,0.004166666666666667,0.0,0.1125,23,False
results/mobio_mlphash_key_pool/metrics.json,60ee22b769b23aebafc9e56e9a9a1a60fd4df63e5334adf3632b6a917478c5cc,994244525909da31df8f6eeb83fb7fc4d02be4947852719fb6036a3e30226380,1754d228a3989e52684d6af90d9b71d6b8c4553973012134835ec3d505a3a666,8fdef01eb5c6579a025be82726e3cce1fd965238,exploratory,MOBIO,mlphash_paper_specified,original,90533,90539,30,random_key_pool_10,2,deepsets,177,0.03333333333333333,0.16666666666666666,0.5024263649425288,0.49432471264367817,0.016666666666666666,0.0,0.0,0.1,18,False
results/mobio_mlphash_key_pool/metrics.json,60ee22b769b23aebafc9e56e9a9a1a60fd4df63e5334adf3632b6a917478c5cc,994244525909da31df8f6eeb83fb7fc4d02be4947852719fb6036a3e30226380,1754d228a3989e52684d6af90d9b71d6b8c4553973012134835ec3d505a3a666,8fdef01eb5c6579a025be82726e3cce1fd965238,exploratory,MOBIO,mlphash_paper_specified,original,90533,90539,30,random_key_pool_10,5,mean_mlp,157,0.029166666666666667,0.16666666666666666,0.5030884818007663,0.49540229885057474,0.008333333333333333,0.0,0.0,0.0875,15,False
results/mobio_mlphash_key_pool/metrics.json,60ee22b769b23aebafc9e56e9a9a1a60fd4df63e5334adf3632b6a917478c5cc,994244525909da31df8f6eeb83fb7fc4d02be4947852719fb6036a3e30226380,1754d228a3989e52684d6af90d9b71d6b8c4553973012134835ec3d505a3a666,8fdef01eb5c6579a025be82726e3cce1fd965238,exploratory,MOBIO,mlphash_paper_specified,original,90533,90539,30,random_key_pool_10,5,mean_mlp,167,0.06666666666666667,0.16666666666666666,0.5037027059386973,0.494683908045977,0.029166666666666667,0.0125,0.0,0.16666666666666666,14,False
results/mobio_mlphash_key_pool/metrics.json,60ee22b769b23aebafc9e56e9a9a1a60fd4df63e5334adf3632b6a917478c5cc,994244525909da31df8f6eeb83fb7fc4d02be4947852719fb6036a3e30226380,1754d228a3989e52684d6af90d9b71d6b8c4553973012134835ec3d505a3a666,8fdef01eb5c6579a025be82726e3cce1fd965238,exploratory,MOBIO,mlphash_paper_specified,original,90533,90539,30,random_key_pool_10,5,mean_mlp,177,0.029166666666666667,0.16666666666666666,0.5118767959770115,0.4869971264367816,0.025,0.008333333333333333,0.0,0.07916666666666666,14,False
results/mobio_mlphash_key_pool/metrics.json,60ee22b769b23aebafc9e56e9a9a1a60fd4df63e5334adf3632b6a917478c5cc,994244525909da31df8f6eeb83fb7fc4d02be4947852719fb6036a3e30226380,1754d228a3989e52684d6af90d9b71d6b8c4553973012134835ec3d505a3a666,8fdef01eb5c6579a025be82726e3cce1fd965238,exploratory,MOBIO,mlphash_paper_specified,original,90533,90539,30,random_key_pool_10,5,deepsets,157,0.03333333333333333,0.16666666666666666,0.49976053639846746,0.5025862068965516,0.020833333333333332,0.0,0.0,0.1,9,False
results/mobio_mlphash_key_pool/metrics.json,60ee22b769b23aebafc9e56e9a9a1a60fd4df63e5334adf3632b6a917478c5cc,994244525909da31df8f6eeb83fb7fc4d02be4947852719fb6036a3e30226380,1754d228a3989e52684d6af90d9b71d6b8c4553973012134835ec3d505a3a666,8fdef01eb5c6579a025be82726e3cce1fd965238,exploratory,MOBIO,mlphash_paper_specified,original,90533,90539,30,random_key_pool_10,5,deepsets,167,0.029166666666666667,0.16666666666666666,0.5023221982758621,0.49454022988505747,0.016666666666666666,0.0,0.0,0.0875,27,False
results/mobio_mlphash_key_pool/metrics.json,60ee22b769b23aebafc9e56e9a9a1a60fd4df63e5334adf3632b6a917478c5cc,994244525909da31df8f6eeb83fb7fc4d02be4947852719fb6036a3e30226380,1754d228a3989e52684d6af90d9b71d6b8c4553973012134835ec3d505a3a666,8fdef01eb5c6579a025be82726e3cce1fd965238,exploratory,MOBIO,mlphash_paper_specified,original,90533,90539,30,random_key_pool_10,5,deepsets,177,0.03333333333333333,0.16666666666666666,0.5028579980842912,0.5006465517241379,0.03333333333333333,0.0125,0.0,0.1,22,False
results/mobio_mlphash_key_pool/metrics.json,60ee22b769b23aebafc9e56e9a9a1a60fd4df63e5334adf3632b6a917478c5cc,994244525909da31df8f6eeb83fb7fc4d02be4947852719fb6036a3e30226380,1754d228a3989e52684d6af90d9b71d6b8c4553973012134835ec3d505a3a666,8fdef01eb5c6579a025be82726e3cce1fd965238,exploratory,MOBIO,mlphash_paper_specified,original,90533,90539,30,random_key_pool_10,10,mean_mlp,157,0.004166666666666667,0.16666666666666666,0.4978244731800766,0.49899425287356325,0.0,0.0,0.0,0.0125,15,False
results/mobio_mlphash_key_pool/metrics.json,60ee22b769b23aebafc9e56e9a9a1a60fd4df63e5334adf3632b6a917478c5cc,994244525909da31df8f6eeb83fb7fc4d02be4947852719fb6036a3e30226380,1754d228a3989e52684d6af90d9b71d6b8c4553973012134835ec3d505a3a666,8fdef01eb5c6579a025be82726e3cce1fd965238,exploratory,MOBIO,mlphash_paper_specified,original,90533,90539,30,random_key_pool_10,10,mean_mlp,167,0.03333333333333333,0.16666666666666666,0.504975454980843,0.5002155172413794,0.03333333333333333,0.004166666666666667,0.0,0.1,9,False
results/mobio_mlphash_key_pool/metrics.json,60ee22b769b23aebafc9e56e9a9a1a60fd4df63e5334adf3632b6a917478c5cc,994244525909da31df8f6eeb83fb7fc4d02be4947852719fb6036a3e30226380,1754d228a3989e52684d6af90d9b71d6b8c4553973012134835ec3d505a3a666,8fdef01eb5c6579a025be82726e3cce1fd965238,exploratory,MOBIO,mlphash_paper_specified,original,90533,90539,30,random_key_pool_10,10,mean_mlp,177,0.020833333333333332,0.16666666666666666,0.514108596743295,0.4828304597701149,0.03333333333333333,0.008333333333333333,0.0,0.0625,13,False
results/mobio_mlphash_key_pool/metrics.json,60ee22b769b23aebafc9e56e9a9a1a60fd4df63e5334adf3632b6a917478c5cc,994244525909da31df8f6eeb83fb7fc4d02be4947852719fb6036a3e30226380,1754d228a3989e52684d6af90d9b71d6b8c4553973012134835ec3d505a3a666,8fdef01eb5c6579a025be82726e3cce1fd965238,exploratory,MOBIO,mlphash_paper_specified,original,90533,90539,30,random_key_pool_10,10,deepsets,157,0.03333333333333333,0.16666666666666666,0.5001969588122605,0.4992097701149425,0.016666666666666666,0.0,0.0,0.1,10,False
results/mobio_mlphash_key_pool/metrics.json,60ee22b769b23aebafc9e56e9a9a1a60fd4df63e5334adf3632b6a917478c5cc,994244525909da31df8f6eeb83fb7fc4d02be4947852719fb6036a3e30226380,1754d228a3989e52684d6af90d9b71d6b8c4553973012134835ec3d505a3a666,8fdef01eb5c6579a025be82726e3cce1fd965238,exploratory,MOBIO,mlphash_paper_specified,original,90533,90539,30,random_key_pool_10,10,deepsets,167,0.03333333333333333,0.16666666666666666,0.5020025143678162,0.4969109195402299,0.029166666666666667,0.0,0.0,0.1,27,False
results/mobio_mlphash_key_pool/metrics.json,60ee22b769b23aebafc9e56e9a9a1a60fd4df63e5334adf3632b6a917478c5cc,994244525909da31df8f6eeb83fb7fc4d02be4947852719fb6036a3e30226380,1754d228a3989e52684d6af90d9b71d6b8c4553973012134835ec3d505a3a666,8fdef01eb5c6579a025be82726e3cce1fd965238,exploratory,MOBIO,mlphash_paper_specified,original,90533,90539,30,random_key_pool_10,10,deepsets,177,0.03333333333333333,0.16666666666666666,0.5043875718390805,0.5020114942528735,0.03333333333333333,0.016666666666666666,0.0,0.1,23,False
results/mobio_mlphash_key_pool/metrics.json,60ee22b769b23aebafc9e56e9a9a1a60fd4df63e5334adf3632b6a917478c5cc,994244525909da31df8f6eeb83fb7fc4d02be4947852719fb6036a3e30226380,1754d228a3989e52684d6af90d9b71d6b8c4553973012134835ec3d505a3a666,8fdef01eb5c6579a025be82726e3cce1fd965238,exploratory,MOBIO,mlphash_paper_specified,original,90533,90539,30,independent_unseen_keys,1,single_mlp,157,0.025,0.16666666666666666,0.5006160201149426,0.5076867816091954,0.016666666666666666,0.0,0.0,0.06666666666666667,8,False
results/mobio_mlphash_key_pool/metrics.json,60ee22b769b23aebafc9e56e9a9a1a60fd4df63e5334adf3632b6a917478c5cc,994244525909da31df8f6eeb83fb7fc4d02be4947852719fb6036a3e30226380,1754d228a3989e52684d6af90d9b71d6b8c4553973012134835ec3d505a3a666,8fdef01eb5c6579a025be82726e3cce1fd965238,exploratory,MOBIO,mlphash_paper_specified,original,90533,90539,30,independent_unseen_keys,1,single_mlp,167,0.029166666666666667,0.16666666666666666,0.5003909243295019,0.5123563218390804,0.004166666666666667,0.0,0.0,0.0875,9,False
results/mobio_mlphash_key_pool/metrics.json,60ee22b769b23aebafc9e56e9a9a1a60fd4df63e5334adf3632b6a917478c5cc,994244525909da31df8f6eeb83fb7fc4d02be4947852719fb6036a3e30226380,1754d228a3989e52684d6af90d9b71d6b8c4553973012134835ec3d505a3a666,8fdef01eb5c6579a025be82726e3cce1fd965238,exploratory,MOBIO,mlphash_paper_specified,original,90533,90539,30,independent_unseen_keys,1,single_mlp,177,0.03333333333333333,0.17916666666666667,0.5001712164750958,0.4959770114942529,0.020833333333333332,0.0125,0.0,0.1,10,False
results/mobio_mlphash_key_pool/metrics.json,60ee22b769b23aebafc9e56e9a9a1a60fd4df63e5334adf3632b6a917478c5cc,994244525909da31df8f6eeb83fb7fc4d02be4947852719fb6036a3e30226380,1754d228a3989e52684d6af90d9b71d6b8c4553973012134835ec3d505a3a666,8fdef01eb5c6579a025be82726e3cce1fd965238,exploratory,MOBIO,mlphash_paper_specified,original,90533,90539,30,independent_unseen_keys,2,mean_mlp,157,0.020833333333333332,0.16666666666666666,0.4979621647509578,0.4957614942528736,0.0125,0.004166666666666667,0.0,0.0625,16,False
results/mobio_mlphash_key_pool/metrics.json,60ee22b769b23aebafc9e56e9a9a1a60fd4df63e5334adf3632b6a917478c5cc,994244525909da31df8f6eeb83fb7fc4d02be4947852719fb6036a3e30226380,1754d228a3989e52684d6af90d9b71d6b8c4553973012134835ec3d505a3a666,8fdef01eb5c6579a025be82726e3cce1fd965238,exploratory,MOBIO,mlphash_paper_specified,original,90533,90539,30,independent_unseen_keys,2,mean_mlp,167,0.03333333333333333,0.16666666666666666,0.4974802442528735,0.49195402298850577,0.008333333333333333,0.0,0.0,0.1,9,False
results/mobio_mlphash_key_pool/metrics.json,60ee22b769b23aebafc9e56e9a9a1a60fd4df63e5334adf3632b6a917478c5cc,994244525909da31df8f6eeb83fb7fc4d02be4947852719fb6036a3e30226380,1754d228a3989e52684d6af90d9b71d6b8c4553973012134835ec3d505a3a666,8fdef01eb5c6579a025be82726e3cce1fd965238,exploratory,MOBIO,mlphash_paper_specified,original,90533,90539,30,independent_unseen_keys,2,mean_mlp,177,0.03333333333333333,0.16666666666666666,0.5022581417624521,0.49985632183908046,0.016666666666666666,0.0,0.0,0.1,10,False
results/mobio_mlphash_key_pool/metrics.json,60ee22b769b23aebafc9e56e9a9a1a60fd4df63e5334adf3632b6a917478c5cc,994244525909da31df8f6eeb83fb7fc4d02be4947852719fb6036a3e30226380,1754d228a3989e52684d6af90d9b71d6b8c4553973012134835ec3d505a3a666,8fdef01eb5c6579a025be82726e3cce1fd965238,exploratory,MOBIO,mlphash_paper_specified,original,90533,90539,30,independent_unseen_keys,2,deepsets,157,0.03333333333333333,0.16666666666666666,0.5023198036398467,0.49964080459770116,0.025,0.004166666666666667,0.0,0.1,10,False
results/mobio_mlphash_key_pool/metrics.json,60ee22b769b23aebafc9e56e9a9a1a60fd4df63e5334adf3632b6a917478c5cc,994244525909da31df8f6eeb83fb7fc4d02be4947852719fb6036a3e30226380,1754d228a3989e52684d6af90d9b71d6b8c4553973012134835ec3d505a3a666,8fdef01eb5c6579a025be82726e3cce1fd965238,exploratory,MOBIO,mlphash_paper_specified,original,90533,90539,30,independent_unseen_keys,2,deepsets,167,0.05,0.16666666666666666,0.5005711206896551,0.49985632183908046,0.0125,0.0,0.0,0.125,25,False
results/mobio_mlphash_key_pool/metrics.json,60ee22b769b23aebafc9e56e9a9a1a60fd4df63e5334adf3632b6a917478c5cc,994244525909da31df8f6eeb83fb7fc4d02be4947852719fb6036a3e30226380,1754d228a3989e52684d6af90d9b71d6b8c4553973012134835ec3d505a3a666,8fdef01eb5c6579a025be82726e3cce1fd965238,exploratory,MOBIO,mlphash_paper_specified,original,90533,90539,30,independent_unseen_keys,2,deepsets,177,0.0375,0.16666666666666666,0.49822796934865904,0.49647988505747126,0.020833333333333332,0.0,0.0,0.1,10,False
results/mobio_mlphash_key_pool/metrics.json,60ee22b769b23aebafc9e56e9a9a1a60fd4df63e5334adf3632b6a917478c5cc,994244525909da31df8f6eeb83fb7fc4d02be4947852719fb6036a3e30226380,1754d228a3989e52684d6af90d9b71d6b8c4553973012134835ec3d505a3a666,8fdef01eb5c6579a025be82726e3cce1fd965238,exploratory,MOBIO,mlphash_paper_specified,original,90533,90539,30,independent_unseen_keys,5,mean_mlp,157,0.025,0.16666666666666666,0.49333453065134103,0.5091954022988505,0.0125,0.0,0.0,0.075,18,False
results/mobio_mlphash_key_pool/metrics.json,60ee22b769b23aebafc9e56e9a9a1a60fd4df63e5334adf3632b6a917478c5cc,994244525909da31df8f6eeb83fb7fc4d02be4947852719fb6036a3e30226380,1754d228a3989e52684d6af90d9b71d6b8c4553973012134835ec3d505a3a666,8fdef01eb5c6579a025be82726e3cce1fd965238,exploratory,MOBIO,mlphash_paper_specified,original,90533,90539,30,independent_unseen_keys,5,mean_mlp,167,0.041666666666666664,0.16666666666666666,0.4960871647509578,0.5078304597701149,0.0,0.0,0.0,0.1125,17,False
results/mobio_mlphash_key_pool/metrics.json,60ee22b769b23aebafc9e56e9a9a1a60fd4df63e5334adf3632b6a917478c5cc,994244525909da31df8f6eeb83fb7fc4d02be4947852719fb6036a3e30226380,1754d228a3989e52684d6af90d9b71d6b8c4553973012134835ec3d505a3a666,8fdef01eb5c6579a025be82726e3cce1fd965238,exploratory,MOBIO,mlphash_paper_specified,original,90533,90539,30,independent_unseen_keys,5,mean_mlp,177,0.03333333333333333,0.16666666666666666,0.49807231800766283,0.5033764367816091,0.0125,0.004166666666666667,0.0,0.1,10,False
results/mobio_mlphash_key_pool/metrics.json,60ee22b769b23aebafc9e56e9a9a1a60fd4df63e5334adf3632b6a917478c5cc,994244525909da31df8f6eeb83fb7fc4d02be4947852719fb6036a3e30226380,1754d228a3989e52684d6af90d9b71d6b8c4553973012134835ec3d505a3a666,8fdef01eb5c6579a025be82726e3cce1fd965238,exploratory,MOBIO,mlphash_paper_specified,original,90533,90539,30,independent_unseen_keys,5,deepsets,157,0.04583333333333333,0.16666666666666666,0.49997784961685826,0.5033764367816091,0.0125,0.0,0.0,0.12083333333333333,28,False
results/mobio_mlphash_key_pool/metrics.json,60ee22b769b23aebafc9e56e9a9a1a60fd4df63e5334adf3632b6a917478c5cc,994244525909da31df8f6eeb83fb7fc4d02be4947852719fb6036a3e30226380,1754d228a3989e52684d6af90d9b71d6b8c4553973012134835ec3d505a3a666,8fdef01eb5c6579a025be82726e3cce1fd965238,exploratory,MOBIO,mlphash_paper_specified,original,90533,90539,30,independent_unseen_keys,5,deepsets,167,0.058333333333333334,0.16666666666666666,0.5011667863984675,0.4882902298850575,0.0125,0.0,0.0,0.15,35,False
results/mobio_mlphash_key_pool/metrics.json,60ee22b769b23aebafc9e56e9a9a1a60fd4df63e5334adf3632b6a917478c5cc,994244525909da31df8f6eeb83fb7fc4d02be4947852719fb6036a3e30226380,1754d228a3989e52684d6af90d9b71d6b8c4553973012134835ec3d505a3a666,8fdef01eb5c6579a025be82726e3cce1fd965238,exploratory,MOBIO,mlphash_paper_specified,original,90533,90539,30,independent_unseen_keys,5,deepsets,177,0.03333333333333333,0.16666666666666666,0.4986248802681992,0.4995689655172414,0.025,0.004166666666666667,0.0,0.1,28,False
results/mobio_mlphash_key_pool/metrics.json,60ee22b769b23aebafc9e56e9a9a1a60fd4df63e5334adf3632b6a917478c5cc,994244525909da31df8f6eeb83fb7fc4d02be4947852719fb6036a3e30226380,1754d228a3989e52684d6af90d9b71d6b8c4553973012134835ec3d505a3a666,8fdef01eb5c6579a025be82726e3cce1fd965238,exploratory,MOBIO,mlphash_paper_specified,original,90533,90539,30,independent_unseen_keys,10,mean_mlp,157,0.025,0.16666666666666666,0.4913296216475096,0.49992816091954023,0.0,0.0,0.0,0.075,17,False
results/mobio_mlphash_key_pool/metrics.json,60ee22b769b23aebafc9e56e9a9a1a60fd4df63e5334adf3632b6a917478c5cc,994244525909da31df8f6eeb83fb7fc4d02be4947852719fb6036a3e30226380,1754d228a3989e52684d6af90d9b71d6b8c4553973012134835ec3d505a3a666,8fdef01eb5c6579a025be82726e3cce1fd965238,exploratory,MOBIO,mlphash_paper_specified,original,90533,90539,30,independent_unseen_keys,10,mean_mlp,167,0.03333333333333333,0.16666666666666666,0.4968091475095786,0.5048850574712644,0.0,0.0,0.0,0.1,9,False
results/mobio_mlphash_key_pool/metrics.json,60ee22b769b23aebafc9e56e9a9a1a60fd4df63e5334adf3632b6a917478c5cc,994244525909da31df8f6eeb83fb7fc4d02be4947852719fb6036a3e30226380,1754d228a3989e52684d6af90d9b71d6b8c4553973012134835ec3d505a3a666,8fdef01eb5c6579a025be82726e3cce1fd965238,exploratory,MOBIO,mlphash_paper_specified,original,90533,90539,30,independent_unseen_keys,10,mean_mlp,177,0.03333333333333333,0.16666666666666666,0.4954513888888889,0.5010057471264369,0.020833333333333332,0.0,0.0,0.1,9,False
results/mobio_mlphash_key_pool/metrics.json,60ee22b769b23aebafc9e56e9a9a1a60fd4df63e5334adf3632b6a917478c5cc,994244525909da31df8f6eeb83fb7fc4d02be4947852719fb6036a3e30226380,1754d228a3989e52684d6af90d9b71d6b8c4553973012134835ec3d505a3a666,8fdef01eb5c6579a025be82726e3cce1fd965238,exploratory,MOBIO,mlphash_paper_specified,original,90533,90539,30,independent_unseen_keys,10,deepsets,157,0.03333333333333333,0.16666666666666666,0.5004645593869732,0.49935344827586203,0.03333333333333333,0.008333333333333333,0.0,0.1,31,False
results/mobio_mlphash_key_pool/metrics.json,60ee22b769b23aebafc9e56e9a9a1a60fd4df63e5334adf3632b6a917478c5cc,994244525909da31df8f6eeb83fb7fc4d02be4947852719fb6036a3e30226380,1754d228a3989e52684d6af90d9b71d6b8c4553973012134835ec3d505a3a666,8fdef01eb5c6579a025be82726e3cce1fd965238,exploratory,MOBIO,mlphash_paper_specified,original,90533,90539,30,independent_unseen_keys,10,deepsets,167,0.03333333333333333,0.16666666666666666,0.5013811063218392,0.49461206896551724,0.008333333333333333,0.0,0.0,0.1,28,False
results/mobio_mlphash_key_pool/metrics.json,60ee22b769b23aebafc9e56e9a9a1a60fd4df63e5334adf3632b6a917478c5cc,994244525909da31df8f6eeb83fb7fc4d02be4947852719fb6036a3e30226380,1754d228a3989e52684d6af90d9b71d6b8c4553973012134835ec3d505a3a666,8fdef01eb5c6579a025be82726e3cce1fd965238,exploratory,MOBIO,mlphash_paper_specified,original,90533,90539,30,independent_unseen_keys,10,deepsets,177,0.0625,0.16666666666666666,0.49907267720306514,0.5006465517241379,0.03333333333333333,0.0,0.0,0.15833333333333333,30,False
results/mobio_mlphash_key_pool_dense/metrics.json,440d6bb3ca9d46f2d2025abd00e5126bef126187b2f87aae9b4bcb31a4f89edd,c188e6d46ab1de8236ae191584a8b775380bdebe8ef4fe625c7f2e5ae36d8994,1754d228a3989e52684d6af90d9b71d6b8c4553973012134835ec3d505a3a666,bd2b47d43466d4d4ff035468a859e78ae6b8b9c4,exploratory,MOBIO,mlphash_paper_specified,original,90647,90659,30,random_key_pool_3,1,single_mlp,307,0.020833333333333332,0.16666666666666666,0.508288433908046,0.4833333333333333,0.0125,0.004166666666666667,0.0,0.0625,10,False
results/mobio_mlphash_key_pool_dense/metrics.json,440d6bb3ca9d46f2d2025abd00e5126bef126187b2f87aae9b4bcb31a4f89edd,c188e6d46ab1de8236ae191584a8b775380bdebe8ef4fe625c7f2e5ae36d8994,1754d228a3989e52684d6af90d9b71d6b8c4553973012134835ec3d505a3a666,bd2b47d43466d4d4ff035468a859e78ae6b8b9c4,exploratory,MOBIO,mlphash_paper_specified,original,90647,90659,30,random_key_pool_3,1,single_mlp,317,0.025,0.175,0.5036566091954023,0.5083333333333333,0.008333333333333333,0.0,0.0,0.058333333333333334,9,False
results/mobio_mlphash_key_pool_dense/metrics.json,440d6bb3ca9d46f2d2025abd00e5126bef126187b2f87aae9b4bcb31a4f89edd,c188e6d46ab1de8236ae191584a8b775380bdebe8ef4fe625c7f2e5ae36d8994,1754d228a3989e52684d6af90d9b71d6b8c4553973012134835ec3d505a3a666,bd2b47d43466d4d4ff035468a859e78ae6b8b9c4,exploratory,MOBIO,mlphash_paper_specified,original,90647,90659,30,random_key_pool_3,1,single_mlp,327,0.04583333333333333,0.175,0.5233171695402299,0.4957614942528736,0.0125,0.004166666666666667,0.0,0.11666666666666667,11,False
results/mobio_mlphash_key_pool_dense/metrics.json,440d6bb3ca9d46f2d2025abd00e5126bef126187b2f87aae9b4bcb31a4f89edd,c188e6d46ab1de8236ae191584a8b775380bdebe8ef4fe625c7f2e5ae36d8994,1754d228a3989e52684d6af90d9b71d6b8c4553973012134835ec3d505a3a666,bd2b47d43466d4d4ff035468a859e78ae6b8b9c4,exploratory,MOBIO,mlphash_paper_specified,original,90647,90659,30,random_key_pool_3,10,mean_mlp,307,0.5166666666666667,0.85,0.9401388888888889,0.14367816091954028,0.5125,0.24166666666666667,0.3540625000000002,0.675,376,False
results/mobio_mlphash_key_pool_dense/metrics.json,440d6bb3ca9d46f2d2025abd00e5126bef126187b2f87aae9b4bcb31a4f89edd,c188e6d46ab1de8236ae191584a8b775380bdebe8ef4fe625c7f2e5ae36d8994,1754d228a3989e52684d6af90d9b71d6b8c4553973012134835ec3d505a3a666,bd2b47d43466d4d4ff035468a859e78ae6b8b9c4,exploratory,MOBIO,mlphash_paper_specified,original,90647,90659,30,random_key_pool_3,10,mean_mlp,317,0.4791666666666667,0.8875,0.9464852729885057,0.1374281609195402,0.4,0.0,0.32083333333333336,0.6333333333333333,392,False
results/mobio_mlphash_key_pool_dense/metrics.json,440d6bb3ca9d46f2d2025abd00e5126bef126187b2f87aae9b4bcb31a4f89edd,c188e6d46ab1de8236ae191584a8b775380bdebe8ef4fe625c7f2e5ae36d8994,1754d228a3989e52684d6af90d9b71d6b8c4553973012134835ec3d505a3a666,bd2b47d43466d4d4ff035468a859e78ae6b8b9c4,exploratory,MOBIO,mlphash_paper_specified,original,90647,90659,30,random_key_pool_3,10,mean_mlp,327,0.6333333333333333,0.9166666666666666,0.9503238745210729,0.11264367816091955,0.475,0.15833333333333333,0.475,0.7875,387,False
results/mobio_mlphash_key_pool_dense/metrics.json,440d6bb3ca9d46f2d2025abd00e5126bef126187b2f87aae9b4bcb31a4f89edd,c188e6d46ab1de8236ae191584a8b775380bdebe8ef4fe625c7f2e5ae36d8994,1754d228a3989e52684d6af90d9b71d6b8c4553973012134835ec3d505a3a666,bd2b47d43466d4d4ff035468a859e78ae6b8b9c4,exploratory,MOBIO,mlphash_paper_specified,original,90647,90659,30,random_key_pool_4,1,single_mlp,307,0.04583333333333333,0.16666666666666666,0.5006896551724138,0.4959051724137931,0.004166666666666667,0.0,0.0,0.12083333333333333,9,False
results/mobio_mlphash_key_pool_dense/metrics.json,440d6bb3ca9d46f2d2025abd00e5126bef126187b2f87aae9b4bcb31a4f89edd,c188e6d46ab1de8236ae191584a8b775380bdebe8ef4fe625c7f2e5ae36d8994,1754d228a3989e52684d6af90d9b71d6b8c4553973012134835ec3d505a3a666,bd2b47d43466d4d4ff035468a859e78ae6b8b9c4,exploratory,MOBIO,mlphash_paper_specified,original,90647,90659,30,random_key_pool_4,1,single_mlp,317,0.04583333333333333,0.17083333333333334,0.5132130028735632,0.48750000000000004,0.025,0.004166666666666667,0.0,0.12083333333333333,12,False
results/mobio_mlphash_key_pool_dense/metrics.json,440d6bb3ca9d46f2d2025abd00e5126bef126187b2f87aae9b4bcb31a4f89edd,c188e6d46ab1de8236ae191584a8b775380bdebe8ef4fe625c7f2e5ae36d8994,1754d228a3989e52684d6af90d9b71d6b8c4553973012134835ec3d505a3a666,bd2b47d43466d4d4ff035468a859e78ae6b8b9c4,exploratory,MOBIO,mlphash_paper_specified,original,90647,90659,30,random_key_pool_4,1,single_mlp,327,0.04583333333333333,0.1625,0.517950790229885,0.47916666666666663,0.020833333333333332,0.0,0.008333333333333333,0.10833333333333334,12,False
results/mobio_mlphash_key_pool_dense/metrics.json,440d6bb3ca9d46f2d2025abd00e5126bef126187b2f87aae9b4bcb31a4f89edd,c188e6d46ab1de8236ae191584a8b775380bdebe8ef4fe625c7f2e5ae36d8994,1754d228a3989e52684d6af90d9b71d6b8c4553973012134835ec3d505a3a666,bd2b47d43466d4d4ff035468a859e78ae6b8b9c4,exploratory,MOBIO,mlphash_paper_specified,original,90647,90659,30,random_key_pool_4,10,mean_mlp,307,0.35833333333333334,0.7333333333333333,0.8835650143678161,0.2375718390804598,0.22083333333333333,0.125,0.22083333333333333,0.5001041666666661,395,False
results/mobio_mlphash_key_pool_dense/metrics.json,440d6bb3ca9d46f2d2025abd00e5126bef126187b2f87aae9b4bcb31a4f89edd,c188e6d46ab1de8236ae191584a8b775380bdebe8ef4fe625c7f2e5ae36d8994,1754d228a3989e52684d6af90d9b71d6b8c4553973012134835ec3d505a3a666,bd2b47d43466d4d4ff035468a859e78ae6b8b9c4,exploratory,MOBIO,mlphash_paper_specified,original,90647,90659,30,random_key_pool_4,10,mean_mlp,317,0.24583333333333332,0.5791666666666667,0.7829124760536399,0.27068965517241383,0.15833333333333333,0.07916666666666666,0.125,0.3875,83,False
results/mobio_mlphash_key_pool_dense/metrics.json,440d6bb3ca9d46f2d2025abd00e5126bef126187b2f87aae9b4bcb31a4f89edd,c188e6d46ab1de8236ae191584a8b775380bdebe8ef4fe625c7f2e5ae36d8994,1754d228a3989e52684d6af90d9b71d6b8c4553973012134835ec3d505a3a666,bd2b47d43466d4d4ff035468a859e78ae6b8b9c4,exploratory,MOBIO,mlphash_paper_specified,original,90647,90659,30,random_key_pool_4,10,mean_mlp,327,0.5291666666666667,0.7666666666666667,0.8718600335249042,0.22499999999999998,0.43333333333333335,0.175,0.35833333333333334,0.6958333333333333,388,False
results/mobio_mlphash_key_pool_dense/metrics.json,440d6bb3ca9d46f2d2025abd00e5126bef126187b2f87aae9b4bcb31a4f89edd,c188e6d46ab1de8236ae191584a8b775380bdebe8ef4fe625c7f2e5ae36d8994,1754d228a3989e52684d6af90d9b71d6b8c4553973012134835ec3d505a3a666,bd2b47d43466d4d4ff035468a859e78ae6b8b9c4,exploratory,MOBIO,mlphash_paper_specified,original,90647,90659,30,independent_unseen_keys,1,single_mlp,307,0.0375,0.17083333333333334,0.49964020593869735,0.5049568965517242,0.020833333333333332,0.0,0.0,0.1,9,False
results/mobio_mlphash_key_pool_dense/metrics.json,440d6bb3ca9d46f2d2025abd00e5126bef126187b2f87aae9b4bcb31a4f89edd,c188e6d46ab1de8236ae191584a8b775380bdebe8ef4fe625c7f2e5ae36d8994,1754d228a3989e52684d6af90d9b71d6b8c4553973012134835ec3d505a3a666,bd2b47d43466d4d4ff035468a859e78ae6b8b9c4,exploratory,MOBIO,mlphash_paper_specified,original,90647,90659,30,independent_unseen_keys,1,single_mlp,317,0.025,0.1625,0.5046132662835249,0.49583333333333335,0.016666666666666666,0.016666666666666666,0.0,0.07083333333333333,12,False
results/mobio_mlphash_key_pool_dense/metrics.json,440d6bb3ca9d46f2d2025abd00e5126bef126187b2f87aae9b4bcb31a4f89edd,c188e6d46ab1de8236ae191584a8b775380bdebe8ef4fe625c7f2e5ae36d8994,1754d228a3989e52684d6af90d9b71d6b8c4553973012134835ec3d505a3a666,bd2b47d43466d4d4ff035468a859e78ae6b8b9c4,exploratory,MOBIO,mlphash_paper_specified,original,90647,90659,30,independent_unseen_keys,1,single_mlp,327,0.029166666666666667,0.16666666666666666,0.5012242576628353,0.5165948275862069,0.0125,0.0,0.0,0.075,10,False
results/mobio_mlphash_key_pool_dense/metrics.json,440d6bb3ca9d46f2d2025abd00e5126bef126187b2f87aae9b4bcb31a4f89edd,c188e6d46ab1de8236ae191584a8b775380bdebe8ef4fe625c7f2e5ae36d8994,1754d228a3989e52684d6af90d9b71d6b8c4553973012134835ec3d505a3a666,bd2b47d43466d4d4ff035468a859e78ae6b8b9c4,exploratory,MOBIO,mlphash_paper_specified,original,90647,90659,30,independent_unseen_keys,10,mean_mlp,307,0.03333333333333333,0.16666666666666666,0.4998946360153257,0.5,0.03333333333333333,0.016666666666666666,0.0,0.1,14,False
results/mobio_mlphash_key_pool_dense/metrics.json,440d6bb3ca9d46f2d2025abd00e5126bef126187b2f87aae9b4bcb31a4f89edd,c188e6d46ab1de8236ae191584a8b775380bdebe8ef4fe625c7f2e5ae36d8994,1754d228a3989e52684d6af90d9b71d6b8c4553973012134835ec3d505a3a666,bd2b47d43466d4d4ff035468a859e78ae6b8b9c4,exploratory,MOBIO,mlphash_paper_specified,original,90647,90659,30,independent_unseen_keys,10,mean_mlp,317,0.0375,0.16666666666666666,0.49811003352490424,0.5073275862068966,0.05,0.016666666666666666,0.0,0.10833333333333334,18,False
results/mobio_mlphash_key_pool_dense/metrics.json,440d6bb3ca9d46f2d2025abd00e5126bef126187b2f87aae9b4bcb31a4f89edd,c188e6d46ab1de8236ae191584a8b775380bdebe8ef4fe625c7f2e5ae36d8994,1754d228a3989e52684d6af90d9b71d6b8c4553973012134835ec3d505a3a666,bd2b47d43466d4d4ff035468a859e78ae6b8b9c4,exploratory,MOBIO,mlphash_paper_specified,original,90647,90659,30,independent_unseen_keys,10,mean_mlp,327,0.03333333333333333,0.16666666666666666,0.49360811781609193,0.5125718390804597,0.0,0.0,0.0,0.1,10,False
results/scheme_extension_pilot_2026-09-12/FEI_iomgrp_paper_specified/independent_unseen_keys/metrics.json,db13172847256d89a79b719ca39df4040635db502c039c9c47d401bd12dea38f,2e02f39f6054e98c1cfe95b27473e998d600eb32e68d174d62cf5dc5370fb8c5,c0ecb4c4b29c0492aa08b2507e41690bda0b86070e20ea03a72e56d954b4cdfb,d5f4e8901db4bd4ddda5a2dd7e9610211921846e,pilot,FEI,iomgrp_paper_specified,original,91217,91219,40,independent_unseen_keys,1,single_mlp,419,0.01875,0.134375,0.5199346454326923,0.4778044871794872,0.009375,0.0,0.0,0.04375,4,True
results/scheme_extension_pilot_2026-09-12/FEI_iomgrp_paper_specified/independent_unseen_keys/metrics.json,db13172847256d89a79b719ca39df4040635db502c039c9c47d401bd12dea38f,2e02f39f6054e98c1cfe95b27473e998d600eb32e68d174d62cf5dc5370fb8c5,c0ecb4c4b29c0492aa08b2507e41690bda0b86070e20ea03a72e56d954b4cdfb,d5f4e8901db4bd4ddda5a2dd7e9610211921846e,pilot,FEI,iomgrp_paper_specified,original,91217,91219,40,independent_unseen_keys,10,mean_mlp,419,0.021875,0.125,0.5131442808493589,0.49759615384615385,0.0,0.0,0.0,0.065625,7,True
results/scheme_extension_pilot_2026-09-12/FEI_iomgrp_paper_specified/independent_unseen_keys/metrics.json,db13172847256d89a79b719ca39df4040635db502c039c9c47d401bd12dea38f,2e02f39f6054e98c1cfe95b27473e998d600eb32e68d174d62cf5dc5370fb8c5,c0ecb4c4b29c0492aa08b2507e41690bda0b86070e20ea03a72e56d954b4cdfb,d5f4e8901db4bd4ddda5a2dd7e9610211921846e,pilot,FEI,iomgrp_paper_specified,original,91217,91219,40,independent_unseen_keys,10,deepsets,419,0.025,0.125,0.5004374499198718,0.49727564102564104,0.0,0.0,0.0,0.075,13,True
results/scheme_extension_pilot_2026-09-12/FEI_iomgrp_paper_specified/random_key_pool_1/metrics.json,c540ab59dfadb4d254cfc0af5c1f48beec9161531ae86953891038e0241ad697,848ccf88c92c25dd2522304e14e7190b203cb8b212a159caf0e67e62524ce023,c0ecb4c4b29c0492aa08b2507e41690bda0b86070e20ea03a72e56d954b4cdfb,d5f4e8901db4bd4ddda5a2dd7e9610211921846e,pilot,FEI,iomgrp_paper_specified,original,91217,91219,40,random_key_pool_1,1,single_mlp,419,0.996875,1.0,0.9998054387019231,0.0032051282051282276,0.996875,0.9625,0.990625,1.0,120,True
results/scheme_extension_pilot_2026-09-12/FEI_iomgrp_paper_specified/random_key_pool_1/metrics.json,c540ab59dfadb4d254cfc0af5c1f48beec9161531ae86953891038e0241ad697,848ccf88c92c25dd2522304e14e7190b203cb8b212a159caf0e67e62524ce023,c0ecb4c4b29c0492aa08b2507e41690bda0b86070e20ea03a72e56d954b4cdfb,d5f4e8901db4bd4ddda5a2dd7e9610211921846e,pilot,FEI,iomgrp_paper_specified,original,91217,91219,40,random_key_pool_1,10,mean_mlp,419,1.0,1.0,0.9998334835737179,0.006770833333333322,1.0,0.975,1.0,1.0,120,True
results/scheme_extension_pilot_2026-09-12/FEI_iomgrp_paper_specified/random_key_pool_1/metrics.json,c540ab59dfadb4d254cfc0af5c1f48beec9161531ae86953891038e0241ad697,848ccf88c92c25dd2522304e14e7190b203cb8b212a159caf0e67e62524ce023,c0ecb4c4b29c0492aa08b2507e41690bda0b86070e20ea03a72e56d954b4cdfb,d5f4e8901db4bd4ddda5a2dd7e9610211921846e,pilot,FEI,iomgrp_paper_specified,original,91217,91219,40,random_key_pool_1,10,deepsets,419,0.95,1.0,0.9961596053685898,0.043068910256410235,0.925,0.746875,0.875,1.0,61,True
results/scheme_extension_pilot_2026-09-12/FEI_iomgrp_paper_specified/random_key_pool_4/metrics.json,80f5deda6f49f9712e9e89143a074149a263634c42fef1d6276e5fd11a307126,e01761585084bff9086507b4f421887a22a6532efceccdc5fcf53dfaa69d59df,c0ecb4c4b29c0492aa08b2507e41690bda0b86070e20ea03a72e56d954b4cdfb,d5f4e8901db4bd4ddda5a2dd7e9610211921846e,pilot,FEI,iomgrp_paper_specified,original,91217,91219,40,random_key_pool_4,1,single_mlp,419,0.6125,0.890625,0.9534347455929487,0.12808493589743591,0.534375,0.334375,0.521875,0.703125,115,True
results/scheme_extension_pilot_2026-09-12/FEI_iomgrp_paper_specified/random_key_pool_4/metrics.json,80f5deda6f49f9712e9e89143a074149a263634c42fef1d6276e5fd11a307126,e01761585084bff9086507b4f421887a22a6532efceccdc5fcf53dfaa69d59df,c0ecb4c4b29c0492aa08b2507e41690bda0b86070e20ea03a72e56d954b4cdfb,d5f4e8901db4bd4ddda5a2dd7e9610211921846e,pilot,FEI,iomgrp_paper_specified,original,91217,91219,40,random_key_pool_4,10,mean_mlp,419,0.95,0.99375,0.9968116486378206,0.04551282051282052,0.94375,0.878125,0.875,1.0,114,True
results/scheme_extension_pilot_2026-09-12/FEI_iomgrp_paper_specified/random_key_pool_4/metrics.json,80f5deda6f49f9712e9e89143a074149a263634c42fef1d6276e5fd11a307126,e01761585084bff9086507b4f421887a22a6532efceccdc5fcf53dfaa69d59df,c0ecb4c4b29c0492aa08b2507e41690bda0b86070e20ea03a72e56d954b4cdfb,d5f4e8901db4bd4ddda5a2dd7e9610211921846e,pilot,FEI,iomgrp_paper_specified,original,91217,91219,40,random_key_pool_4,10,deepsets,419,0.825,0.975,0.984775390625,0.04859775641025641,0.76875,0.584375,0.715625,0.928125,67,True
results/scheme_extension_pilot_2026-09-12/FEI_iomgrp_paper_specified/random_key_pool_8/metrics.json,3e4f91a0aec232ffbf4ca479268e8e34a064a8c1c3db8d2e1a11b531ba1f14ea,ff8e63670155b1dd94a336ea402715ed31919e6c933e9c91ebd425b7db0c9d95,c0ecb4c4b29c0492aa08b2507e41690bda0b86070e20ea03a72e56d954b4cdfb,d5f4e8901db4bd4ddda5a2dd7e9610211921846e,pilot,FEI,iomgrp_paper_specified,original,91217,91219,40,random_key_pool_8,1,single_mlp,419,0.290625,0.68125,0.8522473457532052,0.22423878205128206,0.209375,0.046875,0.215625,0.378125,99,True
results/scheme_extension_pilot_2026-09-12/FEI_iomgrp_paper_specified/random_key_pool_8/metrics.json,3e4f91a0aec232ffbf4ca479268e8e34a064a8c1c3db8d2e1a11b531ba1f14ea,ff8e63670155b1dd94a336ea402715ed31919e6c933e9c91ebd425b7db0c9d95,c0ecb4c4b29c0492aa08b2507e41690bda0b86070e20ea03a72e56d954b4cdfb,d5f4e8901db4bd4ddda5a2dd7e9610211921846e,pilot,FEI,iomgrp_paper_specified,original,91217,91219,40,random_key_pool_8,10,mean_mlp,419,0.834375,0.946875,0.9821031149839743,0.07191506410256411,0.790625,0.61875,0.71875,0.94375,112,True
results/scheme_extension_pilot_2026-09-12/FEI_iomgrp_paper_specified/random_key_pool_8/metrics.json,3e4f91a0aec232ffbf4ca479268e8e34a064a8c1c3db8d2e1a11b531ba1f14ea,ff8e63670155b1dd94a336ea402715ed31919e6c933e9c91ebd425b7db0c9d95,c0ecb4c4b29c0492aa08b2507e41690bda0b86070e20ea03a72e56d954b4cdfb,d5f4e8901db4bd4ddda5a2dd7e9610211921846e,pilot,FEI,iomgrp_paper_specified,original,91217,91219,40,random_key_pool_8,10,deepsets,419,0.5875,0.840625,0.9398988381410256,0.14142628205128208,0.478125,0.3625,0.446875,0.734375,60,True
results/scheme_extension_pilot_2026-09-12/FEI_polyprotect_paper_specified/independent_unseen_keys/metrics.json,9966657e50be8161b1603f1be30a3025a45da073f8f3b5a73069bd54eb5f932c,f7a43e1386a417eeb81440366b485e508a4581ff9b13e03a6c1478f35a0f647d,c0ecb4c4b29c0492aa08b2507e41690bda0b86070e20ea03a72e56d954b4cdfb,d5f4e8901db4bd4ddda5a2dd7e9610211921846e,pilot,FEI,polyprotect_paper_specified,original,91217,91219,40,independent_unseen_keys,1,single_mlp,419,0.01875,0.115625,0.5028876201923077,0.5094551282051283,0.0125,0.003125,0.0,0.05625,19,True
results/scheme_extension_pilot_2026-09-12/FEI_polyprotect_paper_specified/independent_unseen_keys/metrics.json,9966657e50be8161b1603f1be30a3025a45da073f8f3b5a73069bd54eb5f932c,f7a43e1386a417eeb81440366b485e508a4581ff9b13e03a6c1478f35a0f647d,c0ecb4c4b29c0492aa08b2507e41690bda0b86070e20ea03a72e56d954b4cdfb,d5f4e8901db4bd4ddda5a2dd7e9610211921846e,pilot,FEI,polyprotect_paper_specified,original,91217,91219,40,independent_unseen_keys,10,mean_mlp,419,0.021875,0.146875,0.5054086538461539,0.4960737179487179,0.01875,0.0,0.0,0.053125,12,True
results/scheme_extension_pilot_2026-09-12/FEI_polyprotect_paper_specified/independent_unseen_keys/metrics.json,9966657e50be8161b1603f1be30a3025a45da073f8f3b5a73069bd54eb5f932c,f7a43e1386a417eeb81440366b485e508a4581ff9b13e03a6c1478f35a0f647d,c0ecb4c4b29c0492aa08b2507e41690bda0b86070e20ea03a72e56d954b4cdfb,d5f4e8901db4bd4ddda5a2dd7e9610211921846e,pilot,FEI,polyprotect_paper_specified,original,91217,91219,40,independent_unseen_keys,10,deepsets,419,0.025,0.125,0.49730769230769234,0.5056891025641026,0.0,0.0,0.0,0.075,15,True
results/scheme_extension_pilot_2026-09-12/FEI_polyprotect_paper_specified/random_key_pool_1/metrics.json,192e140435bea6198104589f7b7a2d6f9f63dfae44051e64dac188f41cf20519,ec595e3bce98b8a01cc468da79d5e629c4ad33c652a5cec485cc15279691ac02,c0ecb4c4b29c0492aa08b2507e41690bda0b86070e20ea03a72e56d954b4cdfb,d5f4e8901db4bd4ddda5a2dd7e9610211921846e,pilot,FEI,polyprotect_paper_specified,original,91217,91219,40,random_key_pool_1,1,single_mlp,419,0.965625,0.996875,0.9988862179487179,0.01254006410256408,0.9875,0.80625,0.909375,1.0,120,True
results/scheme_extension_pilot_2026-09-12/FEI_polyprotect_paper_specified/random_key_pool_1/metrics.json,192e140435bea6198104589f7b7a2d6f9f63dfae44051e64dac188f41cf20519,ec595e3bce98b8a01cc468da79d5e629c4ad33c652a5cec485cc15279691ac02,c0ecb4c4b29c0492aa08b2507e41690bda0b86070e20ea03a72e56d954b4cdfb,d5f4e8901db4bd4ddda5a2dd7e9610211921846e,pilot,FEI,polyprotect_paper_specified,original,91217,91219,40,random_key_pool_1,10,mean_mlp,419,0.828125,1.0,0.9943667367788461,0.03834134615384614,0.825,0.575,0.703125,0.928125,76,True
results/scheme_extension_pilot_2026-09-12/FEI_polyprotect_paper_specified/random_key_pool_1/metrics.json,192e140435bea6198104589f7b7a2d6f9f63dfae44051e64dac188f41cf20519,ec595e3bce98b8a01cc468da79d5e629c4ad33c652a5cec485cc15279691ac02,c0ecb4c4b29c0492aa08b2507e41690bda0b86070e20ea03a72e56d954b4cdfb,d5f4e8901db4bd4ddda5a2dd7e9610211921846e,pilot,FEI,polyprotect_paper_specified,original,91217,91219,40,random_key_pool_1,10,deepsets,419,0.840625,0.978125,0.9918028846153847,0.040224358974358984,0.778125,0.521875,0.721875,0.9375,65,True
results/scheme_extension_pilot_2026-09-12/FEI_polyprotect_paper_specified/random_key_pool_4/metrics.json,d7a2d5e2f8dc2e035d97a5cfd58322fd06459da2c8df8823c59326aef23e0c8a,d7b6e802ff4c0db1f2251efb74951ab962b99761a7e5eda58faf72ef33116593,c0ecb4c4b29c0492aa08b2507e41690bda0b86070e20ea03a72e56d954b4cdfb,d5f4e8901db4bd4ddda5a2dd7e9610211921846e,pilot,FEI,polyprotect_paper_specified,original,91217,91219,40,random_key_pool_4,1,single_mlp,419,0.03125,0.146875,0.5300798778044872,0.478886217948718,0.03125,0.015625,0.0,0.0875,20,True
results/scheme_extension_pilot_2026-09-12/FEI_polyprotect_paper_specified/random_key_pool_4/metrics.json,d7a2d5e2f8dc2e035d97a5cfd58322fd06459da2c8df8823c59326aef23e0c8a,d7b6e802ff4c0db1f2251efb74951ab962b99761a7e5eda58faf72ef33116593,c0ecb4c4b29c0492aa08b2507e41690bda0b86070e20ea03a72e56d954b4cdfb,d5f4e8901db4bd4ddda5a2dd7e9610211921846e,pilot,FEI,polyprotect_paper_specified,original,91217,91219,40,random_key_pool_4,10,mean_mlp,419,0.6125,0.875,0.9433220653044873,0.11622596153846153,0.521875,0.1875,0.4749218750000001,0.75,63,True
results/scheme_extension_pilot_2026-09-12/FEI_polyprotect_paper_specified/random_key_pool_4/metrics.json,d7a2d5e2f8dc2e035d97a5cfd58322fd06459da2c8df8823c59326aef23e0c8a,d7b6e802ff4c0db1f2251efb74951ab962b99761a7e5eda58faf72ef33116593,c0ecb4c4b29c0492aa08b2507e41690bda0b86070e20ea03a72e56d954b4cdfb,d5f4e8901db4bd4ddda5a2dd7e9610211921846e,pilot,FEI,polyprotect_paper_specified,original,91217,91219,40,random_key_pool_4,10,deepsets,419,0.621875,0.8375,0.9257189002403848,0.137900641025641,0.55625,0.31875,0.484375,0.7625,76,True
results/scheme_extension_pilot_2026-09-12/FEI_polyprotect_paper_specified/random_key_pool_8/metrics.json,b6ddd0e6616fbcbad84756de385f07c537a7228cf8f979367cc5e84c281502fc,52eb440d2e5e5fd1c71b3083a41fe72e69cae5294f00bb1de6f7a173034a2dce,c0ecb4c4b29c0492aa08b2507e41690bda0b86070e20ea03a72e56d954b4cdfb,d5f4e8901db4bd4ddda5a2dd7e9610211921846e,pilot,FEI,polyprotect_paper_specified,original,91217,91219,40,random_key_pool_8,1,single_mlp,419,0.04375,0.121875,0.5305513822115384,0.4781650641025641,0.028125,0.0,0.003125,0.096875,19,True
results/scheme_extension_pilot_2026-09-12/FEI_polyprotect_paper_specified/random_key_pool_8/metrics.json,b6ddd0e6616fbcbad84756de385f07c537a7228cf8f979367cc5e84c281502fc,52eb440d2e5e5fd1c71b3083a41fe72e69cae5294f00bb1de6f7a173034a2dce,c0ecb4c4b29c0492aa08b2507e41690bda0b86070e20ea03a72e56d954b4cdfb,d5f4e8901db4bd4ddda5a2dd7e9610211921846e,pilot,FEI,polyprotect_paper_specified,original,91217,91219,40,random_key_pool_8,10,mean_mlp,419,0.053125,0.1875,0.5822435897435897,0.4006009615384616,0.053125,0.0,0.003125,0.128125,14,True
results/scheme_extension_pilot_2026-09-12/FEI_polyprotect_paper_specified/random_key_pool_8/metrics.json,b6ddd0e6616fbcbad84756de385f07c537a7228cf8f979367cc5e84c281502fc,52eb440d2e5e5fd1c71b3083a41fe72e69cae5294f00bb1de6f7a173034a2dce,c0ecb4c4b29c0492aa08b2507e41690bda0b86070e20ea03a72e56d954b4cdfb,d5f4e8901db4bd4ddda5a2dd7e9610211921846e,pilot,FEI,polyprotect_paper_specified,original,91217,91219,40,random_key_pool_8,10,deepsets,419,0.0375,0.14375,0.5126019130608974,0.4705929487179487,0.0,0.0,0.0,0.1,15,True
results/scheme_extension_pilot_2026-09-12/MOBIO_iomgrp_paper_specified/independent_unseen_keys/metrics.json,d06b81c011aeb0a373cf4e85b87ec28e124b0203b612d9a314514b436ab06715,8d293dcde52b02f92210c8462fe2b16aa604ec3b1244f0e79be67f0a0764dd3f,1754d228a3989e52684d6af90d9b71d6b8c4553973012134835ec3d505a3a666,d5f4e8901db4bd4ddda5a2dd7e9610211921846e,pilot,MOBIO,iomgrp_paper_specified,original,91217,91219,30,independent_unseen_keys,1,single_mlp,419,0.029166666666666667,0.19583333333333333,0.4990170019157088,0.49583333333333335,0.004166666666666667,0.0,0.004166666666666667,0.058333333333333334,4,True
results/scheme_extension_pilot_2026-09-12/MOBIO_iomgrp_paper_specified/independent_unseen_keys/metrics.json,d06b81c011aeb0a373cf4e85b87ec28e124b0203b612d9a314514b436ab06715,8d293dcde52b02f92210c8462fe2b16aa604ec3b1244f0e79be67f0a0764dd3f,1754d228a3989e52684d6af90d9b71d6b8c4553973012134835ec3d505a3a666,d5f4e8901db4bd4ddda5a2dd7e9610211921846e,pilot,MOBIO,iomgrp_paper_specified,original,91217,91219,30,independent_unseen_keys,10,mean_mlp,419,0.06666666666666667,0.2,0.4824347461685824,0.5076149425287356,0.020833333333333332,0.0,0.0,0.16666666666666666,6,True
results/scheme_extension_pilot_2026-09-12/MOBIO_iomgrp_paper_specified/independent_unseen_keys/metrics.json,d06b81c011aeb0a373cf4e85b87ec28e124b0203b612d9a314514b436ab06715,8d293dcde52b02f92210c8462fe2b16aa604ec3b1244f0e79be67f0a0764dd3f,1754d228a3989e52684d6af90d9b71d6b8c4553973012134835ec3d505a3a666,d5f4e8901db4bd4ddda5a2dd7e9610211921846e,pilot,MOBIO,iomgrp_paper_specified,original,91217,91219,30,independent_unseen_keys,10,deepsets,419,0.03333333333333333,0.16666666666666666,0.49789032567049807,0.4992097701149425,0.0,0.0,0.0,0.1,10,True
results/scheme_extension_pilot_2026-09-12/MOBIO_iomgrp_paper_specified/random_key_pool_1/metrics.json,6792d8a720db16d170c4cdfde357381f52917aa5185c7bc6b52c7b031cca2f20,ada03bd553f5849627ea9ac9129674b59a78901fb3fec8040e7fdb5c3fccd1cb,1754d228a3989e52684d6af90d9b71d6b8c4553973012134835ec3d505a3a666,d5f4e8901db4bd4ddda5a2dd7e9610211921846e,pilot,MOBIO,iomgrp_paper_specified,original,91217,91219,30,random_key_pool_1,1,single_mlp,419,1.0,1.0,0.9999125957854407,0.007614942528735617,1.0,0.9875,1.0,1.0,118,True
results/scheme_extension_pilot_2026-09-12/MOBIO_iomgrp_paper_specified/random_key_pool_1/metrics.json,6792d8a720db16d170c4cdfde357381f52917aa5185c7bc6b52c7b031cca2f20,ada03bd553f5849627ea9ac9129674b59a78901fb3fec8040e7fdb5c3fccd1cb,1754d228a3989e52684d6af90d9b71d6b8c4553973012134835ec3d505a3a666,d5f4e8901db4bd4ddda5a2dd7e9610211921846e,pilot,MOBIO,iomgrp_paper_specified,original,91217,91219,30,random_key_pool_1,10,mean_mlp,419,1.0,1.0,0.9997599377394635,0.005747126436781602,1.0,0.9666666666666667,1.0,1.0,120,True
results/scheme_extension_pilot_2026-09-12/MOBIO_iomgrp_paper_specified/random_key_pool_1/metrics.json,6792d8a720db16d170c4cdfde357381f52917aa5185c7bc6b52c7b031cca2f20,ada03bd553f5849627ea9ac9129674b59a78901fb3fec8040e7fdb5c3fccd1cb,1754d228a3989e52684d6af90d9b71d6b8c4553973012134835ec3d505a3a666,d5f4e8901db4bd4ddda5a2dd7e9610211921846e,pilot,MOBIO,iomgrp_paper_specified,original,91217,91219,30,random_key_pool_1,10,deepsets,419,0.9041666666666667,1.0,0.996352969348659,0.01989942528735634,0.9,0.4166666666666667,0.7873958333333335,1.0,59,True
results/scheme_extension_pilot_2026-09-12/MOBIO_iomgrp_paper_specified/random_key_pool_4/metrics.json,75bd01c19bab73182dfcb1623a812cf09c5fbc1a0f305beb6d9efc5472922b59,d18e52f49f1ea3ef726490330641e6a8bcc7611ff8d2d4815aca7b3ef0fffa21,1754d228a3989e52684d6af90d9b71d6b8c4553973012134835ec3d505a3a666,d5f4e8901db4bd4ddda5a2dd7e9610211921846e,pilot,MOBIO,iomgrp_paper_specified,original,91217,91219,30,random_key_pool_4,1,single_mlp,419,0.525,0.8666666666666667,0.9329705459770116,0.15402298850574714,0.4583333333333333,0.16666666666666666,0.42489583333333353,0.6291666666666667,118,True
results/scheme_extension_pilot_2026-09-12/MOBIO_iomgrp_paper_specified/random_key_pool_4/metrics.json,75bd01c19bab73182dfcb1623a812cf09c5fbc1a0f305beb6d9efc5472922b59,d18e52f49f1ea3ef726490330641e6a8bcc7611ff8d2d4815aca7b3ef0fffa21,1754d228a3989e52684d6af90d9b71d6b8c4553973012134835ec3d505a3a666,d5f4e8901db4bd4ddda5a2dd7e9610211921846e,pilot,MOBIO,iomgrp_paper_specified,original,91217,91219,30,random_key_pool_4,10,mean_mlp,419,0.9041666666666667,1.0,0.9963260296934866,0.024856321839080472,0.875,0.575,0.8082291666666669,0.9791666666666666,119,True
results/scheme_extension_pilot_2026-09-12/MOBIO_iomgrp_paper_specified/random_key_pool_4/metrics.json,75bd01c19bab73182dfcb1623a812cf09c5fbc1a0f305beb6d9efc5472922b59,d18e52f49f1ea3ef726490330641e6a8bcc7611ff8d2d4815aca7b3ef0fffa21,1754d228a3989e52684d6af90d9b71d6b8c4553973012134835ec3d505a3a666,d5f4e8901db4bd4ddda5a2dd7e9610211921846e,pilot,MOBIO,iomgrp_paper_specified,original,91217,91219,30,random_key_pool_4,10,deepsets,419,0.8041666666666667,0.9875,0.979375,0.057830459770114945,0.6125,0.375,0.6582291666666669,0.925,112,True
results/scheme_extension_pilot_2026-09-12/MOBIO_iomgrp_paper_specified/random_key_pool_8/metrics.json,eded9330d03978457813fd2416ad4501936d96f25218b59defbebcb4ef264100,dd7dfb8d935e41d8d2d2a7b7b5e28ca25383089720481da37910d309afc023bb,1754d228a3989e52684d6af90d9b71d6b8c4553973012134835ec3d505a3a666,d5f4e8901db4bd4ddda5a2dd7e9610211921846e,pilot,MOBIO,iomgrp_paper_specified,original,91217,91219,30,random_key_pool_8,1,single_mlp,419,0.2708333333333333,0.6125,0.8279621647509579,0.24583333333333335,0.14166666666666666,0.020833333333333332,0.1748958333333335,0.375,120,True
results/scheme_extension_pilot_2026-09-12/MOBIO_iomgrp_paper_specified/random_key_pool_8/metrics.json,eded9330d03978457813fd2416ad4501936d96f25218b59defbebcb4ef264100,dd7dfb8d935e41d8d2d2a7b7b5e28ca25383089720481da37910d309afc023bb,1754d228a3989e52684d6af90d9b71d6b8c4553973012134835ec3d505a3a666,d5f4e8901db4bd4ddda5a2dd7e9610211921846e,pilot,MOBIO,iomgrp_paper_specified,original,91217,91219,30,random_key_pool_8,10,mean_mlp,419,0.5708333333333333,0.9541666666666667,0.9684452825670499,0.08943965517241381,0.4875,0.25,0.4040625000000002,0.7416666666666667,118,True
results/scheme_extension_pilot_2026-09-12/MOBIO_iomgrp_paper_specified/random_key_pool_8/metrics.json,eded9330d03978457813fd2416ad4501936d96f25218b59defbebcb4ef264100,dd7dfb8d935e41d8d2d2a7b7b5e28ca25383089720481da37910d309afc023bb,1754d228a3989e52684d6af90d9b71d6b8c4553973012134835ec3d505a3a666,d5f4e8901db4bd4ddda5a2dd7e9610211921846e,pilot,MOBIO,iomgrp_paper_specified,original,91217,91219,30,random_key_pool_8,10,deepsets,419,0.4375,0.8583333333333333,0.9354094827586207,0.15517241379310345,0.32916666666666666,0.10416666666666667,0.26666666666666666,0.6208333333333333,47,True
results/scheme_extension_pilot_2026-09-12/MOBIO_polyprotect_paper_specified/independent_unseen_keys/metrics.json,25288bed41b8f03b083763e16265dcc02b99b0eca0ca54cefddc62c37416ddb1,2fe000a262113f6fdbf5744688e5eeefc0a44634b7f27cb644d6b591b821e227,1754d228a3989e52684d6af90d9b71d6b8c4553973012134835ec3d505a3a666,d5f4e8901db4bd4ddda5a2dd7e9610211921846e,pilot,MOBIO,polyprotect_paper_specified,original,91217,91219,30,independent_unseen_keys,1,single_mlp,419,0.0375,0.14583333333333334,0.4846006944444445,0.5083333333333333,0.008333333333333333,0.004166666666666667,0.008333333333333333,0.075,13,True
results/scheme_extension_pilot_2026-09-12/MOBIO_polyprotect_paper_specified/independent_unseen_keys/metrics.json,25288bed41b8f03b083763e16265dcc02b99b0eca0ca54cefddc62c37416ddb1,2fe000a262113f6fdbf5744688e5eeefc0a44634b7f27cb644d6b591b821e227,1754d228a3989e52684d6af90d9b71d6b8c4553973012134835ec3d505a3a666,d5f4e8901db4bd4ddda5a2dd7e9610211921846e,pilot,MOBIO,polyprotect_paper_specified,original,91217,91219,30,independent_unseen_keys,10,mean_mlp,419,0.03333333333333333,0.19583333333333333,0.5184375,0.46314655172413793,0.03333333333333333,0.029166666666666667,0.0,0.1,10,True
results/scheme_extension_pilot_2026-09-12/MOBIO_polyprotect_paper_specified/independent_unseen_keys/metrics.json,25288bed41b8f03b083763e16265dcc02b99b0eca0ca54cefddc62c37416ddb1,2fe000a262113f6fdbf5744688e5eeefc0a44634b7f27cb644d6b591b821e227,1754d228a3989e52684d6af90d9b71d6b8c4553973012134835ec3d505a3a666,d5f4e8901db4bd4ddda5a2dd7e9610211921846e,pilot,MOBIO,polyprotect_paper_specified,original,91217,91219,30,independent_unseen_keys,10,deepsets,419,0.03333333333333333,0.13333333333333333,0.4940331657088123,0.4942528735632184,0.03333333333333333,0.0,0.0,0.1,13,True
results/scheme_extension_pilot_2026-09-12/MOBIO_polyprotect_paper_specified/random_key_pool_1/metrics.json,a1d0588959b4eff23d82de922ebaf487598920d1e80c584d959a32c377b9a0f6,b6725f41d9f360390d205fe46ecc17393a8ed2afe4664fa1f1a76290586fe7cc,1754d228a3989e52684d6af90d9b71d6b8c4553973012134835ec3d505a3a666,d5f4e8901db4bd4ddda5a2dd7e9610211921846e,pilot,MOBIO,polyprotect_paper_specified,original,91217,91219,30,random_key_pool_1,1,single_mlp,419,0.95,1.0,0.9985045498084293,0.012787356321839059,0.9583333333333334,0.7541666666666667,0.9,0.9875,120,True
results/scheme_extension_pilot_2026-09-12/MOBIO_polyprotect_paper_specified/random_key_pool_1/metrics.json,a1d0588959b4eff23d82de922ebaf487598920d1e80c584d959a32c377b9a0f6,b6725f41d9f360390d205fe46ecc17393a8ed2afe4664fa1f1a76290586fe7cc,1754d228a3989e52684d6af90d9b71d6b8c4553973012134835ec3d505a3a666,d5f4e8901db4bd4ddda5a2dd7e9610211921846e,pilot,MOBIO,polyprotect_paper_specified,original,91217,91219,30,random_key_pool_1,10,mean_mlp,419,0.8875,1.0,0.9962865181992338,0.031681034482758615,0.8458333333333333,0.7083333333333334,0.7666666666666667,0.9875,120,True
results/scheme_extension_pilot_2026-09-12/MOBIO_polyprotect_paper_specified/random_key_pool_1/metrics.json,a1d0588959b4eff23d82de922ebaf487598920d1e80c584d959a32c377b9a0f6,b6725f41d9f360390d205fe46ecc17393a8ed2afe4664fa1f1a76290586fe7cc,1754d228a3989e52684d6af90d9b71d6b8c4553973012134835ec3d505a3a666,d5f4e8901db4bd4ddda5a2dd7e9610211921846e,pilot,MOBIO,polyprotect_paper_specified,original,91217,91219,30,random_key_pool_1,10,deepsets,419,0.8125,1.0,0.9834662356321839,0.08390804597701151,0.7375,0.23333333333333334,0.6707291666666668,0.9335416666666655,96,True
results/scheme_extension_pilot_2026-09-12/MOBIO_polyprotect_paper_specified/random_key_pool_4/metrics.json,fe29b243380145dc5364e08860326b11859fa4837a0ace4f52db7a97680f991d,7dccf986bcc6e6ba045065c78990088601b2720029630797ae9b74df45bbd8b8,1754d228a3989e52684d6af90d9b71d6b8c4553973012134835ec3d505a3a666,d5f4e8901db4bd4ddda5a2dd7e9610211921846e,pilot,MOBIO,polyprotect_paper_specified,original,91217,91219,30,random_key_pool_4,1,single_mlp,419,0.041666666666666664,0.19166666666666668,0.5281064415708813,0.48354885057471264,0.020833333333333332,0.004166666666666667,0.004166666666666667,0.09166666666666666,14,True
results/scheme_extension_pilot_2026-09-12/MOBIO_polyprotect_paper_specified/random_key_pool_4/metrics.json,fe29b243380145dc5364e08860326b11859fa4837a0ace4f52db7a97680f991d,7dccf986bcc6e6ba045065c78990088601b2720029630797ae9b74df45bbd8b8,1754d228a3989e52684d6af90d9b71d6b8c4553973012134835ec3d505a3a666,d5f4e8901db4bd4ddda5a2dd7e9610211921846e,pilot,MOBIO,polyprotect_paper_specified,original,91217,91219,30,random_key_pool_4,10,mean_mlp,419,0.3416666666666667,0.75,0.8148132183908046,0.2304597701149425,0.18333333333333332,0.0625,0.19583333333333333,0.49166666666666664,59,True
results/scheme_extension_pilot_2026-09-12/MOBIO_polyprotect_paper_specified/random_key_pool_4/metrics.json,fe29b243380145dc5364e08860326b11859fa4837a0ace4f52db7a97680f991d,7dccf986bcc6e6ba045065c78990088601b2720029630797ae9b74df45bbd8b8,1754d228a3989e52684d6af90d9b71d6b8c4553973012134835ec3d505a3a666,d5f4e8901db4bd4ddda5a2dd7e9610211921846e,pilot,MOBIO,polyprotect_paper_specified,original,91217,91219,30,random_key_pool_4,10,deepsets,419,0.425,0.6958333333333333,0.8093648227969348,0.2438218390804598,0.35,0.09583333333333334,0.25,0.5875,118,True
results/scheme_extension_pilot_2026-09-12/MOBIO_polyprotect_paper_specified/random_key_pool_8/metrics.json,bfacb597706f2b97c139cce19c1727ef4725d6559258b39e4c4296b52ab157a8,4f0120846990dbe65f3ad3b022f003860fd3985bed6b2f9fa7a830c1d6f1f78b,1754d228a3989e52684d6af90d9b71d6b8c4553973012134835ec3d505a3a666,d5f4e8901db4bd4ddda5a2dd7e9610211921846e,pilot,MOBIO,polyprotect_paper_specified,original,91217,91219,30,random_key_pool_8,1,single_mlp,419,0.041666666666666664,0.16666666666666666,0.5075197557471265,0.49992816091954023,0.020833333333333332,0.004166666666666667,0.0,0.1,15,True
results/scheme_extension_pilot_2026-09-12/MOBIO_polyprotect_paper_specified/random_key_pool_8/metrics.json,bfacb597706f2b97c139cce19c1727ef4725d6559258b39e4c4296b52ab157a8,4f0120846990dbe65f3ad3b022f003860fd3985bed6b2f9fa7a830c1d6f1f78b,1754d228a3989e52684d6af90d9b71d6b8c4553973012134835ec3d505a3a666,d5f4e8901db4bd4ddda5a2dd7e9610211921846e,pilot,MOBIO,polyprotect_paper_specified,original,91217,91219,30,random_key_pool_8,10,mean_mlp,419,0.058333333333333334,0.18333333333333332,0.5110817768199234,0.5012931034482759,0.025,0.0,0.0,0.15,10,True
results/scheme_extension_pilot_2026-09-12/MOBIO_polyprotect_paper_specified/random_key_pool_8/metrics.json,bfacb597706f2b97c139cce19c1727ef4725d6559258b39e4c4296b52ab157a8,4f0120846990dbe65f3ad3b022f003860fd3985bed6b2f9fa7a830c1d6f1f78b,1754d228a3989e52684d6af90d9b71d6b8c4553973012134835ec3d505a3a666,d5f4e8901db4bd4ddda5a2dd7e9610211921846e,pilot,MOBIO,polyprotect_paper_specified,original,91217,91219,30,random_key_pool_8,10,deepsets,419,0.041666666666666664,0.2,0.4914409722222222,0.5163793103448275,0.0,0.0,0.0,0.11666666666666667,11,True
results/scheme_followup_2026-09-18/FEI_iomgrp_paper_specified_split91831/independent_unseen_keys/metrics.json,99f791a437a332f68ffa4c9b5e7c75ac0466cdeea327fc428b8206b3bd5c6db9,cfdb881d5e9044c971aba0bb7118d0bb82cbfb9d356b3b89a88a69a8afa81055,c0ecb4c4b29c0492aa08b2507e41690bda0b86070e20ea03a72e56d954b4cdfb,a5ec9c6c48cf220adc8ab277a86054b521a7f1a1,bounded_validation,FEI,iomgrp_paper_specified,91831,91861,91867,40,independent_unseen_keys,1,single_mlp,601,0.00625,0.1,0.4866055689102564,0.5056490384615384,0.00625,0.0,0.0,0.01875,5,True
results/scheme_followup_2026-09-18/FEI_iomgrp_paper_specified_split91831/independent_unseen_keys/metrics.json,99f791a437a332f68ffa4c9b5e7c75ac0466cdeea327fc428b8206b3bd5c6db9,cfdb881d5e9044c971aba0bb7118d0bb82cbfb9d356b3b89a88a69a8afa81055,c0ecb4c4b29c0492aa08b2507e41690bda0b86070e20ea03a72e56d954b4cdfb,a5ec9c6c48cf220adc8ab277a86054b521a7f1a1,bounded_validation,FEI,iomgrp_paper_specified,91831,91861,91867,40,independent_unseen_keys,1,single_mlp,607,0.015625,0.128125,0.5011763822115384,0.5160657051282052,0.009375,0.0,0.0,0.037578124999999574,4,True
results/scheme_followup_2026-09-18/FEI_iomgrp_paper_specified_split91831/independent_unseen_keys/metrics.json,99f791a437a332f68ffa4c9b5e7c75ac0466cdeea327fc428b8206b3bd5c6db9,cfdb881d5e9044c971aba0bb7118d0bb82cbfb9d356b3b89a88a69a8afa81055,c0ecb4c4b29c0492aa08b2507e41690bda0b86070e20ea03a72e56d954b4cdfb,a5ec9c6c48cf220adc8ab277a86054b521a7f1a1,bounded_validation,FEI,iomgrp_paper_specified,91831,91861,91867,40,independent_unseen_keys,1,single_mlp,613,0.01875,0.125,0.5019265825320512,0.5115384615384615,0.00625,0.003125,0.0,0.04375,4,True
results/scheme_followup_2026-09-18/FEI_iomgrp_paper_specified_split91831/independent_unseen_keys/metrics.json,99f791a437a332f68ffa4c9b5e7c75ac0466cdeea327fc428b8206b3bd5c6db9,cfdb881d5e9044c971aba0bb7118d0bb82cbfb9d356b3b89a88a69a8afa81055,c0ecb4c4b29c0492aa08b2507e41690bda0b86070e20ea03a72e56d954b4cdfb,a5ec9c6c48cf220adc8ab277a86054b521a7f1a1,bounded_validation,FEI,iomgrp_paper_specified,91831,91861,91867,40,independent_unseen_keys,10,mean_mlp,601,0.025,0.125,0.4946637119391025,0.4848958333333333,0.015625,0.0,0.0,0.075,7,True
results/scheme_followup_2026-09-18/FEI_iomgrp_paper_specified_split91831/independent_unseen_keys/metrics.json,99f791a437a332f68ffa4c9b5e7c75ac0466cdeea327fc428b8206b3bd5c6db9,cfdb881d5e9044c971aba0bb7118d0bb82cbfb9d356b3b89a88a69a8afa81055,c0ecb4c4b29c0492aa08b2507e41690bda0b86070e20ea03a72e56d954b4cdfb,a5ec9c6c48cf220adc8ab277a86054b521a7f1a1,bounded_validation,FEI,iomgrp_paper_specified,91831,91861,91867,40,independent_unseen_keys,10,mean_mlp,607,0.025,0.15,0.5056685697115384,0.4981570512820513,0.00625,0.0,0.0,0.075,7,True
results/scheme_followup_2026-09-18/FEI_iomgrp_paper_specified_split91831/independent_unseen_keys/metrics.json,99f791a437a332f68ffa4c9b5e7c75ac0466cdeea327fc428b8206b3bd5c6db9,cfdb881d5e9044c971aba0bb7118d0bb82cbfb9d356b3b89a88a69a8afa81055,c0ecb4c4b29c0492aa08b2507e41690bda0b86070e20ea03a72e56d954b4cdfb,a5ec9c6c48cf220adc8ab277a86054b521a7f1a1,bounded_validation,FEI,iomgrp_paper_specified,91831,91861,91867,40,independent_unseen_keys,10,mean_mlp,613,0.025,0.128125,0.49704326923076925,0.503125,0.015625,0.0,0.0,0.075,7,True
results/scheme_followup_2026-09-18/FEI_iomgrp_paper_specified_split91831/independent_unseen_keys/metrics.json,99f791a437a332f68ffa4c9b5e7c75ac0466cdeea327fc428b8206b3bd5c6db9,cfdb881d5e9044c971aba0bb7118d0bb82cbfb9d356b3b89a88a69a8afa81055,c0ecb4c4b29c0492aa08b2507e41690bda0b86070e20ea03a72e56d954b4cdfb,a5ec9c6c48cf220adc8ab277a86054b521a7f1a1,bounded_validation,FEI,iomgrp_paper_specified,91831,91861,91867,40,independent_unseen_keys,10,deepsets,601,0.025,0.125,0.5033533653846154,0.4895032051282051,0.0,0.0,0.0,0.075,14,True
results/scheme_followup_2026-09-18/FEI_iomgrp_paper_specified_split91831/independent_unseen_keys/metrics.json,99f791a437a332f68ffa4c9b5e7c75ac0466cdeea327fc428b8206b3bd5c6db9,cfdb881d5e9044c971aba0bb7118d0bb82cbfb9d356b3b89a88a69a8afa81055,c0ecb4c4b29c0492aa08b2507e41690bda0b86070e20ea03a72e56d954b4cdfb,a5ec9c6c48cf220adc8ab277a86054b521a7f1a1,bounded_validation,FEI,iomgrp_paper_specified,91831,91861,91867,40,independent_unseen_keys,10,deepsets,607,0.025,0.15,0.5004442107371795,0.49811698717948716,0.025,0.0,0.0,0.075,14,True
results/scheme_followup_2026-09-18/FEI_iomgrp_paper_specified_split91831/independent_unseen_keys/metrics.json,99f791a437a332f68ffa4c9b5e7c75ac0466cdeea327fc428b8206b3bd5c6db9,cfdb881d5e9044c971aba0bb7118d0bb82cbfb9d356b3b89a88a69a8afa81055,c0ecb4c4b29c0492aa08b2507e41690bda0b86070e20ea03a72e56d954b4cdfb,a5ec9c6c48cf220adc8ab277a86054b521a7f1a1,bounded_validation,FEI,iomgrp_paper_specified,91831,91861,91867,40,independent_unseen_keys,10,deepsets,613,0.025,0.125,0.49965519831730765,0.49651442307692306,0.025,0.00625,0.0,0.075,11,True
results/scheme_followup_2026-09-18/FEI_iomgrp_paper_specified_split91831/random_key_pool_1/metrics.json,ef608b99cfa192704c1593a52e959c4a189b5dbf6eece98006294a2a1753b2fc,9ccba1efbb4284d740803284815f0f9c85c714ffcb4d629172990ac9de31441d,c0ecb4c4b29c0492aa08b2507e41690bda0b86070e20ea03a72e56d954b4cdfb,a5ec9c6c48cf220adc8ab277a86054b521a7f1a1,bounded_validation,FEI,iomgrp_paper_specified,91831,91861,91867,40,random_key_pool_1,1,single_mlp,601,1.0,1.0,0.9999937399839743,0.0004807692307692308,1.0,1.0,1.0,1.0,119,True
results/scheme_followup_2026-09-18/FEI_iomgrp_paper_specified_split91831/random_key_pool_1/metrics.json,ef608b99cfa192704c1593a52e959c4a189b5dbf6eece98006294a2a1753b2fc,9ccba1efbb4284d740803284815f0f9c85c714ffcb4d629172990ac9de31441d,c0ecb4c4b29c0492aa08b2507e41690bda0b86070e20ea03a72e56d954b4cdfb,a5ec9c6c48cf220adc8ab277a86054b521a7f1a1,bounded_validation,FEI,iomgrp_paper_specified,91831,91861,91867,40,random_key_pool_1,1,single_mlp,607,1.0,1.0,0.9999729567307691,0.0005208333333333333,1.0,0.996875,1.0,1.0,120,True
results/scheme_followup_2026-09-18/FEI_iomgrp_paper_specified_split91831/random_key_pool_1/metrics.json,ef608b99cfa192704c1593a52e959c4a189b5dbf6eece98006294a2a1753b2fc,9ccba1efbb4284d740803284815f0f9c85c714ffcb4d629172990ac9de31441d,c0ecb4c4b29c0492aa08b2507e41690bda0b86070e20ea03a72e56d954b4cdfb,a5ec9c6c48cf220adc8ab277a86054b521a7f1a1,bounded_validation,FEI,iomgrp_paper_specified,91831,91861,91867,40,random_key_pool_1,1,single_mlp,613,1.0,1.0,0.9999331430288461,0.005448717948717938,1.0,0.9875,1.0,1.0,117,True
results/scheme_followup_2026-09-18/FEI_iomgrp_paper_specified_split91831/random_key_pool_1/metrics.json,ef608b99cfa192704c1593a52e959c4a189b5dbf6eece98006294a2a1753b2fc,9ccba1efbb4284d740803284815f0f9c85c714ffcb4d629172990ac9de31441d,c0ecb4c4b29c0492aa08b2507e41690bda0b86070e20ea03a72e56d954b4cdfb,a5ec9c6c48cf220adc8ab277a86054b521a7f1a1,bounded_validation,FEI,iomgrp_paper_specified,91831,91861,91867,40,random_key_pool_1,10,mean_mlp,601,1.0,1.0,1.0,0.0,1.0,1.0,1.0,1.0,120,True
results/scheme_followup_2026-09-18/FEI_iomgrp_paper_specified_split91831/random_key_pool_1/metrics.json,ef608b99cfa192704c1593a52e959c4a189b5dbf6eece98006294a2a1753b2fc,9ccba1efbb4284d740803284815f0f9c85c714ffcb4d629172990ac9de31441d,c0ecb4c4b29c0492aa08b2507e41690bda0b86070e20ea03a72e56d954b4cdfb,a5ec9c6c48cf220adc8ab277a86054b521a7f1a1,bounded_validation,FEI,iomgrp_paper_specified,91831,91861,91867,40,random_key_pool_1,10,mean_mlp,607,1.0,1.0,0.9999591846955129,0.002524038461538484,1.0,0.975,1.0,1.0,120,True
results/scheme_followup_2026-09-18/FEI_iomgrp_paper_specified_split91831/random_key_pool_1/metrics.json,ef608b99cfa192704c1593a52e959c4a189b5dbf6eece98006294a2a1753b2fc,9ccba1efbb4284d740803284815f0f9c85c714ffcb4d629172990ac9de31441d,c0ecb4c4b29c0492aa08b2507e41690bda0b86070e20ea03a72e56d954b4cdfb,a5ec9c6c48cf220adc8ab277a86054b521a7f1a1,bounded_validation,FEI,iomgrp_paper_specified,91831,91861,91867,40,random_key_pool_1,10,mean_mlp,613,1.0,1.0,0.9999534254807692,0.0029246794871795093,1.0,0.99375,1.0,1.0,120,True
results/scheme_followup_2026-09-18/FEI_iomgrp_paper_specified_split91831/random_key_pool_1/metrics.json,ef608b99cfa192704c1593a52e959c4a189b5dbf6eece98006294a2a1753b2fc,9ccba1efbb4284d740803284815f0f9c85c714ffcb4d629172990ac9de31441d,c0ecb4c4b29c0492aa08b2507e41690bda0b86070e20ea03a72e56d954b4cdfb,a5ec9c6c48cf220adc8ab277a86054b521a7f1a1,bounded_validation,FEI,iomgrp_paper_specified,91831,91861,91867,40,random_key_pool_1,10,deepsets,601,0.975,1.0,0.9967467948717949,0.028285256410256386,0.91875,0.809375,0.925,1.0,70,True
results/scheme_followup_2026-09-18/FEI_iomgrp_paper_specified_split91831/random_key_pool_1/metrics.json,ef608b99cfa192704c1593a52e959c4a189b5dbf6eece98006294a2a1753b2fc,9ccba1efbb4284d740803284815f0f9c85c714ffcb4d629172990ac9de31441d,c0ecb4c4b29c0492aa08b2507e41690bda0b86070e20ea03a72e56d954b4cdfb,a5ec9c6c48cf220adc8ab277a86054b521a7f1a1,bounded_validation,FEI,iomgrp_paper_specified,91831,91861,91867,40,random_key_pool_1,10,deepsets,607,0.925,1.0,0.9929151642628204,0.03717948717948717,0.853125,0.6375,0.825,1.0,49,True
results/scheme_followup_2026-09-18/FEI_iomgrp_paper_specified_split91831/random_key_pool_1/metrics.json,ef608b99cfa192704c1593a52e959c4a189b5dbf6eece98006294a2a1753b2fc,9ccba1efbb4284d740803284815f0f9c85c714ffcb4d629172990ac9de31441d,c0ecb4c4b29c0492aa08b2507e41690bda0b86070e20ea03a72e56d954b4cdfb,a5ec9c6c48cf220adc8ab277a86054b521a7f1a1,bounded_validation,FEI,iomgrp_paper_specified,91831,91861,91867,40,random_key_pool_1,10,deepsets,613,0.915625,1.0,0.996005108173077,0.035256410256410284,0.8875,0.621875,0.825,0.990625,68,True
results/scheme_followup_2026-09-18/FEI_iomgrp_paper_specified_split91831/random_key_pool_4/metrics.json,af8f2b951969d7304fbadb285b709af48622c6342988a82998a6100ab26441ed,e8607d100f3d0a5966e7c3579c77b059ceb6ab518d9eec246fb555cacedeea1a,c0ecb4c4b29c0492aa08b2507e41690bda0b86070e20ea03a72e56d954b4cdfb,a5ec9c6c48cf220adc8ab277a86054b521a7f1a1,bounded_validation,FEI,iomgrp_paper_specified,91831,91861,91867,40,random_key_pool_4,1,single_mlp,601,0.728125,0.921875,0.9735293970352564,0.08750000000000001,0.696875,0.40625,0.646875,0.809375,109,True
results/scheme_followup_2026-09-18/FEI_iomgrp_paper_specified_split91831/random_key_pool_4/metrics.json,af8f2b951969d7304fbadb285b709af48622c6342988a82998a6100ab26441ed,e8607d100f3d0a5966e7c3579c77b059ceb6ab518d9eec246fb555cacedeea1a,c0ecb4c4b29c0492aa08b2507e41690bda0b86070e20ea03a72e56d954b4cdfb,a5ec9c6c48cf220adc8ab277a86054b521a7f1a1,bounded_validation,FEI,iomgrp_paper_specified,91831,91861,91867,40,random_key_pool_4,1,single_mlp,607,0.659375,0.9375,0.9753052383814103,0.08766025641025642,0.659375,0.31875,0.578125,0.734375,95,True
results/scheme_followup_2026-09-18/FEI_iomgrp_paper_specified_split91831/random_key_pool_4/metrics.json,af8f2b951969d7304fbadb285b709af48622c6342988a82998a6100ab26441ed,e8607d100f3d0a5966e7c3579c77b059ceb6ab518d9eec246fb555cacedeea1a,c0ecb4c4b29c0492aa08b2507e41690bda0b86070e20ea03a72e56d954b4cdfb,a5ec9c6c48cf220adc8ab277a86054b521a7f1a1,bounded_validation,FEI,iomgrp_paper_specified,91831,91861,91867,40,random_key_pool_4,1,single_mlp,613,0.75,0.95625,0.9781532952724359,0.07495993589743588,0.671875,0.365625,0.675,0.81875,110,True
results/scheme_followup_2026-09-18/FEI_iomgrp_paper_specified_split91831/random_key_pool_4/metrics.json,af8f2b951969d7304fbadb285b709af48622c6342988a82998a6100ab26441ed,e8607d100f3d0a5966e7c3579c77b059ceb6ab518d9eec246fb555cacedeea1a,c0ecb4c4b29c0492aa08b2507e41690bda0b86070e20ea03a72e56d954b4cdfb,a5ec9c6c48cf220adc8ab277a86054b521a7f1a1,bounded_validation,FEI,iomgrp_paper_specified,91831,91861,91867,40,random_key_pool_4,10,mean_mlp,601,0.99375,1.0,0.9988907251602563,0.025040064102564114,0.975,0.9375,0.984375,1.0,110,True
results/scheme_followup_2026-09-18/FEI_iomgrp_paper_specified_split91831/random_key_pool_4/metrics.json,af8f2b951969d7304fbadb285b709af48622c6342988a82998a6100ab26441ed,e8607d100f3d0a5966e7c3579c77b059ceb6ab518d9eec246fb555cacedeea1a,c0ecb4c4b29c0492aa08b2507e41690bda0b86070e20ea03a72e56d954b4cdfb,a5ec9c6c48cf220adc8ab277a86054b521a7f1a1,bounded_validation,FEI,iomgrp_paper_specified,91831,91861,91867,40,random_key_pool_4,10,mean_mlp,607,0.990625,1.0,0.999102313701923,0.016866987179487182,0.95625,0.90625,0.971875,1.0,115,True
results/scheme_followup_2026-09-18/FEI_iomgrp_paper_specified_split91831/random_key_pool_4/metrics.json,af8f2b951969d7304fbadb285b709af48622c6342988a82998a6100ab26441ed,e8607d100f3d0a5966e7c3579c77b059ceb6ab518d9eec246fb555cacedeea1a,c0ecb4c4b29c0492aa08b2507e41690bda0b86070e20ea03a72e56d954b4cdfb,a5ec9c6c48cf220adc8ab277a86054b521a7f1a1,bounded_validation,FEI,iomgrp_paper_specified,91831,91861,91867,40,random_key_pool_4,10,mean_mlp,613,1.0,1.0,0.9998079427083333,0.0014823717948717948,1.0,0.909375,1.0,1.0,119,True
results/scheme_followup_2026-09-18/FEI_iomgrp_paper_specified_split91831/random_key_pool_4/metrics.json,af8f2b951969d7304fbadb285b709af48622c6342988a82998a6100ab26441ed,e8607d100f3d0a5966e7c3579c77b059ceb6ab518d9eec246fb555cacedeea1a,c0ecb4c4b29c0492aa08b2507e41690bda0b86070e20ea03a72e56d954b4cdfb,a5ec9c6c48cf220adc8ab277a86054b521a7f1a1,bounded_validation,FEI,iomgrp_paper_specified,91831,91861,91867,40,random_key_pool_4,10,deepsets,601,0.86875,1.0,0.9887577624198718,0.06574519230769232,0.825,0.571875,0.765625,0.953125,57,True
results/scheme_followup_2026-09-18/FEI_iomgrp_paper_specified_split91831/random_key_pool_4/metrics.json,af8f2b951969d7304fbadb285b709af48622c6342988a82998a6100ab26441ed,e8607d100f3d0a5966e7c3579c77b059ceb6ab518d9eec246fb555cacedeea1a,c0ecb4c4b29c0492aa08b2507e41690bda0b86070e20ea03a72e56d954b4cdfb,a5ec9c6c48cf220adc8ab277a86054b521a7f1a1,bounded_validation,FEI,iomgrp_paper_specified,91831,91861,91867,40,random_key_pool_4,10,deepsets,607,0.665625,0.953125,0.9756928585737179,0.08609775641025638,0.628125,0.45,0.525,0.7969531249999996,47,True
results/scheme_followup_2026-09-18/FEI_iomgrp_paper_specified_split91831/random_key_pool_4/metrics.json,af8f2b951969d7304fbadb285b709af48622c6342988a82998a6100ab26441ed,e8607d100f3d0a5966e7c3579c77b059ceb6ab518d9eec246fb555cacedeea1a,c0ecb4c4b29c0492aa08b2507e41690bda0b86070e20ea03a72e56d954b4cdfb,a5ec9c6c48cf220adc8ab277a86054b521a7f1a1,bounded_validation,FEI,iomgrp_paper_specified,91831,91861,91867,40,random_key_pool_4,10,deepsets,613,0.8625,0.996875,0.9907542067307691,0.05292467948717948,0.775,0.571875,0.75625,0.953125,61,True
results/scheme_followup_2026-09-18/FEI_iomgrp_paper_specified_split91843/independent_unseen_keys/metrics.json,96796ed15fcf4161395a6dd67fbf33be0e4fe575b8e2a6aeea573c6e5ddf8583,472429b5d34bb102e53e3b3611fea8f53663365cb6a712ae7fa24eaae3611f93,c0ecb4c4b29c0492aa08b2507e41690bda0b86070e20ea03a72e56d954b4cdfb,a5ec9c6c48cf220adc8ab277a86054b521a7f1a1,bounded_validation,FEI,iomgrp_paper_specified,91843,91861,91867,40,independent_unseen_keys,1,single_mlp,601,0.040625,0.103125,0.48763721955128203,0.509334935897436,0.015625,0.0,0.003125,0.09375,5,True
results/scheme_followup_2026-09-18/FEI_iomgrp_paper_specified_split91843/independent_unseen_keys/metrics.json,96796ed15fcf4161395a6dd67fbf33be0e4fe575b8e2a6aeea573c6e5ddf8583,472429b5d34bb102e53e3b3611fea8f53663365cb6a712ae7fa24eaae3611f93,c0ecb4c4b29c0492aa08b2507e41690bda0b86070e20ea03a72e56d954b4cdfb,a5ec9c6c48cf220adc8ab277a86054b521a7f1a1,bounded_validation,FEI,iomgrp_paper_specified,91843,91861,91867,40,independent_unseen_keys,1,single_mlp,607,0.03125,0.13125,0.4920014523237179,0.5125,0.009375,0.0,0.0,0.07507812499999957,5,True
results/scheme_followup_2026-09-18/FEI_iomgrp_paper_specified_split91843/independent_unseen_keys/metrics.json,96796ed15fcf4161395a6dd67fbf33be0e4fe575b8e2a6aeea573c6e5ddf8583,472429b5d34bb102e53e3b3611fea8f53663365cb6a712ae7fa24eaae3611f93,c0ecb4c4b29c0492aa08b2507e41690bda0b86070e20ea03a72e56d954b4cdfb,a5ec9c6c48cf220adc8ab277a86054b521a7f1a1,bounded_validation,FEI,iomgrp_paper_specified,91843,91861,91867,40,independent_unseen_keys,1,single_mlp,613,0.01875,0.13125,0.4955974559294872,0.5124198717948718,0.009375,0.0,0.0,0.05625,4,True
results/scheme_followup_2026-09-18/FEI_iomgrp_paper_specified_split91843/independent_unseen_keys/metrics.json,96796ed15fcf4161395a6dd67fbf33be0e4fe575b8e2a6aeea573c6e5ddf8583,472429b5d34bb102e53e3b3611fea8f53663365cb6a712ae7fa24eaae3611f93,c0ecb4c4b29c0492aa08b2507e41690bda0b86070e20ea03a72e56d954b4cdfb,a5ec9c6c48cf220adc8ab277a86054b521a7f1a1,bounded_validation,FEI,iomgrp_paper_specified,91843,91861,91867,40,independent_unseen_keys,10,mean_mlp,601,0.025,0.125,0.48991085737179485,0.515625,0.025,0.025,0.0,0.075,7,True
results/scheme_followup_2026-09-18/FEI_iomgrp_paper_specified_split91843/independent_unseen_keys/metrics.json,96796ed15fcf4161395a6dd67fbf33be0e4fe575b8e2a6aeea573c6e5ddf8583,472429b5d34bb102e53e3b3611fea8f53663365cb6a712ae7fa24eaae3611f93,c0ecb4c4b29c0492aa08b2507e41690bda0b86070e20ea03a72e56d954b4cdfb,a5ec9c6c48cf220adc8ab277a86054b521a7f1a1,bounded_validation,FEI,iomgrp_paper_specified,91843,91861,91867,40,independent_unseen_keys,10,mean_mlp,607,0.025,0.140625,0.5016716746794871,0.4997996794871795,0.021875,0.0,0.0,0.075,7,True
results/scheme_followup_2026-09-18/FEI_iomgrp_paper_specified_split91843/independent_unseen_keys/metrics.json,96796ed15fcf4161395a6dd67fbf33be0e4fe575b8e2a6aeea573c6e5ddf8583,472429b5d34bb102e53e3b3611fea8f53663365cb6a712ae7fa24eaae3611f93,c0ecb4c4b29c0492aa08b2507e41690bda0b86070e20ea03a72e56d954b4cdfb,a5ec9c6c48cf220adc8ab277a86054b521a7f1a1,bounded_validation,FEI,iomgrp_paper_specified,91843,91861,91867,40,independent_unseen_keys,10,mean_mlp,613,0.025,0.128125,0.5104509715544872,0.46979166666666666,0.003125,0.0,0.0,0.075,7,True
results/scheme_followup_2026-09-18/FEI_iomgrp_paper_specified_split91843/independent_unseen_keys/metrics.json,96796ed15fcf4161395a6dd67fbf33be0e4fe575b8e2a6aeea573c6e5ddf8583,472429b5d34bb102e53e3b3611fea8f53663365cb6a712ae7fa24eaae3611f93,c0ecb4c4b29c0492aa08b2507e41690bda0b86070e20ea03a72e56d954b4cdfb,a5ec9c6c48cf220adc8ab277a86054b521a7f1a1,bounded_validation,FEI,iomgrp_paper_specified,91843,91861,91867,40,independent_unseen_keys,10,deepsets,601,0.025,0.125,0.5028583233173077,0.48197115384615385,0.009375,0.0,0.0,0.075,16,True
results/scheme_followup_2026-09-18/FEI_iomgrp_paper_specified_split91843/independent_unseen_keys/metrics.json,96796ed15fcf4161395a6dd67fbf33be0e4fe575b8e2a6aeea573c6e5ddf8583,472429b5d34bb102e53e3b3611fea8f53663365cb6a712ae7fa24eaae3611f93,c0ecb4c4b29c0492aa08b2507e41690bda0b86070e20ea03a72e56d954b4cdfb,a5ec9c6c48cf220adc8ab277a86054b521a7f1a1,bounded_validation,FEI,iomgrp_paper_specified,91843,91861,91867,40,independent_unseen_keys,10,deepsets,607,0.025,0.125,0.5017260116185898,0.49783653846153847,0.0,0.0,0.0,0.075,12,True
results/scheme_followup_2026-09-18/FEI_iomgrp_paper_specified_split91843/independent_unseen_keys/metrics.json,96796ed15fcf4161395a6dd67fbf33be0e4fe575b8e2a6aeea573c6e5ddf8583,472429b5d34bb102e53e3b3611fea8f53663365cb6a712ae7fa24eaae3611f93,c0ecb4c4b29c0492aa08b2507e41690bda0b86070e20ea03a72e56d954b4cdfb,a5ec9c6c48cf220adc8ab277a86054b521a7f1a1,bounded_validation,FEI,iomgrp_paper_specified,91843,91861,91867,40,independent_unseen_keys,10,deepsets,613,0.025,0.125,0.5002969751602564,0.500801282051282,0.025,0.01875,0.0,0.075,11,True
results/scheme_followup_2026-09-18/FEI_iomgrp_paper_specified_split91843/random_key_pool_1/metrics.json,22ba778144c329705fb5ced3a992288759c95f2d6bde10d861d7ed32ffbb8988,1fc02c21232476f801d513c39c43f43cb096fdcb7f882f6c394e639e75934c4b,c0ecb4c4b29c0492aa08b2507e41690bda0b86070e20ea03a72e56d954b4cdfb,a5ec9c6c48cf220adc8ab277a86054b521a7f1a1,bounded_validation,FEI,iomgrp_paper_specified,91843,91861,91867,40,random_key_pool_1,1,single_mlp,601,0.99375,1.0,0.9997295673076922,0.006129807692307681,0.99375,0.940625,0.98125,1.0,120,True
results/scheme_followup_2026-09-18/FEI_iomgrp_paper_specified_split91843/random_key_pool_1/metrics.json,22ba778144c329705fb5ced3a992288759c95f2d6bde10d861d7ed32ffbb8988,1fc02c21232476f801d513c39c43f43cb096fdcb7f882f6c394e639e75934c4b,c0ecb4c4b29c0492aa08b2507e41690bda0b86070e20ea03a72e56d954b4cdfb,a5ec9c6c48cf220adc8ab277a86054b521a7f1a1,bounded_validation,FEI,iomgrp_paper_specified,91843,91861,91867,40,random_key_pool_1,1,single_mlp,607,0.990625,1.0,0.9997901642628206,0.006249999999999989,0.99375,0.95625,0.975,1.0,113,True
results/scheme_followup_2026-09-18/FEI_iomgrp_paper_specified_split91843/random_key_pool_1/metrics.json,22ba778144c329705fb5ced3a992288759c95f2d6bde10d861d7ed32ffbb8988,1fc02c21232476f801d513c39c43f43cb096fdcb7f882f6c394e639e75934c4b,c0ecb4c4b29c0492aa08b2507e41690bda0b86070e20ea03a72e56d954b4cdfb,a5ec9c6c48cf220adc8ab277a86054b521a7f1a1,bounded_validation,FEI,iomgrp_paper_specified,91843,91861,91867,40,random_key_pool_1,1,single_mlp,613,0.996875,1.0,0.9997057792467948,0.009495192307692319,0.99375,0.95625,0.990625,1.0,119,True
results/scheme_followup_2026-09-18/FEI_iomgrp_paper_specified_split91843/random_key_pool_1/metrics.json,22ba778144c329705fb5ced3a992288759c95f2d6bde10d861d7ed32ffbb8988,1fc02c21232476f801d513c39c43f43cb096fdcb7f882f6c394e639e75934c4b,c0ecb4c4b29c0492aa08b2507e41690bda0b86070e20ea03a72e56d954b4cdfb,a5ec9c6c48cf220adc8ab277a86054b521a7f1a1,bounded_validation,FEI,iomgrp_paper_specified,91843,91861,91867,40,random_key_pool_1,10,mean_mlp,601,1.0,1.0,0.9998672876602565,0.006209935897435886,1.0,0.975,1.0,1.0,120,True
results/scheme_followup_2026-09-18/FEI_iomgrp_paper_specified_split91843/random_key_pool_1/metrics.json,22ba778144c329705fb5ced3a992288759c95f2d6bde10d861d7ed32ffbb8988,1fc02c21232476f801d513c39c43f43cb096fdcb7f882f6c394e639e75934c4b,c0ecb4c4b29c0492aa08b2507e41690bda0b86070e20ea03a72e56d954b4cdfb,a5ec9c6c48cf220adc8ab277a86054b521a7f1a1,bounded_validation,FEI,iomgrp_paper_specified,91843,91861,91867,40,random_key_pool_1,10,mean_mlp,607,1.0,1.0,0.9997886618589744,0.009174679487179498,0.99375,0.975,1.0,1.0,120,True
results/scheme_followup_2026-09-18/FEI_iomgrp_paper_specified_split91843/random_key_pool_1/metrics.json,22ba778144c329705fb5ced3a992288759c95f2d6bde10d861d7ed32ffbb8988,1fc02c21232476f801d513c39c43f43cb096fdcb7f882f6c394e639e75934c4b,c0ecb4c4b29c0492aa08b2507e41690bda0b86070e20ea03a72e56d954b4cdfb,a5ec9c6c48cf220adc8ab277a86054b521a7f1a1,bounded_validation,FEI,iomgrp_paper_specified,91843,91861,91867,40,random_key_pool_1,10,mean_mlp,613,0.971875,1.0,0.999120843349359,0.025000000000000012,0.975,0.953125,0.91875,1.0,120,True
results/scheme_followup_2026-09-18/FEI_iomgrp_paper_specified_split91843/random_key_pool_1/metrics.json,22ba778144c329705fb5ced3a992288759c95f2d6bde10d861d7ed32ffbb8988,1fc02c21232476f801d513c39c43f43cb096fdcb7f882f6c394e639e75934c4b,c0ecb4c4b29c0492aa08b2507e41690bda0b86070e20ea03a72e56d954b4cdfb,a5ec9c6c48cf220adc8ab277a86054b521a7f1a1,bounded_validation,FEI,iomgrp_paper_specified,91843,91861,91867,40,random_key_pool_1,10,deepsets,601,0.909375,0.975,0.9924263822115384,0.024799679487179496,0.9,0.5125,0.81875,0.984375,64,True
results/scheme_followup_2026-09-18/FEI_iomgrp_paper_specified_split91843/random_key_pool_1/metrics.json,22ba778144c329705fb5ced3a992288759c95f2d6bde10d861d7ed32ffbb8988,1fc02c21232476f801d513c39c43f43cb096fdcb7f882f6c394e639e75934c4b,c0ecb4c4b29c0492aa08b2507e41690bda0b86070e20ea03a72e56d954b4cdfb,a5ec9c6c48cf220adc8ab277a86054b521a7f1a1,bounded_validation,FEI,iomgrp_paper_specified,91843,91861,91867,40,random_key_pool_1,10,deepsets,607,0.925,1.0,0.9947866586538462,0.03914262820512822,0.890625,0.74375,0.85,1.0,53,True
results/scheme_followup_2026-09-18/FEI_iomgrp_paper_specified_split91843/random_key_pool_1/metrics.json,22ba778144c329705fb5ced3a992288759c95f2d6bde10d861d7ed32ffbb8988,1fc02c21232476f801d513c39c43f43cb096fdcb7f882f6c394e639e75934c4b,c0ecb4c4b29c0492aa08b2507e41690bda0b86070e20ea03a72e56d954b4cdfb,a5ec9c6c48cf220adc8ab277a86054b521a7f1a1,bounded_validation,FEI,iomgrp_paper_specified,91843,91861,91867,40,random_key_pool_1,10,deepsets,613,0.9,0.99375,0.9918106470352565,0.0625801282051282,0.86875,0.61875,0.8,0.975,56,True
results/scheme_followup_2026-09-18/FEI_iomgrp_paper_specified_split91843/random_key_pool_4/metrics.json,9786b85fb0f6aaae893c3c30a8946ff209fee35f2c9ab2c385dd8dd611c23bb1,913087686204b515125d81e49cd4589ae0d29d99757225b13f4346b0237ae614,c0ecb4c4b29c0492aa08b2507e41690bda0b86070e20ea03a72e56d954b4cdfb,a5ec9c6c48cf220adc8ab277a86054b521a7f1a1,bounded_validation,FEI,iomgrp_paper_specified,91843,91861,91867,40,random_key_pool_4,1,single_mlp,601,0.690625,0.9,0.9656260016025641,0.10320512820512821,0.609375,0.39375,0.596875,0.778125,119,True
results/scheme_followup_2026-09-18/FEI_iomgrp_paper_specified_split91843/random_key_pool_4/metrics.json,9786b85fb0f6aaae893c3c30a8946ff209fee35f2c9ab2c385dd8dd611c23bb1,913087686204b515125d81e49cd4589ae0d29d99757225b13f4346b0237ae614,c0ecb4c4b29c0492aa08b2507e41690bda0b86070e20ea03a72e56d954b4cdfb,a5ec9c6c48cf220adc8ab277a86054b521a7f1a1,bounded_validation,FEI,iomgrp_paper_specified,91843,91861,91867,40,random_key_pool_4,1,single_mlp,607,0.703125,0.946875,0.9740259415064102,0.08157051282051284,0.621875,0.39375,0.615625,0.778125,111,True
results/scheme_followup_2026-09-18/FEI_iomgrp_paper_specified_split91843/random_key_pool_4/metrics.json,9786b85fb0f6aaae893c3c30a8946ff209fee35f2c9ab2c385dd8dd611c23bb1,913087686204b515125d81e49cd4589ae0d29d99757225b13f4346b0237ae614,c0ecb4c4b29c0492aa08b2507e41690bda0b86070e20ea03a72e56d954b4cdfb,a5ec9c6c48cf220adc8ab277a86054b521a7f1a1,bounded_validation,FEI,iomgrp_paper_specified,91843,91861,91867,40,random_key_pool_4,1,single_mlp,613,0.675,0.896875,0.9690404647435897,0.10408653846153848,0.6,0.240625,0.5875,0.759375,112,True
results/scheme_followup_2026-09-18/FEI_iomgrp_paper_specified_split91843/random_key_pool_4/metrics.json,9786b85fb0f6aaae893c3c30a8946ff209fee35f2c9ab2c385dd8dd611c23bb1,913087686204b515125d81e49cd4589ae0d29d99757225b13f4346b0237ae614,c0ecb4c4b29c0492aa08b2507e41690bda0b86070e20ea03a72e56d954b4cdfb,a5ec9c6c48cf220adc8ab277a86054b521a7f1a1,bounded_validation,FEI,iomgrp_paper_specified,91843,91861,91867,40,random_key_pool_4,10,mean_mlp,601,0.946875,1.0,0.995919220753205,0.040905448717948725,0.95,0.81875,0.8811718750000002,1.0,120,True
results/scheme_followup_2026-09-18/FEI_iomgrp_paper_specified_split91843/random_key_pool_4/metrics.json,9786b85fb0f6aaae893c3c30a8946ff209fee35f2c9ab2c385dd8dd611c23bb1,913087686204b515125d81e49cd4589ae0d29d99757225b13f4346b0237ae614,c0ecb4c4b29c0492aa08b2507e41690bda0b86070e20ea03a72e56d954b4cdfb,a5ec9c6c48cf220adc8ab277a86054b521a7f1a1,bounded_validation,FEI,iomgrp_paper_specified,91843,91861,91867,40,random_key_pool_4,10,mean_mlp,607,0.928125,1.0,0.9969859274839743,0.03745993589743589,0.925,0.84375,0.85,0.9875,112,True
results/scheme_followup_2026-09-18/FEI_iomgrp_paper_specified_split91843/random_key_pool_4/metrics.json,9786b85fb0f6aaae893c3c30a8946ff209fee35f2c9ab2c385dd8dd611c23bb1,913087686204b515125d81e49cd4589ae0d29d99757225b13f4346b0237ae614,c0ecb4c4b29c0492aa08b2507e41690bda0b86070e20ea03a72e56d954b4cdfb,a5ec9c6c48cf220adc8ab277a86054b521a7f1a1,bounded_validation,FEI,iomgrp_paper_specified,91843,91861,91867,40,random_key_pool_4,10,mean_mlp,613,0.96875,1.0,0.9980623998397435,0.025080128205128217,0.96875,0.790625,0.9125,1.0,115,True
results/scheme_followup_2026-09-18/FEI_iomgrp_paper_specified_split91843/random_key_pool_4/metrics.json,9786b85fb0f6aaae893c3c30a8946ff209fee35f2c9ab2c385dd8dd611c23bb1,913087686204b515125d81e49cd4589ae0d29d99757225b13f4346b0237ae614,c0ecb4c4b29c0492aa08b2507e41690bda0b86070e20ea03a72e56d954b4cdfb,a5ec9c6c48cf220adc8ab277a86054b521a7f1a1,bounded_validation,FEI,iomgrp_paper_specified,91843,91861,91867,40,random_key_pool_4,10,deepsets,601,0.790625,0.9625,0.9808035356570514,0.08185096153846155,0.8,0.521875,0.6625,0.90625,56,True
results/scheme_followup_2026-09-18/FEI_iomgrp_paper_specified_split91843/random_key_pool_4/metrics.json,9786b85fb0f6aaae893c3c30a8946ff209fee35f2c9ab2c385dd8dd611c23bb1,913087686204b515125d81e49cd4589ae0d29d99757225b13f4346b0237ae614,c0ecb4c4b29c0492aa08b2507e41690bda0b86070e20ea03a72e56d954b4cdfb,a5ec9c6c48cf220adc8ab277a86054b521a7f1a1,bounded_validation,FEI,iomgrp_paper_specified,91843,91861,91867,40,random_key_pool_4,10,deepsets,607,0.6875,0.94375,0.9746051181891024,0.08433493589743589,0.615625,0.396875,0.55,0.809375,41,True
results/scheme_followup_2026-09-18/FEI_iomgrp_paper_specified_split91843/random_key_pool_4/metrics.json,9786b85fb0f6aaae893c3c30a8946ff209fee35f2c9ab2c385dd8dd611c23bb1,913087686204b515125d81e49cd4589ae0d29d99757225b13f4346b0237ae614,c0ecb4c4b29c0492aa08b2507e41690bda0b86070e20ea03a72e56d954b4cdfb,a5ec9c6c48cf220adc8ab277a86054b521a7f1a1,bounded_validation,FEI,iomgrp_paper_specified,91843,91861,91867,40,random_key_pool_4,10,deepsets,613,0.696875,0.890625,0.9634244791666666,0.09995993589743589,0.6375,0.409375,0.546875,0.83125,37,True
results/scheme_followup_2026-09-18/FEI_polyprotect_paper_specified_split91831/independent_unseen_keys/metrics.json,cc151b57a294f9eb74c07d985f6dd288bd7d32caed7827e61a724ddf264fcc8f,c27e6ac07139834be012a88e090cbd39c3ac506f8938cec2b44527b5f767d2de,c0ecb4c4b29c0492aa08b2507e41690bda0b86070e20ea03a72e56d954b4cdfb,a5ec9c6c48cf220adc8ab277a86054b521a7f1a1,bounded_validation,FEI,polyprotect_paper_specified,91831,91861,91867,40,independent_unseen_keys,1,single_mlp,601,0.021875,0.128125,0.5043028846153845,0.4855769230769231,0.00625,0.0,0.0,0.05,20,True
results/scheme_followup_2026-09-18/FEI_polyprotect_paper_specified_split91831/independent_unseen_keys/metrics.json,cc151b57a294f9eb74c07d985f6dd288bd7d32caed7827e61a724ddf264fcc8f,c27e6ac07139834be012a88e090cbd39c3ac506f8938cec2b44527b5f767d2de,c0ecb4c4b29c0492aa08b2507e41690bda0b86070e20ea03a72e56d954b4cdfb,a5ec9c6c48cf220adc8ab277a86054b521a7f1a1,bounded_validation,FEI,polyprotect_paper_specified,91831,91861,91867,40,independent_unseen_keys,1,single_mlp,607,0.025,0.125,0.5001995693108975,0.50625,0.009375,0.003125,0.0,0.05625,19,True
results/scheme_followup_2026-09-18/FEI_polyprotect_paper_specified_split91831/independent_unseen_keys/metrics.json,cc151b57a294f9eb74c07d985f6dd288bd7d32caed7827e61a724ddf264fcc8f,c27e6ac07139834be012a88e090cbd39c3ac506f8938cec2b44527b5f767d2de,c0ecb4c4b29c0492aa08b2507e41690bda0b86070e20ea03a72e56d954b4cdfb,a5ec9c6c48cf220adc8ab277a86054b521a7f1a1,bounded_validation,FEI,polyprotect_paper_specified,91831,91861,91867,40,independent_unseen_keys,1,single_mlp,613,0.0375,0.13125,0.499413812099359,0.49387019230769236,0.0125,0.0,0.0,0.10007812499999957,20,True
results/scheme_followup_2026-09-18/FEI_polyprotect_paper_specified_split91831/independent_unseen_keys/metrics.json,cc151b57a294f9eb74c07d985f6dd288bd7d32caed7827e61a724ddf264fcc8f,c27e6ac07139834be012a88e090cbd39c3ac506f8938cec2b44527b5f767d2de,c0ecb4c4b29c0492aa08b2507e41690bda0b86070e20ea03a72e56d954b4cdfb,a5ec9c6c48cf220adc8ab277a86054b521a7f1a1,bounded_validation,FEI,polyprotect_paper_specified,91831,91861,91867,40,independent_unseen_keys,10,mean_mlp,601,0.0,0.125,0.5072155448717949,0.477724358974359,0.0,0.0,0.0,0.0,13,True
results/scheme_followup_2026-09-18/FEI_polyprotect_paper_specified_split91831/independent_unseen_keys/metrics.json,cc151b57a294f9eb74c07d985f6dd288bd7d32caed7827e61a724ddf264fcc8f,c27e6ac07139834be012a88e090cbd39c3ac506f8938cec2b44527b5f767d2de,c0ecb4c4b29c0492aa08b2507e41690bda0b86070e20ea03a72e56d954b4cdfb,a5ec9c6c48cf220adc8ab277a86054b521a7f1a1,bounded_validation,FEI,polyprotect_paper_specified,91831,91861,91867,40,independent_unseen_keys,10,mean_mlp,607,0.01875,0.125,0.5110772235576924,0.4941105769230769,0.0,0.0,0.0,0.05625,12,True
results/scheme_followup_2026-09-18/FEI_polyprotect_paper_specified_split91831/independent_unseen_keys/metrics.json,cc151b57a294f9eb74c07d985f6dd288bd7d32caed7827e61a724ddf264fcc8f,c27e6ac07139834be012a88e090cbd39c3ac506f8938cec2b44527b5f767d2de,c0ecb4c4b29c0492aa08b2507e41690bda0b86070e20ea03a72e56d954b4cdfb,a5ec9c6c48cf220adc8ab277a86054b521a7f1a1,bounded_validation,FEI,polyprotect_paper_specified,91831,91861,91867,40,independent_unseen_keys,10,mean_mlp,613,0.009375,0.1375,0.48963416466346144,0.5248397435897436,0.0,0.0,0.0,0.028125,12,True
results/scheme_followup_2026-09-18/FEI_polyprotect_paper_specified_split91831/independent_unseen_keys/metrics.json,cc151b57a294f9eb74c07d985f6dd288bd7d32caed7827e61a724ddf264fcc8f,c27e6ac07139834be012a88e090cbd39c3ac506f8938cec2b44527b5f767d2de,c0ecb4c4b29c0492aa08b2507e41690bda0b86070e20ea03a72e56d954b4cdfb,a5ec9c6c48cf220adc8ab277a86054b521a7f1a1,bounded_validation,FEI,polyprotect_paper_specified,91831,91861,91867,40,independent_unseen_keys,10,deepsets,601,0.025,0.13125,0.4959540264423077,0.48365384615384616,0.0,0.0,0.0,0.075,17,True
results/scheme_followup_2026-09-18/FEI_polyprotect_paper_specified_split91831/independent_unseen_keys/metrics.json,cc151b57a294f9eb74c07d985f6dd288bd7d32caed7827e61a724ddf264fcc8f,c27e6ac07139834be012a88e090cbd39c3ac506f8938cec2b44527b5f767d2de,c0ecb4c4b29c0492aa08b2507e41690bda0b86070e20ea03a72e56d954b4cdfb,a5ec9c6c48cf220adc8ab277a86054b521a7f1a1,bounded_validation,FEI,polyprotect_paper_specified,91831,91861,91867,40,independent_unseen_keys,10,deepsets,607,0.025,0.125,0.5055681590544872,0.5038461538461538,0.00625,0.0,0.0,0.075,13,True
results/scheme_followup_2026-09-18/FEI_polyprotect_paper_specified_split91831/independent_unseen_keys/metrics.json,cc151b57a294f9eb74c07d985f6dd288bd7d32caed7827e61a724ddf264fcc8f,c27e6ac07139834be012a88e090cbd39c3ac506f8938cec2b44527b5f767d2de,c0ecb4c4b29c0492aa08b2507e41690bda0b86070e20ea03a72e56d954b4cdfb,a5ec9c6c48cf220adc8ab277a86054b521a7f1a1,bounded_validation,FEI,polyprotect_paper_specified,91831,91861,91867,40,independent_unseen_keys,10,deepsets,613,0.025,0.11875,0.5097869090544872,0.47884615384615387,0.025,0.0,0.0,0.075,16,True
results/scheme_followup_2026-09-18/FEI_polyprotect_paper_specified_split91831/random_key_pool_1/metrics.json,0b4fbbe8bcf5984c1c23f129f7709b53a8f3d91efcdf8d15e86ad7501704f0d4,11043061863a72924a5cb3bd768cddff5fa84a09c264c9a3f21c9be0916d52d1,c0ecb4c4b29c0492aa08b2507e41690bda0b86070e20ea03a72e56d954b4cdfb,a5ec9c6c48cf220adc8ab277a86054b521a7f1a1,bounded_validation,FEI,polyprotect_paper_specified,91831,91861,91867,40,random_key_pool_1,1,single_mlp,601,1.0,1.0,0.9999276342147435,0.0014022435897435897,1.0,0.96875,1.0,1.0,120,True
results/scheme_followup_2026-09-18/FEI_polyprotect_paper_specified_split91831/random_key_pool_1/metrics.json,0b4fbbe8bcf5984c1c23f129f7709b53a8f3d91efcdf8d15e86ad7501704f0d4,11043061863a72924a5cb3bd768cddff5fa84a09c264c9a3f21c9be0916d52d1,c0ecb4c4b29c0492aa08b2507e41690bda0b86070e20ea03a72e56d954b4cdfb,a5ec9c6c48cf220adc8ab277a86054b521a7f1a1,bounded_validation,FEI,polyprotect_paper_specified,91831,91861,91867,40,random_key_pool_1,1,single_mlp,607,0.996875,1.0,0.9998592748397436,0.006249999999999989,0.996875,0.978125,0.990625,1.0,120,True
results/scheme_followup_2026-09-18/FEI_polyprotect_paper_specified_split91831/random_key_pool_1/metrics.json,0b4fbbe8bcf5984c1c23f129f7709b53a8f3d91efcdf8d15e86ad7501704f0d4,11043061863a72924a5cb3bd768cddff5fa84a09c264c9a3f21c9be0916d52d1,c0ecb4c4b29c0492aa08b2507e41690bda0b86070e20ea03a72e56d954b4cdfb,a5ec9c6c48cf220adc8ab277a86054b521a7f1a1,bounded_validation,FEI,polyprotect_paper_specified,91831,91861,91867,40,random_key_pool_1,1,single_mlp,613,0.99375,1.0,0.999551532451923,0.01013621794871796,0.9875,0.93125,0.98125,1.0,120,True
results/scheme_followup_2026-09-18/FEI_polyprotect_paper_specified_split91831/random_key_pool_1/metrics.json,0b4fbbe8bcf5984c1c23f129f7709b53a8f3d91efcdf8d15e86ad7501704f0d4,11043061863a72924a5cb3bd768cddff5fa84a09c264c9a3f21c9be0916d52d1,c0ecb4c4b29c0492aa08b2507e41690bda0b86070e20ea03a72e56d954b4cdfb,a5ec9c6c48cf220adc8ab277a86054b521a7f1a1,bounded_validation,FEI,polyprotect_paper_specified,91831,91861,91867,40,random_key_pool_1,10,mean_mlp,601,0.975,1.0,0.9993289262820513,0.015705128205128205,0.975,0.89375,0.925,1.0,76,True
results/scheme_followup_2026-09-18/FEI_polyprotect_paper_specified_split91831/random_key_pool_1/metrics.json,0b4fbbe8bcf5984c1c23f129f7709b53a8f3d91efcdf8d15e86ad7501704f0d4,11043061863a72924a5cb3bd768cddff5fa84a09c264c9a3f21c9be0916d52d1,c0ecb4c4b29c0492aa08b2507e41690bda0b86070e20ea03a72e56d954b4cdfb,a5ec9c6c48cf220adc8ab277a86054b521a7f1a1,bounded_validation,FEI,polyprotect_paper_specified,91831,91861,91867,40,random_key_pool_1,10,mean_mlp,607,0.925,1.0,0.9967585637019231,0.024799679487179496,0.946875,0.709375,0.825,1.0,93,True
results/scheme_followup_2026-09-18/FEI_polyprotect_paper_specified_split91831/random_key_pool_1/metrics.json,0b4fbbe8bcf5984c1c23f129f7709b53a8f3d91efcdf8d15e86ad7501704f0d4,11043061863a72924a5cb3bd768cddff5fa84a09c264c9a3f21c9be0916d52d1,c0ecb4c4b29c0492aa08b2507e41690bda0b86070e20ea03a72e56d954b4cdfb,a5ec9c6c48cf220adc8ab277a86054b521a7f1a1,bounded_validation,FEI,polyprotect_paper_specified,91831,91861,91867,40,random_key_pool_1,10,mean_mlp,613,0.88125,0.975,0.9893376903044873,0.04811698717948717,0.9,0.846875,0.78125,0.975,94,True
results/scheme_followup_2026-09-18/FEI_polyprotect_paper_specified_split91831/random_key_pool_1/metrics.json,0b4fbbe8bcf5984c1c23f129f7709b53a8f3d91efcdf8d15e86ad7501704f0d4,11043061863a72924a5cb3bd768cddff5fa84a09c264c9a3f21c9be0916d52d1,c0ecb4c4b29c0492aa08b2507e41690bda0b86070e20ea03a72e56d954b4cdfb,a5ec9c6c48cf220adc8ab277a86054b521a7f1a1,bounded_validation,FEI,polyprotect_paper_specified,91831,91861,91867,40,random_key_pool_1,10,deepsets,601,0.834375,0.975,0.9867705829326924,0.04867788461538464,0.8,0.35625,0.71875,0.9375,64,True
results/scheme_followup_2026-09-18/FEI_polyprotect_paper_specified_split91831/random_key_pool_1/metrics.json,0b4fbbe8bcf5984c1c23f129f7709b53a8f3d91efcdf8d15e86ad7501704f0d4,11043061863a72924a5cb3bd768cddff5fa84a09c264c9a3f21c9be0916d52d1,c0ecb4c4b29c0492aa08b2507e41690bda0b86070e20ea03a72e56d954b4cdfb,a5ec9c6c48cf220adc8ab277a86054b521a7f1a1,bounded_validation,FEI,polyprotect_paper_specified,91831,91861,91867,40,random_key_pool_1,10,deepsets,607,0.86875,0.975,0.9904639923878205,0.054487179487179474,0.875,0.503125,0.7625,0.96875,59,True
results/scheme_followup_2026-09-18/FEI_polyprotect_paper_specified_split91831/random_key_pool_1/metrics.json,0b4fbbe8bcf5984c1c23f129f7709b53a8f3d91efcdf8d15e86ad7501704f0d4,11043061863a72924a5cb3bd768cddff5fa84a09c264c9a3f21c9be0916d52d1,c0ecb4c4b29c0492aa08b2507e41690bda0b86070e20ea03a72e56d954b4cdfb,a5ec9c6c48cf220adc8ab277a86054b521a7f1a1,bounded_validation,FEI,polyprotect_paper_specified,91831,91861,91867,40,random_key_pool_1,10,deepsets,613,0.825,0.99375,0.9877383814102565,0.07111378205128206,0.80625,0.45,0.7,0.925,73,True
results/scheme_followup_2026-09-18/FEI_polyprotect_paper_specified_split91831/random_key_pool_4/metrics.json,ce880735395e6b59b29fa69a993f4864171a70208421ac6ecb0c6fb4cb7d01ec,f6175e71c9dc204df73dac707ec86e23da7f73adb2f9d1f9c7510caff465f29e,c0ecb4c4b29c0492aa08b2507e41690bda0b86070e20ea03a72e56d954b4cdfb,a5ec9c6c48cf220adc8ab277a86054b521a7f1a1,bounded_validation,FEI,polyprotect_paper_specified,91831,91861,91867,40,random_key_pool_4,1,single_mlp,601,0.60625,0.9125,0.9489222756410256,0.1250400641025641,0.496875,0.15625,0.5280468750000001,0.6875,91,True
results/scheme_followup_2026-09-18/FEI_polyprotect_paper_specified_split91831/random_key_pool_4/metrics.json,ce880735395e6b59b29fa69a993f4864171a70208421ac6ecb0c6fb4cb7d01ec,f6175e71c9dc204df73dac707ec86e23da7f73adb2f9d1f9c7510caff465f29e,c0ecb4c4b29c0492aa08b2507e41690bda0b86070e20ea03a72e56d954b4cdfb,a5ec9c6c48cf220adc8ab277a86054b521a7f1a1,bounded_validation,FEI,polyprotect_paper_specified,91831,91861,91867,40,random_key_pool_4,1,single_mlp,607,0.596875,0.884375,0.9432073818108975,0.12812500000000002,0.5375,0.26875,0.51875,0.671875,74,True
results/scheme_followup_2026-09-18/FEI_polyprotect_paper_specified_split91831/random_key_pool_4/metrics.json,ce880735395e6b59b29fa69a993f4864171a70208421ac6ecb0c6fb4cb7d01ec,f6175e71c9dc204df73dac707ec86e23da7f73adb2f9d1f9c7510caff465f29e,c0ecb4c4b29c0492aa08b2507e41690bda0b86070e20ea03a72e56d954b4cdfb,a5ec9c6c48cf220adc8ab277a86054b521a7f1a1,bounded_validation,FEI,polyprotect_paper_specified,91831,91861,91867,40,random_key_pool_4,1,single_mlp,613,0.634375,0.865625,0.9481698217147435,0.13745993589743588,0.559375,0.284375,0.546875,0.71875,74,True
results/scheme_followup_2026-09-18/FEI_polyprotect_paper_specified_split91831/random_key_pool_4/metrics.json,ce880735395e6b59b29fa69a993f4864171a70208421ac6ecb0c6fb4cb7d01ec,f6175e71c9dc204df73dac707ec86e23da7f73adb2f9d1f9c7510caff465f29e,c0ecb4c4b29c0492aa08b2507e41690bda0b86070e20ea03a72e56d954b4cdfb,a5ec9c6c48cf220adc8ab277a86054b521a7f1a1,bounded_validation,FEI,polyprotect_paper_specified,91831,91861,91867,40,random_key_pool_4,10,mean_mlp,601,0.815625,1.0,0.9928933794070512,0.04034455128205129,0.796875,0.45625,0.7,0.915625,86,True
results/scheme_followup_2026-09-18/FEI_polyprotect_paper_specified_split91831/random_key_pool_4/metrics.json,ce880735395e6b59b29fa69a993f4864171a70208421ac6ecb0c6fb4cb7d01ec,f6175e71c9dc204df73dac707ec86e23da7f73adb2f9d1f9c7510caff465f29e,c0ecb4c4b29c0492aa08b2507e41690bda0b86070e20ea03a72e56d954b4cdfb,a5ec9c6c48cf220adc8ab277a86054b521a7f1a1,bounded_validation,FEI,polyprotect_paper_specified,91831,91861,91867,40,random_key_pool_4,10,mean_mlp,607,0.8625,0.990625,0.9874999999999999,0.06846955128205126,0.79375,0.3875,0.753125,0.953125,120,True
results/scheme_followup_2026-09-18/FEI_polyprotect_paper_specified_split91831/random_key_pool_4/metrics.json,ce880735395e6b59b29fa69a993f4864171a70208421ac6ecb0c6fb4cb7d01ec,f6175e71c9dc204df73dac707ec86e23da7f73adb2f9d1f9c7510caff465f29e,c0ecb4c4b29c0492aa08b2507e41690bda0b86070e20ea03a72e56d954b4cdfb,a5ec9c6c48cf220adc8ab277a86054b521a7f1a1,bounded_validation,FEI,polyprotect_paper_specified,91831,91861,91867,40,random_key_pool_4,10,mean_mlp,613,0.878125,0.975,0.9819198217147436,0.060376602564102544,0.753125,0.51875,0.778125,0.9625,120,True
results/scheme_followup_2026-09-18/FEI_polyprotect_paper_specified_split91831/random_key_pool_4/metrics.json,ce880735395e6b59b29fa69a993f4864171a70208421ac6ecb0c6fb4cb7d01ec,f6175e71c9dc204df73dac707ec86e23da7f73adb2f9d1f9c7510caff465f29e,c0ecb4c4b29c0492aa08b2507e41690bda0b86070e20ea03a72e56d954b4cdfb,a5ec9c6c48cf220adc8ab277a86054b521a7f1a1,bounded_validation,FEI,polyprotect_paper_specified,91831,91861,91867,40,random_key_pool_4,10,deepsets,601,0.83125,0.9875,0.9876805388621795,0.07063301282051283,0.740625,0.409375,0.715625,0.934375,118,True
results/scheme_followup_2026-09-18/FEI_polyprotect_paper_specified_split91831/random_key_pool_4/metrics.json,ce880735395e6b59b29fa69a993f4864171a70208421ac6ecb0c6fb4cb7d01ec,f6175e71c9dc204df73dac707ec86e23da7f73adb2f9d1f9c7510caff465f29e,c0ecb4c4b29c0492aa08b2507e41690bda0b86070e20ea03a72e56d954b4cdfb,a5ec9c6c48cf220adc8ab277a86054b521a7f1a1,bounded_validation,FEI,polyprotect_paper_specified,91831,91861,91867,40,random_key_pool_4,10,deepsets,607,0.725,0.959375,0.9715692608173078,0.07556089743589742,0.628125,0.184375,0.575,0.85,120,True
results/scheme_followup_2026-09-18/FEI_polyprotect_paper_specified_split91831/random_key_pool_4/metrics.json,ce880735395e6b59b29fa69a993f4864171a70208421ac6ecb0c6fb4cb7d01ec,f6175e71c9dc204df73dac707ec86e23da7f73adb2f9d1f9c7510caff465f29e,c0ecb4c4b29c0492aa08b2507e41690bda0b86070e20ea03a72e56d954b4cdfb,a5ec9c6c48cf220adc8ab277a86054b521a7f1a1,bounded_validation,FEI,polyprotect_paper_specified,91831,91861,91867,40,random_key_pool_4,10,deepsets,613,0.721875,0.96875,0.9798309795673077,0.08545673076923077,0.640625,0.3375,0.596875,0.8375,119,True
results/scheme_followup_2026-09-18/FEI_polyprotect_paper_specified_split91843/independent_unseen_keys/metrics.json,2dbbe6a1cbf30d4fe9949d507628fd50d3a9b9f4e9b4effb68654b68880e2b41,3f5e14e5e5fea8199b838993cc96e9ee5c84b62bb4a091c909b734310e82daa3,c0ecb4c4b29c0492aa08b2507e41690bda0b86070e20ea03a72e56d954b4cdfb,a5ec9c6c48cf220adc8ab277a86054b521a7f1a1,bounded_validation,FEI,polyprotect_paper_specified,91843,91861,91867,40,independent_unseen_keys,1,single_mlp,601,0.021875,0.11875,0.5070327524038462,0.5084535256410256,0.0125,0.003125,0.0,0.065625,17,True
results/scheme_followup_2026-09-18/FEI_polyprotect_paper_specified_split91843/independent_unseen_keys/metrics.json,2dbbe6a1cbf30d4fe9949d507628fd50d3a9b9f4e9b4effb68654b68880e2b41,3f5e14e5e5fea8199b838993cc96e9ee5c84b62bb4a091c909b734310e82daa3,c0ecb4c4b29c0492aa08b2507e41690bda0b86070e20ea03a72e56d954b4cdfb,a5ec9c6c48cf220adc8ab277a86054b521a7f1a1,bounded_validation,FEI,polyprotect_paper_specified,91843,91861,91867,40,independent_unseen_keys,1,single_mlp,607,0.025,0.121875,0.5113924779647436,0.4942708333333333,0.021875,0.0,0.0,0.075,17,True
results/scheme_followup_2026-09-18/FEI_polyprotect_paper_specified_split91843/independent_unseen_keys/metrics.json,2dbbe6a1cbf30d4fe9949d507628fd50d3a9b9f4e9b4effb68654b68880e2b41,3f5e14e5e5fea8199b838993cc96e9ee5c84b62bb4a091c909b734310e82daa3,c0ecb4c4b29c0492aa08b2507e41690bda0b86070e20ea03a72e56d954b4cdfb,a5ec9c6c48cf220adc8ab277a86054b521a7f1a1,bounded_validation,FEI,polyprotect_paper_specified,91843,91861,91867,40,independent_unseen_keys,1,single_mlp,613,0.03125,0.09375,0.5003981370192307,0.5069310897435897,0.015625,0.00625,0.0,0.071875,16,True
results/scheme_followup_2026-09-18/FEI_polyprotect_paper_specified_split91843/independent_unseen_keys/metrics.json,2dbbe6a1cbf30d4fe9949d507628fd50d3a9b9f4e9b4effb68654b68880e2b41,3f5e14e5e5fea8199b838993cc96e9ee5c84b62bb4a091c909b734310e82daa3,c0ecb4c4b29c0492aa08b2507e41690bda0b86070e20ea03a72e56d954b4cdfb,a5ec9c6c48cf220adc8ab277a86054b521a7f1a1,bounded_validation,FEI,polyprotect_paper_specified,91843,91861,91867,40,independent_unseen_keys,10,mean_mlp,601,0.01875,0.09375,0.48133438501602555,0.49927884615384616,0.003125,0.0,0.0,0.05625,12,True
results/scheme_followup_2026-09-18/FEI_polyprotect_paper_specified_split91843/independent_unseen_keys/metrics.json,2dbbe6a1cbf30d4fe9949d507628fd50d3a9b9f4e9b4effb68654b68880e2b41,3f5e14e5e5fea8199b838993cc96e9ee5c84b62bb4a091c909b734310e82daa3,c0ecb4c4b29c0492aa08b2507e41690bda0b86070e20ea03a72e56d954b4cdfb,a5ec9c6c48cf220adc8ab277a86054b521a7f1a1,bounded_validation,FEI,polyprotect_paper_specified,91843,91861,91867,40,independent_unseen_keys,10,mean_mlp,607,0.025,0.10625,0.4629624899839744,0.5188701923076924,0.015625,0.0,0.0,0.075,12,True
results/scheme_followup_2026-09-18/FEI_polyprotect_paper_specified_split91843/independent_unseen_keys/metrics.json,2dbbe6a1cbf30d4fe9949d507628fd50d3a9b9f4e9b4effb68654b68880e2b41,3f5e14e5e5fea8199b838993cc96e9ee5c84b62bb4a091c909b734310e82daa3,c0ecb4c4b29c0492aa08b2507e41690bda0b86070e20ea03a72e56d954b4cdfb,a5ec9c6c48cf220adc8ab277a86054b521a7f1a1,bounded_validation,FEI,polyprotect_paper_specified,91843,91861,91867,40,independent_unseen_keys,10,mean_mlp,613,0.025,0.09375,0.4751434795673076,0.5194711538461538,0.021875,0.0,0.0,0.075,12,True
results/scheme_followup_2026-09-18/FEI_polyprotect_paper_specified_split91843/independent_unseen_keys/metrics.json,2dbbe6a1cbf30d4fe9949d507628fd50d3a9b9f4e9b4effb68654b68880e2b41,3f5e14e5e5fea8199b838993cc96e9ee5c84b62bb4a091c909b734310e82daa3,c0ecb4c4b29c0492aa08b2507e41690bda0b86070e20ea03a72e56d954b4cdfb,a5ec9c6c48cf220adc8ab277a86054b521a7f1a1,bounded_validation,FEI,polyprotect_paper_specified,91843,91861,91867,40,independent_unseen_keys,10,deepsets,601,0.025,0.125,0.5000247896634615,0.49935897435897436,0.025,0.0,0.0,0.075,11,True
results/scheme_followup_2026-09-18/FEI_polyprotect_paper_specified_split91843/independent_unseen_keys/metrics.json,2dbbe6a1cbf30d4fe9949d507628fd50d3a9b9f4e9b4effb68654b68880e2b41,3f5e14e5e5fea8199b838993cc96e9ee5c84b62bb4a091c909b734310e82daa3,c0ecb4c4b29c0492aa08b2507e41690bda0b86070e20ea03a72e56d954b4cdfb,a5ec9c6c48cf220adc8ab277a86054b521a7f1a1,bounded_validation,FEI,polyprotect_paper_specified,91843,91861,91867,40,independent_unseen_keys,10,deepsets,607,0.025,0.125,0.5008042868589744,0.5060496794871795,0.003125,0.0,0.0,0.075,11,True
results/scheme_followup_2026-09-18/FEI_polyprotect_paper_specified_split91843/independent_unseen_keys/metrics.json,2dbbe6a1cbf30d4fe9949d507628fd50d3a9b9f4e9b4effb68654b68880e2b41,3f5e14e5e5fea8199b838993cc96e9ee5c84b62bb4a091c909b734310e82daa3,c0ecb4c4b29c0492aa08b2507e41690bda0b86070e20ea03a72e56d954b4cdfb,a5ec9c6c48cf220adc8ab277a86054b521a7f1a1,bounded_validation,FEI,polyprotect_paper_specified,91843,91861,91867,40,independent_unseen_keys,10,deepsets,613,0.025,0.125,0.5069173177083334,0.49226762820512826,0.025,0.003125,0.0,0.075,11,True
results/scheme_followup_2026-09-18/FEI_polyprotect_paper_specified_split91843/random_key_pool_1/metrics.json,7b07342e42be751b9f4639ce219f80544b0c3ffbd996206fd737d772db23d6f6,8ffb6663a50e53a9d200653c89756b346ebddac620796a90cbdc4b89b2432122,c0ecb4c4b29c0492aa08b2507e41690bda0b86070e20ea03a72e56d954b4cdfb,a5ec9c6c48cf220adc8ab277a86054b521a7f1a1,bounded_validation,FEI,polyprotect_paper_specified,91843,91861,91867,40,random_key_pool_1,1,single_mlp,601,1.0,1.0,0.9996086237980769,0.01254006410256408,0.9875,0.934375,1.0,1.0,120,True
results/scheme_followup_2026-09-18/FEI_polyprotect_paper_specified_split91843/random_key_pool_1/metrics.json,7b07342e42be751b9f4639ce219f80544b0c3ffbd996206fd737d772db23d6f6,8ffb6663a50e53a9d200653c89756b346ebddac620796a90cbdc4b89b2432122,c0ecb4c4b29c0492aa08b2507e41690bda0b86070e20ea03a72e56d954b4cdfb,a5ec9c6c48cf220adc8ab277a86054b521a7f1a1,bounded_validation,FEI,polyprotect_paper_specified,91843,91861,91867,40,random_key_pool_1,1,single_mlp,607,1.0,1.0,0.9996376702724359,0.009375000000000012,0.990625,0.946875,1.0,1.0,120,True
results/scheme_followup_2026-09-18/FEI_polyprotect_paper_specified_split91843/random_key_pool_1/metrics.json,7b07342e42be751b9f4639ce219f80544b0c3ffbd996206fd737d772db23d6f6,8ffb6663a50e53a9d200653c89756b346ebddac620796a90cbdc4b89b2432122,c0ecb4c4b29c0492aa08b2507e41690bda0b86070e20ea03a72e56d954b4cdfb,a5ec9c6c48cf220adc8ab277a86054b521a7f1a1,bounded_validation,FEI,polyprotect_paper_specified,91843,91861,91867,40,random_key_pool_1,1,single_mlp,613,1.0,1.0,0.9992212540064103,0.012940705128205107,0.978125,0.9125,1.0,1.0,120,True
results/scheme_followup_2026-09-18/FEI_polyprotect_paper_specified_split91843/random_key_pool_1/metrics.json,7b07342e42be751b9f4639ce219f80544b0c3ffbd996206fd737d772db23d6f6,8ffb6663a50e53a9d200653c89756b346ebddac620796a90cbdc4b89b2432122,c0ecb4c4b29c0492aa08b2507e41690bda0b86070e20ea03a72e56d954b4cdfb,a5ec9c6c48cf220adc8ab277a86054b521a7f1a1,bounded_validation,FEI,polyprotect_paper_specified,91843,91861,91867,40,random_key_pool_1,10,mean_mlp,601,0.934375,1.0,0.9973580228365384,0.02768429487179485,0.9375,0.875,0.8592187500000003,1.0,120,True
results/scheme_followup_2026-09-18/FEI_polyprotect_paper_specified_split91843/random_key_pool_1/metrics.json,7b07342e42be751b9f4639ce219f80544b0c3ffbd996206fd737d772db23d6f6,8ffb6663a50e53a9d200653c89756b346ebddac620796a90cbdc4b89b2432122,c0ecb4c4b29c0492aa08b2507e41690bda0b86070e20ea03a72e56d954b4cdfb,a5ec9c6c48cf220adc8ab277a86054b521a7f1a1,bounded_validation,FEI,polyprotect_paper_specified,91843,91861,91867,40,random_key_pool_1,10,mean_mlp,607,0.9625,1.0,0.9979384515224359,0.02403846153846155,0.9125,0.875,0.9,1.0,79,True
results/scheme_followup_2026-09-18/FEI_polyprotect_paper_specified_split91843/random_key_pool_1/metrics.json,7b07342e42be751b9f4639ce219f80544b0c3ffbd996206fd737d772db23d6f6,8ffb6663a50e53a9d200653c89756b346ebddac620796a90cbdc4b89b2432122,c0ecb4c4b29c0492aa08b2507e41690bda0b86070e20ea03a72e56d954b4cdfb,a5ec9c6c48cf220adc8ab277a86054b521a7f1a1,bounded_validation,FEI,polyprotect_paper_specified,91843,91861,91867,40,random_key_pool_1,10,mean_mlp,613,0.878125,0.975,0.9941273537660256,0.03481570512820515,0.95,0.509375,0.775,0.975,79,True
results/scheme_followup_2026-09-18/FEI_polyprotect_paper_specified_split91843/random_key_pool_1/metrics.json,7b07342e42be751b9f4639ce219f80544b0c3ffbd996206fd737d772db23d6f6,8ffb6663a50e53a9d200653c89756b346ebddac620796a90cbdc4b89b2432122,c0ecb4c4b29c0492aa08b2507e41690bda0b86070e20ea03a72e56d954b4cdfb,a5ec9c6c48cf220adc8ab277a86054b521a7f1a1,bounded_validation,FEI,polyprotect_paper_specified,91843,91861,91867,40,random_key_pool_1,10,deepsets,601,0.821875,1.0,0.9880651542467949,0.05364583333333332,0.71875,0.396875,0.7030468750000002,0.925,58,True
results/scheme_followup_2026-09-18/FEI_polyprotect_paper_specified_split91843/random_key_pool_1/metrics.json,7b07342e42be751b9f4639ce219f80544b0c3ffbd996206fd737d772db23d6f6,8ffb6663a50e53a9d200653c89756b346ebddac620796a90cbdc4b89b2432122,c0ecb4c4b29c0492aa08b2507e41690bda0b86070e20ea03a72e56d954b4cdfb,a5ec9c6c48cf220adc8ab277a86054b521a7f1a1,bounded_validation,FEI,polyprotect_paper_specified,91843,91861,91867,40,random_key_pool_1,10,deepsets,607,0.865625,0.975,0.9918997896634615,0.03173076923076923,0.725,0.534375,0.75,0.965625,56,True
results/scheme_followup_2026-09-18/FEI_polyprotect_paper_specified_split91843/random_key_pool_1/metrics.json,7b07342e42be751b9f4639ce219f80544b0c3ffbd996206fd737d772db23d6f6,8ffb6663a50e53a9d200653c89756b346ebddac620796a90cbdc4b89b2432122,c0ecb4c4b29c0492aa08b2507e41690bda0b86070e20ea03a72e56d954b4cdfb,a5ec9c6c48cf220adc8ab277a86054b521a7f1a1,bounded_validation,FEI,polyprotect_paper_specified,91843,91861,91867,40,random_key_pool_1,10,deepsets,613,0.7,0.94375,0.9733205629006411,0.10092147435897435,0.75,0.11875,0.55,0.85,57,True
results/scheme_followup_2026-09-18/FEI_polyprotect_paper_specified_split91843/random_key_pool_4/metrics.json,a3fc1a0d65818e927300eea6c866bf30a51fd8c5a6ab8b34d40fa658efd8ed4e,78bc83958bf4827f7d8e529d80af4e1243a8ab38fe5967b8cc2538669b04d8f7,c0ecb4c4b29c0492aa08b2507e41690bda0b86070e20ea03a72e56d954b4cdfb,a5ec9c6c48cf220adc8ab277a86054b521a7f1a1,bounded_validation,FEI,polyprotect_paper_specified,91843,91861,91867,40,random_key_pool_4,1,single_mlp,601,0.675,0.925,0.9579732572115385,0.10280448717948719,0.546875,0.24375,0.584375,0.76875,88,True
results/scheme_followup_2026-09-18/FEI_polyprotect_paper_specified_split91843/random_key_pool_4/metrics.json,a3fc1a0d65818e927300eea6c866bf30a51fd8c5a6ab8b34d40fa658efd8ed4e,78bc83958bf4827f7d8e529d80af4e1243a8ab38fe5967b8cc2538669b04d8f7,c0ecb4c4b29c0492aa08b2507e41690bda0b86070e20ea03a72e56d954b4cdfb,a5ec9c6c48cf220adc8ab277a86054b521a7f1a1,bounded_validation,FEI,polyprotect_paper_specified,91843,91861,91867,40,random_key_pool_4,1,single_mlp,607,0.61875,0.875,0.9574043469551283,0.12187499999999998,0.51875,0.28125,0.53125,0.703125,73,True
results/scheme_followup_2026-09-18/FEI_polyprotect_paper_specified_split91843/random_key_pool_4/metrics.json,a3fc1a0d65818e927300eea6c866bf30a51fd8c5a6ab8b34d40fa658efd8ed4e,78bc83958bf4827f7d8e529d80af4e1243a8ab38fe5967b8cc2538669b04d8f7,c0ecb4c4b29c0492aa08b2507e41690bda0b86070e20ea03a72e56d954b4cdfb,a5ec9c6c48cf220adc8ab277a86054b521a7f1a1,bounded_validation,FEI,polyprotect_paper_specified,91843,91861,91867,40,random_key_pool_4,1,single_mlp,613,0.596875,0.84375,0.9521541967147436,0.12487980769230769,0.58125,0.28125,0.496875,0.6907031249999996,72,True
results/scheme_followup_2026-09-18/FEI_polyprotect_paper_specified_split91843/random_key_pool_4/metrics.json,a3fc1a0d65818e927300eea6c866bf30a51fd8c5a6ab8b34d40fa658efd8ed4e,78bc83958bf4827f7d8e529d80af4e1243a8ab38fe5967b8cc2538669b04d8f7,c0ecb4c4b29c0492aa08b2507e41690bda0b86070e20ea03a72e56d954b4cdfb,a5ec9c6c48cf220adc8ab277a86054b521a7f1a1,bounded_validation,FEI,polyprotect_paper_specified,91843,91861,91867,40,random_key_pool_4,10,mean_mlp,601,0.821875,0.996875,0.9913937299679487,0.03477564102564105,0.71875,0.38125,0.709375,0.921875,120,True
results/scheme_followup_2026-09-18/FEI_polyprotect_paper_specified_split91843/random_key_pool_4/metrics.json,a3fc1a0d65818e927300eea6c866bf30a51fd8c5a6ab8b34d40fa658efd8ed4e,78bc83958bf4827f7d8e529d80af4e1243a8ab38fe5967b8cc2538669b04d8f7,c0ecb4c4b29c0492aa08b2507e41690bda0b86070e20ea03a72e56d954b4cdfb,a5ec9c6c48cf220adc8ab277a86054b521a7f1a1,bounded_validation,FEI,polyprotect_paper_specified,91843,91861,91867,40,random_key_pool_4,10,mean_mlp,607,0.84375,0.984375,0.984256810897436,0.078125,0.821875,0.603125,0.7249218750000002,0.946875,120,True
results/scheme_followup_2026-09-18/FEI_polyprotect_paper_specified_split91843/random_key_pool_4/metrics.json,a3fc1a0d65818e927300eea6c866bf30a51fd8c5a6ab8b34d40fa658efd8ed4e,78bc83958bf4827f7d8e529d80af4e1243a8ab38fe5967b8cc2538669b04d8f7,c0ecb4c4b29c0492aa08b2507e41690bda0b86070e20ea03a72e56d954b4cdfb,a5ec9c6c48cf220adc8ab277a86054b521a7f1a1,bounded_validation,FEI,polyprotect_paper_specified,91843,91861,91867,40,random_key_pool_4,10,mean_mlp,613,0.865625,0.990625,0.9899013421474359,0.05396634615384614,0.759375,0.509375,0.771875,0.95,79,True
results/scheme_followup_2026-09-18/FEI_polyprotect_paper_specified_split91843/random_key_pool_4/metrics.json,a3fc1a0d65818e927300eea6c866bf30a51fd8c5a6ab8b34d40fa658efd8ed4e,78bc83958bf4827f7d8e529d80af4e1243a8ab38fe5967b8cc2538669b04d8f7,c0ecb4c4b29c0492aa08b2507e41690bda0b86070e20ea03a72e56d954b4cdfb,a5ec9c6c48cf220adc8ab277a86054b521a7f1a1,bounded_validation,FEI,polyprotect_paper_specified,91843,91861,91867,40,random_key_pool_4,10,deepsets,601,0.728125,0.975,0.9775473257211538,0.06542467948717946,0.578125,0.321875,0.6,0.85,117,True
results/scheme_followup_2026-09-18/FEI_polyprotect_paper_specified_split91843/random_key_pool_4/metrics.json,a3fc1a0d65818e927300eea6c866bf30a51fd8c5a6ab8b34d40fa658efd8ed4e,78bc83958bf4827f7d8e529d80af4e1243a8ab38fe5967b8cc2538669b04d8f7,c0ecb4c4b29c0492aa08b2507e41690bda0b86070e20ea03a72e56d954b4cdfb,a5ec9c6c48cf220adc8ab277a86054b521a7f1a1,bounded_validation,FEI,polyprotect_paper_specified,91843,91861,91867,40,random_key_pool_4,10,deepsets,607,0.6,0.928125,0.9691634114583333,0.07247596153846156,0.5125,0.225,0.45,0.740625,71,True
results/scheme_followup_2026-09-18/FEI_polyprotect_paper_specified_split91843/random_key_pool_4/metrics.json,a3fc1a0d65818e927300eea6c866bf30a51fd8c5a6ab8b34d40fa658efd8ed4e,78bc83958bf4827f7d8e529d80af4e1243a8ab38fe5967b8cc2538669b04d8f7,c0ecb4c4b29c0492aa08b2507e41690bda0b86070e20ea03a72e56d954b4cdfb,a5ec9c6c48cf220adc8ab277a86054b521a7f1a1,bounded_validation,FEI,polyprotect_paper_specified,91843,91861,91867,40,random_key_pool_4,10,deepsets,613,0.815625,0.971875,0.981719501201923,0.06778846153846152,0.665625,0.296875,0.70625,0.915625,72,True
results/scheme_followup_2026-09-18/MOBIO_iomgrp_paper_specified_split91831/independent_unseen_keys/metrics.json,790c719f9c27dfa9c419945a2c53a0388d13b0c5b56c73d757f0a016c7b95b66,f7981b8aae4bbf0cb4eb38d64d54bdabc9a1546e403198909361515be100d8b5,1754d228a3989e52684d6af90d9b71d6b8c4553973012134835ec3d505a3a666,a5ec9c6c48cf220adc8ab277a86054b521a7f1a1,bounded_validation,MOBIO,iomgrp_paper_specified,91831,91861,91867,30,independent_unseen_keys,1,single_mlp,601,0.020833333333333332,0.19166666666666668,0.5173305795019156,0.4991379310344828,0.0,0.0,0.0,0.058333333333333334,4,True
results/scheme_followup_2026-09-18/MOBIO_iomgrp_paper_specified_split91831/independent_unseen_keys/metrics.json,790c719f9c27dfa9c419945a2c53a0388d13b0c5b56c73d757f0a016c7b95b66,f7981b8aae4bbf0cb4eb38d64d54bdabc9a1546e403198909361515be100d8b5,1754d228a3989e52684d6af90d9b71d6b8c4553973012134835ec3d505a3a666,a5ec9c6c48cf220adc8ab277a86054b521a7f1a1,bounded_validation,MOBIO,iomgrp_paper_specified,91831,91861,91867,30,independent_unseen_keys,1,single_mlp,607,0.020833333333333332,0.175,0.5015960249042146,0.49267241379310345,0.0,0.0,0.0,0.0625,3,True
results/scheme_followup_2026-09-18/MOBIO_iomgrp_paper_specified_split91831/independent_unseen_keys/metrics.json,790c719f9c27dfa9c419945a2c53a0388d13b0c5b56c73d757f0a016c7b95b66,f7981b8aae4bbf0cb4eb38d64d54bdabc9a1546e403198909361515be100d8b5,1754d228a3989e52684d6af90d9b71d6b8c4553973012134835ec3d505a3a666,a5ec9c6c48cf220adc8ab277a86054b521a7f1a1,bounded_validation,MOBIO,iomgrp_paper_specified,91831,91861,91867,30,independent_unseen_keys,1,single_mlp,613,0.029166666666666667,0.12083333333333333,0.48221264367816086,0.49992816091954023,0.0125,0.0,0.0,0.07083333333333333,5,True
results/scheme_followup_2026-09-18/MOBIO_iomgrp_paper_specified_split91831/independent_unseen_keys/metrics.json,790c719f9c27dfa9c419945a2c53a0388d13b0c5b56c73d757f0a016c7b95b66,f7981b8aae4bbf0cb4eb38d64d54bdabc9a1546e403198909361515be100d8b5,1754d228a3989e52684d6af90d9b71d6b8c4553973012134835ec3d505a3a666,a5ec9c6c48cf220adc8ab277a86054b521a7f1a1,bounded_validation,MOBIO,iomgrp_paper_specified,91831,91861,91867,30,independent_unseen_keys,10,mean_mlp,601,0.03333333333333333,0.14583333333333334,0.4959033764367816,0.4957614942528736,0.0,0.0,0.0,0.1,6,True
results/scheme_followup_2026-09-18/MOBIO_iomgrp_paper_specified_split91831/independent_unseen_keys/metrics.json,790c719f9c27dfa9c419945a2c53a0388d13b0c5b56c73d757f0a016c7b95b66,f7981b8aae4bbf0cb4eb38d64d54bdabc9a1546e403198909361515be100d8b5,1754d228a3989e52684d6af90d9b71d6b8c4553973012134835ec3d505a3a666,a5ec9c6c48cf220adc8ab277a86054b521a7f1a1,bounded_validation,MOBIO,iomgrp_paper_specified,91831,91861,91867,30,independent_unseen_keys,10,mean_mlp,607,0.0625,0.16666666666666666,0.48609195402298855,0.5175287356321838,0.0,0.0,0.0,0.15833333333333333,6,True
results/scheme_followup_2026-09-18/MOBIO_iomgrp_paper_specified_split91831/independent_unseen_keys/metrics.json,790c719f9c27dfa9c419945a2c53a0388d13b0c5b56c73d757f0a016c7b95b66,f7981b8aae4bbf0cb4eb38d64d54bdabc9a1546e403198909361515be100d8b5,1754d228a3989e52684d6af90d9b71d6b8c4553973012134835ec3d505a3a666,a5ec9c6c48cf220adc8ab277a86054b521a7f1a1,bounded_validation,MOBIO,iomgrp_paper_specified,91831,91861,91867,30,independent_unseen_keys,10,mean_mlp,613,0.0,0.16666666666666666,0.4959219348659004,0.5151580459770115,0.0,0.0,0.0,0.0,6,True
results/scheme_followup_2026-09-18/MOBIO_iomgrp_paper_specified_split91831/independent_unseen_keys/metrics.json,790c719f9c27dfa9c419945a2c53a0388d13b0c5b56c73d757f0a016c7b95b66,f7981b8aae4bbf0cb4eb38d64d54bdabc9a1546e403198909361515be100d8b5,1754d228a3989e52684d6af90d9b71d6b8c4553973012134835ec3d505a3a666,a5ec9c6c48cf220adc8ab277a86054b521a7f1a1,bounded_validation,MOBIO,iomgrp_paper_specified,91831,91861,91867,30,independent_unseen_keys,10,deepsets,601,0.03333333333333333,0.16666666666666666,0.4870982998084291,0.5208333333333333,0.0,0.0,0.0,0.1,13,True
results/scheme_followup_2026-09-18/MOBIO_iomgrp_paper_specified_split91831/independent_unseen_keys/metrics.json,790c719f9c27dfa9c419945a2c53a0388d13b0c5b56c73d757f0a016c7b95b66,f7981b8aae4bbf0cb4eb38d64d54bdabc9a1546e403198909361515be100d8b5,1754d228a3989e52684d6af90d9b71d6b8c4553973012134835ec3d505a3a666,a5ec9c6c48cf220adc8ab277a86054b521a7f1a1,bounded_validation,MOBIO,iomgrp_paper_specified,91831,91861,91867,30,independent_unseen_keys,10,deepsets,607,0.03333333333333333,0.16666666666666666,0.49477729885057475,0.5093390804597702,0.0,0.0,0.0,0.1,8,True
results/scheme_followup_2026-09-18/MOBIO_iomgrp_paper_specified_split91831/independent_unseen_keys/metrics.json,790c719f9c27dfa9c419945a2c53a0388d13b0c5b56c73d757f0a016c7b95b66,f7981b8aae4bbf0cb4eb38d64d54bdabc9a1546e403198909361515be100d8b5,1754d228a3989e52684d6af90d9b71d6b8c4553973012134835ec3d505a3a666,a5ec9c6c48cf220adc8ab277a86054b521a7f1a1,bounded_validation,MOBIO,iomgrp_paper_specified,91831,91861,91867,30,independent_unseen_keys,10,deepsets,613,0.025,0.16666666666666666,0.49880328065134094,0.5007902298850575,0.0,0.0,0.0,0.075,10,True
results/scheme_followup_2026-09-18/MOBIO_iomgrp_paper_specified_split91831/random_key_pool_1/metrics.json,5e21720663d8dd3a340a7e9049675c04359404ad06428ac6858fba4f2afa9bf0,212c8c24a3d4710a572674310920c1500b29606db9e77a5b0c28ae891fc7823d,1754d228a3989e52684d6af90d9b71d6b8c4553973012134835ec3d505a3a666,a5ec9c6c48cf220adc8ab277a86054b521a7f1a1,bounded_validation,MOBIO,iomgrp_paper_specified,91831,91861,91867,30,random_key_pool_1,1,single_mlp,601,0.9916666666666667,1.0,0.9996042863984674,0.008477011494252859,0.9916666666666667,0.9708333333333333,0.9791666666666666,1.0,118,True
results/scheme_followup_2026-09-18/MOBIO_iomgrp_paper_specified_split91831/random_key_pool_1/metrics.json,5e21720663d8dd3a340a7e9049675c04359404ad06428ac6858fba4f2afa9bf0,212c8c24a3d4710a572674310920c1500b29606db9e77a5b0c28ae891fc7823d,1754d228a3989e52684d6af90d9b71d6b8c4553973012134835ec3d505a3a666,a5ec9c6c48cf220adc8ab277a86054b521a7f1a1,bounded_validation,MOBIO,iomgrp_paper_specified,91831,91861,91867,30,random_key_pool_1,1,single_mlp,607,1.0,1.0,0.9999066091954022,0.007974137931034467,1.0,0.9875,1.0,1.0,118,True
results/scheme_followup_2026-09-18/MOBIO_iomgrp_paper_specified_split91831/random_key_pool_1/metrics.json,5e21720663d8dd3a340a7e9049675c04359404ad06428ac6858fba4f2afa9bf0,212c8c24a3d4710a572674310920c1500b29606db9e77a5b0c28ae891fc7823d,1754d228a3989e52684d6af90d9b71d6b8c4553973012134835ec3d505a3a666,a5ec9c6c48cf220adc8ab277a86054b521a7f1a1,bounded_validation,MOBIO,iomgrp_paper_specified,91831,91861,91867,30,random_key_pool_1,1,single_mlp,613,1.0,1.0,0.9997946599616858,0.0073994252873563066,0.9958333333333333,0.9708333333333333,1.0,1.0,119,True
results/scheme_followup_2026-09-18/MOBIO_iomgrp_paper_specified_split91831/random_key_pool_1/metrics.json,5e21720663d8dd3a340a7e9049675c04359404ad06428ac6858fba4f2afa9bf0,212c8c24a3d4710a572674310920c1500b29606db9e77a5b0c28ae891fc7823d,1754d228a3989e52684d6af90d9b71d6b8c4553973012134835ec3d505a3a666,a5ec9c6c48cf220adc8ab277a86054b521a7f1a1,bounded_validation,MOBIO,iomgrp_paper_specified,91831,91861,91867,30,random_key_pool_1,10,mean_mlp,601,1.0,1.0,0.9993827825670498,0.0161637931034483,0.9666666666666667,0.9666666666666667,1.0,1.0,120,True
results/scheme_followup_2026-09-18/MOBIO_iomgrp_paper_specified_split91831/random_key_pool_1/metrics.json,5e21720663d8dd3a340a7e9049675c04359404ad06428ac6858fba4f2afa9bf0,212c8c24a3d4710a572674310920c1500b29606db9e77a5b0c28ae891fc7823d,1754d228a3989e52684d6af90d9b71d6b8c4553973012134835ec3d505a3a666,a5ec9c6c48cf220adc8ab277a86054b521a7f1a1,bounded_validation,MOBIO,iomgrp_paper_specified,91831,91861,91867,30,random_key_pool_1,10,mean_mlp,607,1.0,1.0,0.9998712883141764,0.008405172413793089,0.9916666666666667,0.9666666666666667,1.0,1.0,120,True
results/scheme_followup_2026-09-18/MOBIO_iomgrp_paper_specified_split91831/random_key_pool_1/metrics.json,5e21720663d8dd3a340a7e9049675c04359404ad06428ac6858fba4f2afa9bf0,212c8c24a3d4710a572674310920c1500b29606db9e77a5b0c28ae891fc7823d,1754d228a3989e52684d6af90d9b71d6b8c4553973012134835ec3d505a3a666,a5ec9c6c48cf220adc8ab277a86054b521a7f1a1,bounded_validation,MOBIO,iomgrp_paper_specified,91831,91861,91867,30,random_key_pool_1,10,mean_mlp,613,1.0,1.0,0.9999084051724139,0.006609195402298836,1.0,0.9708333333333333,1.0,1.0,120,True
results/scheme_followup_2026-09-18/MOBIO_iomgrp_paper_specified_split91831/random_key_pool_1/metrics.json,5e21720663d8dd3a340a7e9049675c04359404ad06428ac6858fba4f2afa9bf0,212c8c24a3d4710a572674310920c1500b29606db9e77a5b0c28ae891fc7823d,1754d228a3989e52684d6af90d9b71d6b8c4553973012134835ec3d505a3a666,a5ec9c6c48cf220adc8ab277a86054b521a7f1a1,bounded_validation,MOBIO,iomgrp_paper_specified,91831,91861,91867,30,random_key_pool_1,10,deepsets,601,0.9666666666666667,0.9666666666666667,0.9895569923371648,0.024497126436781605,0.925,0.5666666666666667,0.9,1.0,60,True
results/scheme_followup_2026-09-18/MOBIO_iomgrp_paper_specified_split91831/random_key_pool_1/metrics.json,5e21720663d8dd3a340a7e9049675c04359404ad06428ac6858fba4f2afa9bf0,212c8c24a3d4710a572674310920c1500b29606db9e77a5b0c28ae891fc7823d,1754d228a3989e52684d6af90d9b71d6b8c4553973012134835ec3d505a3a666,a5ec9c6c48cf220adc8ab277a86054b521a7f1a1,bounded_validation,MOBIO,iomgrp_paper_specified,91831,91861,91867,30,random_key_pool_1,10,deepsets,607,0.9,1.0,0.9933656609195403,0.04224137931034481,0.9333333333333333,0.6375,0.7666666666666667,1.0,59,True
results/scheme_followup_2026-09-18/MOBIO_iomgrp_paper_specified_split91831/random_key_pool_1/metrics.json,5e21720663d8dd3a340a7e9049675c04359404ad06428ac6858fba4f2afa9bf0,212c8c24a3d4710a572674310920c1500b29606db9e77a5b0c28ae891fc7823d,1754d228a3989e52684d6af90d9b71d6b8c4553973012134835ec3d505a3a666,a5ec9c6c48cf220adc8ab277a86054b521a7f1a1,bounded_validation,MOBIO,iomgrp_paper_specified,91831,91861,91867,30,random_key_pool_1,10,deepsets,613,0.9291666666666667,0.9666666666666667,0.9882130028735632,0.03864942528735631,0.7666666666666667,0.6208333333333333,0.8291666666666667,1.0,55,True
results/scheme_followup_2026-09-18/MOBIO_iomgrp_paper_specified_split91831/random_key_pool_4/metrics.json,d055a060f0533cea0a79735495c9f59843e564f80384fcb42f64c085584a79e3,cad79105f4f2e276353f0440fec5877c61b8b3c196d2fd7d22ef7ded5a362c25,1754d228a3989e52684d6af90d9b71d6b8c4553973012134835ec3d505a3a666,a5ec9c6c48cf220adc8ab277a86054b521a7f1a1,bounded_validation,MOBIO,iomgrp_paper_specified,91831,91861,91867,30,random_key_pool_4,1,single_mlp,601,0.6083333333333333,0.9,0.9479232519157088,0.12923850574712642,0.4583333333333333,0.2916666666666667,0.5166666666666667,0.7001041666666661,118,True
results/scheme_followup_2026-09-18/MOBIO_iomgrp_paper_specified_split91831/random_key_pool_4/metrics.json,d055a060f0533cea0a79735495c9f59843e564f80384fcb42f64c085584a79e3,cad79105f4f2e276353f0440fec5877c61b8b3c196d2fd7d22ef7ded5a362c25,1754d228a3989e52684d6af90d9b71d6b8c4553973012134835ec3d505a3a666,a5ec9c6c48cf220adc8ab277a86054b521a7f1a1,bounded_validation,MOBIO,iomgrp_paper_specified,91831,91861,91867,30,random_key_pool_4,1,single_mlp,607,0.5166666666666667,0.8833333333333333,0.9295593869731802,0.1333333333333333,0.4166666666666667,0.18333333333333332,0.4125,0.625,119,True
results/scheme_followup_2026-09-18/MOBIO_iomgrp_paper_specified_split91831/random_key_pool_4/metrics.json,d055a060f0533cea0a79735495c9f59843e564f80384fcb42f64c085584a79e3,cad79105f4f2e276353f0440fec5877c61b8b3c196d2fd7d22ef7ded5a362c25,1754d228a3989e52684d6af90d9b71d6b8c4553973012134835ec3d505a3a666,a5ec9c6c48cf220adc8ab277a86054b521a7f1a1,bounded_validation,MOBIO,iomgrp_paper_specified,91831,91861,91867,30,random_key_pool_4,1,single_mlp,613,0.5791666666666667,0.8875,0.942322198275862,0.12959770114942526,0.44166666666666665,0.23333333333333334,0.4791666666666667,0.6791666666666667,112,True
results/scheme_followup_2026-09-18/MOBIO_iomgrp_paper_specified_split91831/random_key_pool_4/metrics.json,d055a060f0533cea0a79735495c9f59843e564f80384fcb42f64c085584a79e3,cad79105f4f2e276353f0440fec5877c61b8b3c196d2fd7d22ef7ded5a362c25,1754d228a3989e52684d6af90d9b71d6b8c4553973012134835ec3d505a3a666,a5ec9c6c48cf220adc8ab277a86054b521a7f1a1,bounded_validation,MOBIO,iomgrp_paper_specified,91831,91861,91867,30,random_key_pool_4,10,mean_mlp,601,0.925,1.0,0.9959303160919541,0.02564655172413794,0.8583333333333333,0.5125,0.8333333333333334,0.9958333333333333,119,True
results/scheme_followup_2026-09-18/MOBIO_iomgrp_paper_specified_split91831/random_key_pool_4/metrics.json,d055a060f0533cea0a79735495c9f59843e564f80384fcb42f64c085584a79e3,cad79105f4f2e276353f0440fec5877c61b8b3c196d2fd7d22ef7ded5a362c25,1754d228a3989e52684d6af90d9b71d6b8c4553973012134835ec3d505a3a666,a5ec9c6c48cf220adc8ab277a86054b521a7f1a1,bounded_validation,MOBIO,iomgrp_paper_specified,91831,91861,91867,30,random_key_pool_4,10,mean_mlp,607,0.95,1.0,0.9958506944444444,0.029238505747126442,0.875,0.6458333333333334,0.8708333333333333,1.0,117,True
results/scheme_followup_2026-09-18/MOBIO_iomgrp_paper_specified_split91831/random_key_pool_4/metrics.json,d055a060f0533cea0a79735495c9f59843e564f80384fcb42f64c085584a79e3,cad79105f4f2e276353f0440fec5877c61b8b3c196d2fd7d22ef7ded5a362c25,1754d228a3989e52684d6af90d9b71d6b8c4553973012134835ec3d505a3a666,a5ec9c6c48cf220adc8ab277a86054b521a7f1a1,bounded_validation,MOBIO,iomgrp_paper_specified,91831,91861,91867,30,random_key_pool_4,10,mean_mlp,613,0.95,1.0,0.9974527059386973,0.024856321839080472,0.9458333333333333,0.5583333333333333,0.875,1.0,106,True
results/scheme_followup_2026-09-18/MOBIO_iomgrp_paper_specified_split91831/random_key_pool_4/metrics.json,d055a060f0533cea0a79735495c9f59843e564f80384fcb42f64c085584a79e3,cad79105f4f2e276353f0440fec5877c61b8b3c196d2fd7d22ef7ded5a362c25,1754d228a3989e52684d6af90d9b71d6b8c4553973012134835ec3d505a3a666,a5ec9c6c48cf220adc8ab277a86054b521a7f1a1,bounded_validation,MOBIO,iomgrp_paper_specified,91831,91861,91867,30,random_key_pool_4,10,deepsets,601,0.7791666666666667,0.9666666666666667,0.9623198036398467,0.10158045977011493,0.6208333333333333,0.4166666666666667,0.6291666666666667,0.9083333333333333,55,True
results/scheme_followup_2026-09-18/MOBIO_iomgrp_paper_specified_split91831/random_key_pool_4/metrics.json,d055a060f0533cea0a79735495c9f59843e564f80384fcb42f64c085584a79e3,cad79105f4f2e276353f0440fec5877c61b8b3c196d2fd7d22ef7ded5a362c25,1754d228a3989e52684d6af90d9b71d6b8c4553973012134835ec3d505a3a666,a5ec9c6c48cf220adc8ab277a86054b521a7f1a1,bounded_validation,MOBIO,iomgrp_paper_specified,91831,91861,91867,30,random_key_pool_4,10,deepsets,607,0.7416666666666667,0.9041666666666667,0.9585063457854406,0.10876436781609193,0.6208333333333333,0.375,0.5875,0.8833333333333333,72,True
results/scheme_followup_2026-09-18/MOBIO_iomgrp_paper_specified_split91831/random_key_pool_4/metrics.json,d055a060f0533cea0a79735495c9f59843e564f80384fcb42f64c085584a79e3,cad79105f4f2e276353f0440fec5877c61b8b3c196d2fd7d22ef7ded5a362c25,1754d228a3989e52684d6af90d9b71d6b8c4553973012134835ec3d505a3a666,a5ec9c6c48cf220adc8ab277a86054b521a7f1a1,bounded_validation,MOBIO,iomgrp_paper_specified,91831,91861,91867,30,random_key_pool_4,10,deepsets,613,0.5708333333333333,0.8375,0.9265367576628352,0.1313936781609195,0.525,0.3,0.4,0.7417708333333328,58,True
results/scheme_followup_2026-09-18/MOBIO_iomgrp_paper_specified_split91843/independent_unseen_keys/metrics.json,f3133fd42f6d1aa9f96cd14aef2d8c5feebe1ff54799441e9eddf5bf37266022,8a623c1e4928342f403a85876cf5c73865e6541a13211c2a2eda8ba441a4edd3,1754d228a3989e52684d6af90d9b71d6b8c4553973012134835ec3d505a3a666,a5ec9c6c48cf220adc8ab277a86054b521a7f1a1,bounded_validation,MOBIO,iomgrp_paper_specified,91843,91861,91867,30,independent_unseen_keys,1,single_mlp,601,0.029166666666666667,0.20833333333333334,0.5018803879310345,0.49173850574712646,0.020833333333333332,0.0,0.0,0.075,4,True
results/scheme_followup_2026-09-18/MOBIO_iomgrp_paper_specified_split91843/independent_unseen_keys/metrics.json,f3133fd42f6d1aa9f96cd14aef2d8c5feebe1ff54799441e9eddf5bf37266022,8a623c1e4928342f403a85876cf5c73865e6541a13211c2a2eda8ba441a4edd3,1754d228a3989e52684d6af90d9b71d6b8c4553973012134835ec3d505a3a666,a5ec9c6c48cf220adc8ab277a86054b521a7f1a1,bounded_validation,MOBIO,iomgrp_paper_specified,91843,91861,91867,30,independent_unseen_keys,1,single_mlp,607,0.025,0.17916666666666667,0.5050299329501915,0.48326149425287357,0.0125,0.0,0.004166666666666667,0.05,4,True
results/scheme_followup_2026-09-18/MOBIO_iomgrp_paper_specified_split91843/independent_unseen_keys/metrics.json,f3133fd42f6d1aa9f96cd14aef2d8c5feebe1ff54799441e9eddf5bf37266022,8a623c1e4928342f403a85876cf5c73865e6541a13211c2a2eda8ba441a4edd3,1754d228a3989e52684d6af90d9b71d6b8c4553973012134835ec3d505a3a666,a5ec9c6c48cf220adc8ab277a86054b521a7f1a1,bounded_validation,MOBIO,iomgrp_paper_specified,91843,91861,91867,30,independent_unseen_keys,1,single_mlp,613,0.0375,0.15,0.49192708333333324,0.5103448275862068,0.016666666666666666,0.0,0.008333333333333333,0.075,4,True
results/scheme_followup_2026-09-18/MOBIO_iomgrp_paper_specified_split91843/independent_unseen_keys/metrics.json,f3133fd42f6d1aa9f96cd14aef2d8c5feebe1ff54799441e9eddf5bf37266022,8a623c1e4928342f403a85876cf5c73865e6541a13211c2a2eda8ba441a4edd3,1754d228a3989e52684d6af90d9b71d6b8c4553973012134835ec3d505a3a666,a5ec9c6c48cf220adc8ab277a86054b521a7f1a1,bounded_validation,MOBIO,iomgrp_paper_specified,91843,91861,91867,30,independent_unseen_keys,10,mean_mlp,601,0.03333333333333333,0.1625,0.499066091954023,0.4959051724137931,0.029166666666666667,0.0,0.0,0.1,6,True
results/scheme_followup_2026-09-18/MOBIO_iomgrp_paper_specified_split91843/independent_unseen_keys/metrics.json,f3133fd42f6d1aa9f96cd14aef2d8c5feebe1ff54799441e9eddf5bf37266022,8a623c1e4928342f403a85876cf5c73865e6541a13211c2a2eda8ba441a4edd3,1754d228a3989e52684d6af90d9b71d6b8c4553973012134835ec3d505a3a666,a5ec9c6c48cf220adc8ab277a86054b521a7f1a1,bounded_validation,MOBIO,iomgrp_paper_specified,91843,91861,91867,30,independent_unseen_keys,10,mean_mlp,607,0.03333333333333333,0.19583333333333333,0.4891391283524904,0.4997844827586207,0.0,0.0,0.0,0.1,6,True
results/scheme_followup_2026-09-18/MOBIO_iomgrp_paper_specified_split91843/independent_unseen_keys/metrics.json,f3133fd42f6d1aa9f96cd14aef2d8c5feebe1ff54799441e9eddf5bf37266022,8a623c1e4928342f403a85876cf5c73865e6541a13211c2a2eda8ba441a4edd3,1754d228a3989e52684d6af90d9b71d6b8c4553973012134835ec3d505a3a666,a5ec9c6c48cf220adc8ab277a86054b521a7f1a1,bounded_validation,MOBIO,iomgrp_paper_specified,91843,91861,91867,30,independent_unseen_keys,10,mean_mlp,613,0.03333333333333333,0.2,0.4923293821839081,0.5165948275862069,0.03333333333333333,0.0,0.0,0.1,6,True
results/scheme_followup_2026-09-18/MOBIO_iomgrp_paper_specified_split91843/independent_unseen_keys/metrics.json,f3133fd42f6d1aa9f96cd14aef2d8c5feebe1ff54799441e9eddf5bf37266022,8a623c1e4928342f403a85876cf5c73865e6541a13211c2a2eda8ba441a4edd3,1754d228a3989e52684d6af90d9b71d6b8c4553973012134835ec3d505a3a666,a5ec9c6c48cf220adc8ab277a86054b521a7f1a1,bounded_validation,MOBIO,iomgrp_paper_specified,91843,91861,91867,30,independent_unseen_keys,10,deepsets,601,0.03333333333333333,0.16666666666666666,0.49699413314176244,0.4933908045977011,0.03333333333333333,0.0125,0.0,0.1,9,True
results/scheme_followup_2026-09-18/MOBIO_iomgrp_paper_specified_split91843/independent_unseen_keys/metrics.json,f3133fd42f6d1aa9f96cd14aef2d8c5feebe1ff54799441e9eddf5bf37266022,8a623c1e4928342f403a85876cf5c73865e6541a13211c2a2eda8ba441a4edd3,1754d228a3989e52684d6af90d9b71d6b8c4553973012134835ec3d505a3a666,a5ec9c6c48cf220adc8ab277a86054b521a7f1a1,bounded_validation,MOBIO,iomgrp_paper_specified,91843,91861,91867,30,independent_unseen_keys,10,deepsets,607,0.03333333333333333,0.16666666666666666,0.49443306992337166,0.503448275862069,0.0,0.0,0.0,0.1,11,True
results/scheme_followup_2026-09-18/MOBIO_iomgrp_paper_specified_split91843/independent_unseen_keys/metrics.json,f3133fd42f6d1aa9f96cd14aef2d8c5feebe1ff54799441e9eddf5bf37266022,8a623c1e4928342f403a85876cf5c73865e6541a13211c2a2eda8ba441a4edd3,1754d228a3989e52684d6af90d9b71d6b8c4553973012134835ec3d505a3a666,a5ec9c6c48cf220adc8ab277a86054b521a7f1a1,bounded_validation,MOBIO,iomgrp_paper_specified,91843,91861,91867,30,independent_unseen_keys,10,deepsets,613,0.03333333333333333,0.16666666666666666,0.5033608716475095,0.49626436781609196,0.008333333333333333,0.0,0.0,0.1,9,True
results/scheme_followup_2026-09-18/MOBIO_iomgrp_paper_specified_split91843/random_key_pool_1/metrics.json,dc296f16bac59a65f7a51bc21f64a2db2e900e9bd2aabccdf263f732888505e9,bac1caed8b758d137f894a4843d0f5297a1eaf1f9cf28260963d853ebadfa9d6,1754d228a3989e52684d6af90d9b71d6b8c4553973012134835ec3d505a3a666,a5ec9c6c48cf220adc8ab277a86054b521a7f1a1,bounded_validation,MOBIO,iomgrp_paper_specified,91843,91861,91867,30,random_key_pool_1,1,single_mlp,601,0.9875,1.0,0.999701269157088,0.005172413793103441,0.9958333333333333,0.925,0.9666666666666667,1.0,118,True
results/scheme_followup_2026-09-18/MOBIO_iomgrp_paper_specified_split91843/random_key_pool_1/metrics.json,dc296f16bac59a65f7a51bc21f64a2db2e900e9bd2aabccdf263f732888505e9,bac1caed8b758d137f894a4843d0f5297a1eaf1f9cf28260963d853ebadfa9d6,1754d228a3989e52684d6af90d9b71d6b8c4553973012134835ec3d505a3a666,a5ec9c6c48cf220adc8ab277a86054b521a7f1a1,bounded_validation,MOBIO,iomgrp_paper_specified,91843,91861,91867,30,random_key_pool_1,1,single_mlp,607,0.9833333333333333,1.0,0.9992247365900383,0.01558908045977014,0.9708333333333333,0.8875,0.9625,1.0,120,True
results/scheme_followup_2026-09-18/MOBIO_iomgrp_paper_specified_split91843/random_key_pool_1/metrics.json,dc296f16bac59a65f7a51bc21f64a2db2e900e9bd2aabccdf263f732888505e9,bac1caed8b758d137f894a4843d0f5297a1eaf1f9cf28260963d853ebadfa9d6,1754d228a3989e52684d6af90d9b71d6b8c4553973012134835ec3d505a3a666,a5ec9c6c48cf220adc8ab277a86054b521a7f1a1,bounded_validation,MOBIO,iomgrp_paper_specified,91843,91861,91867,30,random_key_pool_1,1,single_mlp,613,0.9958333333333333,1.0,0.9988020833333333,0.012499999999999978,0.9875,0.8916666666666667,0.9875,1.0,116,True
results/scheme_followup_2026-09-18/MOBIO_iomgrp_paper_specified_split91843/random_key_pool_1/metrics.json,dc296f16bac59a65f7a51bc21f64a2db2e900e9bd2aabccdf263f732888505e9,bac1caed8b758d137f894a4843d0f5297a1eaf1f9cf28260963d853ebadfa9d6,1754d228a3989e52684d6af90d9b71d6b8c4553973012134835ec3d505a3a666,a5ec9c6c48cf220adc8ab277a86054b521a7f1a1,bounded_validation,MOBIO,iomgrp_paper_specified,91843,91861,91867,30,random_key_pool_1,10,mean_mlp,601,1.0,1.0,0.9998605124521072,0.001293103448275862,1.0,0.9333333333333333,1.0,1.0,120,True
results/scheme_followup_2026-09-18/MOBIO_iomgrp_paper_specified_split91843/random_key_pool_1/metrics.json,dc296f16bac59a65f7a51bc21f64a2db2e900e9bd2aabccdf263f732888505e9,bac1caed8b758d137f894a4843d0f5297a1eaf1f9cf28260963d853ebadfa9d6,1754d228a3989e52684d6af90d9b71d6b8c4553973012134835ec3d505a3a666,a5ec9c6c48cf220adc8ab277a86054b521a7f1a1,bounded_validation,MOBIO,iomgrp_paper_specified,91843,91861,91867,30,random_key_pool_1,10,mean_mlp,607,1.0,1.0,0.999580938697318,0.00919540229885056,0.9875,0.9,1.0,1.0,120,True
results/scheme_followup_2026-09-18/MOBIO_iomgrp_paper_specified_split91843/random_key_pool_1/metrics.json,dc296f16bac59a65f7a51bc21f64a2db2e900e9bd2aabccdf263f732888505e9,bac1caed8b758d137f894a4843d0f5297a1eaf1f9cf28260963d853ebadfa9d6,1754d228a3989e52684d6af90d9b71d6b8c4553973012134835ec3d505a3a666,a5ec9c6c48cf220adc8ab277a86054b521a7f1a1,bounded_validation,MOBIO,iomgrp_paper_specified,91843,91861,91867,30,random_key_pool_1,10,mean_mlp,613,1.0,1.0,0.9997713122605364,0.0017241379310344827,1.0,0.9291666666666667,1.0,1.0,120,True
results/scheme_followup_2026-09-18/MOBIO_iomgrp_paper_specified_split91843/random_key_pool_1/metrics.json,dc296f16bac59a65f7a51bc21f64a2db2e900e9bd2aabccdf263f732888505e9,bac1caed8b758d137f894a4843d0f5297a1eaf1f9cf28260963d853ebadfa9d6,1754d228a3989e52684d6af90d9b71d6b8c4553973012134835ec3d505a3a666,a5ec9c6c48cf220adc8ab277a86054b521a7f1a1,bounded_validation,MOBIO,iomgrp_paper_specified,91843,91861,91867,30,random_key_pool_1,10,deepsets,601,0.9291666666666667,0.9958333333333333,0.9891361350574712,0.03362068965517241,0.8833333333333333,0.5708333333333333,0.8291666666666667,1.0,45,True
results/scheme_followup_2026-09-18/MOBIO_iomgrp_paper_specified_split91843/random_key_pool_1/metrics.json,dc296f16bac59a65f7a51bc21f64a2db2e900e9bd2aabccdf263f732888505e9,bac1caed8b758d137f894a4843d0f5297a1eaf1f9cf28260963d853ebadfa9d6,1754d228a3989e52684d6af90d9b71d6b8c4553973012134835ec3d505a3a666,a5ec9c6c48cf220adc8ab277a86054b521a7f1a1,bounded_validation,MOBIO,iomgrp_paper_specified,91843,91861,91867,30,random_key_pool_1,10,deepsets,607,0.9333333333333333,0.9666666666666667,0.9878556034482759,0.082183908045977,0.8333333333333334,0.675,0.8333333333333334,1.0,49,True
results/scheme_followup_2026-09-18/MOBIO_iomgrp_paper_specified_split91843/random_key_pool_1/metrics.json,dc296f16bac59a65f7a51bc21f64a2db2e900e9bd2aabccdf263f732888505e9,bac1caed8b758d137f894a4843d0f5297a1eaf1f9cf28260963d853ebadfa9d6,1754d228a3989e52684d6af90d9b71d6b8c4553973012134835ec3d505a3a666,a5ec9c6c48cf220adc8ab277a86054b521a7f1a1,bounded_validation,MOBIO,iomgrp_paper_specified,91843,91861,91867,30,random_key_pool_1,10,deepsets,613,0.9791666666666666,1.0,0.9980932710727969,0.021839080459770135,0.9666666666666667,0.7666666666666667,0.9375,1.0,79,True
results/scheme_followup_2026-09-18/MOBIO_iomgrp_paper_specified_split91843/random_key_pool_4/metrics.json,666ab56ecd16c89c66c0f8166ab1263a129794f8d30eb21e4eb152a9f4ca516e,57acbaf68ea89401d5279731cc707e55f70279f3db4b9d517af23ab0831e43f1,1754d228a3989e52684d6af90d9b71d6b8c4553973012134835ec3d505a3a666,a5ec9c6c48cf220adc8ab277a86054b521a7f1a1,bounded_validation,MOBIO,iomgrp_paper_specified,91843,91861,91867,30,random_key_pool_4,1,single_mlp,601,0.5083333333333333,0.8666666666666667,0.9277747844827587,0.1374281609195402,0.425,0.125,0.3958333333333333,0.6166666666666667,118,True
results/scheme_followup_2026-09-18/MOBIO_iomgrp_paper_specified_split91843/random_key_pool_4/metrics.json,666ab56ecd16c89c66c0f8166ab1263a129794f8d30eb21e4eb152a9f4ca516e,57acbaf68ea89401d5279731cc707e55f70279f3db4b9d517af23ab0831e43f1,1754d228a3989e52684d6af90d9b71d6b8c4553973012134835ec3d505a3a666,a5ec9c6c48cf220adc8ab277a86054b521a7f1a1,bounded_validation,MOBIO,iomgrp_paper_specified,91843,91861,91867,30,random_key_pool_4,1,single_mlp,607,0.5,0.8291666666666667,0.9228975095785441,0.1416666666666667,0.4,0.2125,0.3958333333333333,0.6041666666666666,119,True
results/scheme_followup_2026-09-18/MOBIO_iomgrp_paper_specified_split91843/random_key_pool_4/metrics.json,666ab56ecd16c89c66c0f8166ab1263a129794f8d30eb21e4eb152a9f4ca516e,57acbaf68ea89401d5279731cc707e55f70279f3db4b9d517af23ab0831e43f1,1754d228a3989e52684d6af90d9b71d6b8c4553973012134835ec3d505a3a666,a5ec9c6c48cf220adc8ab277a86054b521a7f1a1,bounded_validation,MOBIO,iomgrp_paper_specified,91843,91861,91867,30,random_key_pool_4,1,single_mlp,613,0.6,0.8708333333333333,0.935138888888889,0.14173850574712646,0.4875,0.2125,0.5,0.7,112,True
results/scheme_followup_2026-09-18/MOBIO_iomgrp_paper_specified_split91843/random_key_pool_4/metrics.json,666ab56ecd16c89c66c0f8166ab1263a129794f8d30eb21e4eb152a9f4ca516e,57acbaf68ea89401d5279731cc707e55f70279f3db4b9d517af23ab0831e43f1,1754d228a3989e52684d6af90d9b71d6b8c4553973012134835ec3d505a3a666,a5ec9c6c48cf220adc8ab277a86054b521a7f1a1,bounded_validation,MOBIO,iomgrp_paper_specified,91843,91861,91867,30,random_key_pool_4,10,mean_mlp,601,0.9416666666666667,1.0,0.9966552921455938,0.03469827586206896,0.9333333333333333,0.8541666666666666,0.8541666666666666,1.0,116,True
results/scheme_followup_2026-09-18/MOBIO_iomgrp_paper_specified_split91843/random_key_pool_4/metrics.json,666ab56ecd16c89c66c0f8166ab1263a129794f8d30eb21e4eb152a9f4ca516e,57acbaf68ea89401d5279731cc707e55f70279f3db4b9d517af23ab0831e43f1,1754d228a3989e52684d6af90d9b71d6b8c4553973012134835ec3d505a3a666,a5ec9c6c48cf220adc8ab277a86054b521a7f1a1,bounded_validation,MOBIO,iomgrp_paper_specified,91843,91861,91867,30,random_key_pool_4,10,mean_mlp,607,0.9333333333333333,0.975,0.9904232519157088,0.06666666666666665,0.8958333333333334,0.6666666666666666,0.8333333333333334,1.0,119,True
results/scheme_followup_2026-09-18/MOBIO_iomgrp_paper_specified_split91843/random_key_pool_4/metrics.json,666ab56ecd16c89c66c0f8166ab1263a129794f8d30eb21e4eb152a9f4ca516e,57acbaf68ea89401d5279731cc707e55f70279f3db4b9d517af23ab0831e43f1,1754d228a3989e52684d6af90d9b71d6b8c4553973012134835ec3d505a3a666,a5ec9c6c48cf220adc8ab277a86054b521a7f1a1,bounded_validation,MOBIO,iomgrp_paper_specified,91843,91861,91867,30,random_key_pool_4,10,mean_mlp,613,0.9583333333333334,0.9916666666666667,0.9969552203065135,0.03318965517241379,0.9583333333333334,0.7916666666666666,0.8833333333333333,1.0,118,True
results/scheme_followup_2026-09-18/MOBIO_iomgrp_paper_specified_split91843/random_key_pool_4/metrics.json,666ab56ecd16c89c66c0f8166ab1263a129794f8d30eb21e4eb152a9f4ca516e,57acbaf68ea89401d5279731cc707e55f70279f3db4b9d517af23ab0831e43f1,1754d228a3989e52684d6af90d9b71d6b8c4553973012134835ec3d505a3a666,a5ec9c6c48cf220adc8ab277a86054b521a7f1a1,bounded_validation,MOBIO,iomgrp_paper_specified,91843,91861,91867,30,random_key_pool_4,10,deepsets,601,0.6583333333333333,0.8958333333333334,0.9464260057471264,0.1311781609195402,0.5625,0.2916666666666667,0.48333333333333334,0.8083333333333333,40,True
results/scheme_followup_2026-09-18/MOBIO_iomgrp_paper_specified_split91843/random_key_pool_4/metrics.json,666ab56ecd16c89c66c0f8166ab1263a129794f8d30eb21e4eb152a9f4ca516e,57acbaf68ea89401d5279731cc707e55f70279f3db4b9d517af23ab0831e43f1,1754d228a3989e52684d6af90d9b71d6b8c4553973012134835ec3d505a3a666,a5ec9c6c48cf220adc8ab277a86054b521a7f1a1,bounded_validation,MOBIO,iomgrp_paper_specified,91843,91861,91867,30,random_key_pool_4,10,deepsets,607,0.5041666666666667,0.8625,0.9208213601532568,0.14777298850574716,0.44583333333333336,0.22916666666666666,0.3458333333333333,0.6666666666666666,42,True
results/scheme_followup_2026-09-18/MOBIO_iomgrp_paper_specified_split91843/random_key_pool_4/metrics.json,666ab56ecd16c89c66c0f8166ab1263a129794f8d30eb21e4eb152a9f4ca516e,57acbaf68ea89401d5279731cc707e55f70279f3db4b9d517af23ab0831e43f1,1754d228a3989e52684d6af90d9b71d6b8c4553973012134835ec3d505a3a666,a5ec9c6c48cf220adc8ab277a86054b521a7f1a1,bounded_validation,MOBIO,iomgrp_paper_specified,91843,91861,91867,30,random_key_pool_4,10,deepsets,613,0.7708333333333334,0.95,0.958653615900383,0.09978448275862067,0.6708333333333333,0.4125,0.6207291666666669,0.9084374999999995,38,True
results/scheme_followup_2026-09-18/MOBIO_polyprotect_paper_specified_split91831/independent_unseen_keys/metrics.json,a004085d01f541664bcf5db268403a7a099fd39ad1e0404eb4a776929eb3c7fa,0469c9ee290a2ccc6f9b609aade4096aff6a20d6f591bdd18e4b471156c634ea,1754d228a3989e52684d6af90d9b71d6b8c4553973012134835ec3d505a3a666,a5ec9c6c48cf220adc8ab277a86054b521a7f1a1,bounded_validation,MOBIO,polyprotect_paper_specified,91831,91861,91867,30,independent_unseen_keys,1,single_mlp,601,0.04583333333333333,0.13333333333333333,0.4976664272030652,0.5125718390804597,0.016666666666666666,0.008333333333333333,0.0,0.11666666666666667,15,True
results/scheme_followup_2026-09-18/MOBIO_polyprotect_paper_specified_split91831/independent_unseen_keys/metrics.json,a004085d01f541664bcf5db268403a7a099fd39ad1e0404eb4a776929eb3c7fa,0469c9ee290a2ccc6f9b609aade4096aff6a20d6f591bdd18e4b471156c634ea,1754d228a3989e52684d6af90d9b71d6b8c4553973012134835ec3d505a3a666,a5ec9c6c48cf220adc8ab277a86054b521a7f1a1,bounded_validation,MOBIO,polyprotect_paper_specified,91831,91861,91867,30,independent_unseen_keys,1,single_mlp,607,0.0375,0.12916666666666668,0.509694683908046,0.4834770114942528,0.004166666666666667,0.0,0.0,0.09166666666666666,14,True
results/scheme_followup_2026-09-18/MOBIO_polyprotect_paper_specified_split91831/independent_unseen_keys/metrics.json,a004085d01f541664bcf5db268403a7a099fd39ad1e0404eb4a776929eb3c7fa,0469c9ee290a2ccc6f9b609aade4096aff6a20d6f591bdd18e4b471156c634ea,1754d228a3989e52684d6af90d9b71d6b8c4553973012134835ec3d505a3a666,a5ec9c6c48cf220adc8ab277a86054b521a7f1a1,bounded_validation,MOBIO,polyprotect_paper_specified,91831,91861,91867,30,independent_unseen_keys,1,single_mlp,613,0.041666666666666664,0.1625,0.5245468151340995,0.4625,0.008333333333333333,0.0,0.0,0.10833333333333334,14,True
results/scheme_followup_2026-09-18/MOBIO_polyprotect_paper_specified_split91831/independent_unseen_keys/metrics.json,a004085d01f541664bcf5db268403a7a099fd39ad1e0404eb4a776929eb3c7fa,0469c9ee290a2ccc6f9b609aade4096aff6a20d6f591bdd18e4b471156c634ea,1754d228a3989e52684d6af90d9b71d6b8c4553973012134835ec3d505a3a666,a5ec9c6c48cf220adc8ab277a86054b521a7f1a1,bounded_validation,MOBIO,polyprotect_paper_specified,91831,91861,91867,30,independent_unseen_keys,10,mean_mlp,601,0.029166666666666667,0.17916666666666667,0.5185374760536399,0.49992816091954023,0.0,0.0,0.0,0.08333333333333333,11,True
results/scheme_followup_2026-09-18/MOBIO_polyprotect_paper_specified_split91831/independent_unseen_keys/metrics.json,a004085d01f541664bcf5db268403a7a099fd39ad1e0404eb4a776929eb3c7fa,0469c9ee290a2ccc6f9b609aade4096aff6a20d6f591bdd18e4b471156c634ea,1754d228a3989e52684d6af90d9b71d6b8c4553973012134835ec3d505a3a666,a5ec9c6c48cf220adc8ab277a86054b521a7f1a1,bounded_validation,MOBIO,polyprotect_paper_specified,91831,91861,91867,30,independent_unseen_keys,10,mean_mlp,607,0.041666666666666664,0.1375,0.4970462164750958,0.4834051724137931,0.004166666666666667,0.0,0.0,0.1125,10,True
results/scheme_followup_2026-09-18/MOBIO_polyprotect_paper_specified_split91831/independent_unseen_keys/metrics.json,a004085d01f541664bcf5db268403a7a099fd39ad1e0404eb4a776929eb3c7fa,0469c9ee290a2ccc6f9b609aade4096aff6a20d6f591bdd18e4b471156c634ea,1754d228a3989e52684d6af90d9b71d6b8c4553973012134835ec3d505a3a666,a5ec9c6c48cf220adc8ab277a86054b521a7f1a1,bounded_validation,MOBIO,polyprotect_paper_specified,91831,91861,91867,30,independent_unseen_keys,10,mean_mlp,613,0.020833333333333332,0.2,0.526292504789272,0.49992816091954023,0.0125,0.0,0.0,0.04583333333333333,11,True
results/scheme_followup_2026-09-18/MOBIO_polyprotect_paper_specified_split91831/independent_unseen_keys/metrics.json,a004085d01f541664bcf5db268403a7a099fd39ad1e0404eb4a776929eb3c7fa,0469c9ee290a2ccc6f9b609aade4096aff6a20d6f591bdd18e4b471156c634ea,1754d228a3989e52684d6af90d9b71d6b8c4553973012134835ec3d505a3a666,a5ec9c6c48cf220adc8ab277a86054b521a7f1a1,bounded_validation,MOBIO,polyprotect_paper_specified,91831,91861,91867,30,independent_unseen_keys,10,deepsets,601,0.03333333333333333,0.16666666666666666,0.49437978927203063,0.482183908045977,0.004166666666666667,0.0,0.0,0.1,10,True
results/scheme_followup_2026-09-18/MOBIO_polyprotect_paper_specified_split91831/independent_unseen_keys/metrics.json,a004085d01f541664bcf5db268403a7a099fd39ad1e0404eb4a776929eb3c7fa,0469c9ee290a2ccc6f9b609aade4096aff6a20d6f591bdd18e4b471156c634ea,1754d228a3989e52684d6af90d9b71d6b8c4553973012134835ec3d505a3a666,a5ec9c6c48cf220adc8ab277a86054b521a7f1a1,bounded_validation,MOBIO,polyprotect_paper_specified,91831,91861,91867,30,independent_unseen_keys,10,deepsets,607,0.03333333333333333,0.16666666666666666,0.5097701149425288,0.49511494252873567,0.0,0.0,0.0,0.1,12,True
results/scheme_followup_2026-09-18/MOBIO_polyprotect_paper_specified_split91831/independent_unseen_keys/metrics.json,a004085d01f541664bcf5db268403a7a099fd39ad1e0404eb4a776929eb3c7fa,0469c9ee290a2ccc6f9b609aade4096aff6a20d6f591bdd18e4b471156c634ea,1754d228a3989e52684d6af90d9b71d6b8c4553973012134835ec3d505a3a666,a5ec9c6c48cf220adc8ab277a86054b521a7f1a1,bounded_validation,MOBIO,polyprotect_paper_specified,91831,91861,91867,30,independent_unseen_keys,10,deepsets,613,0.03333333333333333,0.16666666666666666,0.49612966954022986,0.5129310344827587,0.025,0.0,0.0,0.1,11,True
results/scheme_followup_2026-09-18/MOBIO_polyprotect_paper_specified_split91831/random_key_pool_1/metrics.json,2031411249db77415c20ea81d807a6d10bed53b70302bdd70184d5957a66344b,9b11fbedad46a1e90edd8e79203ed57dc5f83bbab21e51ee22751e264c922e56,1754d228a3989e52684d6af90d9b71d6b8c4553973012134835ec3d505a3a666,a5ec9c6c48cf220adc8ab277a86054b521a7f1a1,bounded_validation,MOBIO,polyprotect_paper_specified,91831,91861,91867,30,random_key_pool_1,1,single_mlp,601,0.9708333333333333,1.0,0.9984153496168582,0.016810344827586234,0.9458333333333333,0.85,0.925,1.0,120,True
results/scheme_followup_2026-09-18/MOBIO_polyprotect_paper_specified_split91831/random_key_pool_1/metrics.json,2031411249db77415c20ea81d807a6d10bed53b70302bdd70184d5957a66344b,9b11fbedad46a1e90edd8e79203ed57dc5f83bbab21e51ee22751e264c922e56,1754d228a3989e52684d6af90d9b71d6b8c4553973012134835ec3d505a3a666,a5ec9c6c48cf220adc8ab277a86054b521a7f1a1,bounded_validation,MOBIO,polyprotect_paper_specified,91831,91861,91867,30,random_key_pool_1,1,single_mlp,607,0.9833333333333333,1.0,0.9990720785440612,0.01666666666666669,0.9708333333333333,0.9,0.9541666666666667,1.0,120,True
results/scheme_followup_2026-09-18/MOBIO_polyprotect_paper_specified_split91831/random_key_pool_1/metrics.json,2031411249db77415c20ea81d807a6d10bed53b70302bdd70184d5957a66344b,9b11fbedad46a1e90edd8e79203ed57dc5f83bbab21e51ee22751e264c922e56,1754d228a3989e52684d6af90d9b71d6b8c4553973012134835ec3d505a3a666,a5ec9c6c48cf220adc8ab277a86054b521a7f1a1,bounded_validation,MOBIO,polyprotect_paper_specified,91831,91861,91867,30,random_key_pool_1,1,single_mlp,613,0.9958333333333333,1.0,0.9991570881226054,0.012499999999999978,0.9875,0.9166666666666666,0.9875,1.0,120,True
results/scheme_followup_2026-09-18/MOBIO_polyprotect_paper_specified_split91831/random_key_pool_1/metrics.json,2031411249db77415c20ea81d807a6d10bed53b70302bdd70184d5957a66344b,9b11fbedad46a1e90edd8e79203ed57dc5f83bbab21e51ee22751e264c922e56,1754d228a3989e52684d6af90d9b71d6b8c4553973012134835ec3d505a3a666,a5ec9c6c48cf220adc8ab277a86054b521a7f1a1,bounded_validation,MOBIO,polyprotect_paper_specified,91831,91861,91867,30,random_key_pool_1,10,mean_mlp,601,0.8708333333333333,1.0,0.9910500478927203,0.0574712643678161,0.8083333333333333,0.5958333333333333,0.7375,0.9708333333333333,120,True
results/scheme_followup_2026-09-18/MOBIO_polyprotect_paper_specified_split91831/random_key_pool_1/metrics.json,2031411249db77415c20ea81d807a6d10bed53b70302bdd70184d5957a66344b,9b11fbedad46a1e90edd8e79203ed57dc5f83bbab21e51ee22751e264c922e56,1754d228a3989e52684d6af90d9b71d6b8c4553973012134835ec3d505a3a666,a5ec9c6c48cf220adc8ab277a86054b521a7f1a1,bounded_validation,MOBIO,polyprotect_paper_specified,91831,91861,91867,30,random_key_pool_1,10,mean_mlp,607,0.8916666666666667,0.9666666666666667,0.9797629310344826,0.041091954022988486,0.8,0.6041666666666666,0.7916666666666666,0.9916666666666667,120,True
results/scheme_followup_2026-09-18/MOBIO_polyprotect_paper_specified_split91831/random_key_pool_1/metrics.json,2031411249db77415c20ea81d807a6d10bed53b70302bdd70184d5957a66344b,9b11fbedad46a1e90edd8e79203ed57dc5f83bbab21e51ee22751e264c922e56,1754d228a3989e52684d6af90d9b71d6b8c4553973012134835ec3d505a3a666,a5ec9c6c48cf220adc8ab277a86054b521a7f1a1,bounded_validation,MOBIO,polyprotect_paper_specified,91831,91861,91867,30,random_key_pool_1,10,mean_mlp,613,0.8666666666666667,0.9666666666666667,0.9885668103448275,0.0581896551724138,0.875,0.6208333333333333,0.7333333333333333,0.9666666666666667,120,True
results/scheme_followup_2026-09-18/MOBIO_polyprotect_paper_specified_split91831/random_key_pool_1/metrics.json,2031411249db77415c20ea81d807a6d10bed53b70302bdd70184d5957a66344b,9b11fbedad46a1e90edd8e79203ed57dc5f83bbab21e51ee22751e264c922e56,1754d228a3989e52684d6af90d9b71d6b8c4553973012134835ec3d505a3a666,a5ec9c6c48cf220adc8ab277a86054b521a7f1a1,bounded_validation,MOBIO,polyprotect_paper_specified,91831,91861,91867,30,random_key_pool_1,10,deepsets,601,0.7,0.9041666666666667,0.9640361590038313,0.10337643678160918,0.6375,0.3,0.5333333333333333,0.8333333333333334,120,True
results/scheme_followup_2026-09-18/MOBIO_polyprotect_paper_specified_split91831/random_key_pool_1/metrics.json,2031411249db77415c20ea81d807a6d10bed53b70302bdd70184d5957a66344b,9b11fbedad46a1e90edd8e79203ed57dc5f83bbab21e51ee22751e264c922e56,1754d228a3989e52684d6af90d9b71d6b8c4553973012134835ec3d505a3a666,a5ec9c6c48cf220adc8ab277a86054b521a7f1a1,bounded_validation,MOBIO,polyprotect_paper_specified,91831,91861,91867,30,random_key_pool_1,10,deepsets,607,0.8083333333333333,0.9666666666666667,0.9765523227969348,0.10545977011494251,0.6666666666666666,0.19583333333333333,0.675,0.925,120,True
results/scheme_followup_2026-09-18/MOBIO_polyprotect_paper_specified_split91831/random_key_pool_1/metrics.json,2031411249db77415c20ea81d807a6d10bed53b70302bdd70184d5957a66344b,9b11fbedad46a1e90edd8e79203ed57dc5f83bbab21e51ee22751e264c922e56,1754d228a3989e52684d6af90d9b71d6b8c4553973012134835ec3d505a3a666,a5ec9c6c48cf220adc8ab277a86054b521a7f1a1,bounded_validation,MOBIO,polyprotect_paper_specified,91831,91861,91867,30,random_key_pool_1,10,deepsets,613,0.7166666666666667,1.0,0.9829448036398467,0.052442528735632196,0.5083333333333333,0.3333333333333333,0.5541666666666667,0.8625,120,True
results/scheme_followup_2026-09-18/MOBIO_polyprotect_paper_specified_split91831/random_key_pool_4/metrics.json,e1ee32ea081ca0678ae6e56580c43d007a044ee3d20b062104a21fbf5c485400,94fc02f58094e34419be2a988c8aea5e6d3be4c219ebb9bacb1ca960525253e2,1754d228a3989e52684d6af90d9b71d6b8c4553973012134835ec3d505a3a666,a5ec9c6c48cf220adc8ab277a86054b521a7f1a1,bounded_validation,MOBIO,polyprotect_paper_specified,91831,91861,91867,30,random_key_pool_4,1,single_mlp,601,0.48333333333333334,0.7875,0.8783297413793103,0.17909482758620693,0.39166666666666666,0.19583333333333333,0.38333333333333336,0.5833333333333334,105,True
results/scheme_followup_2026-09-18/MOBIO_polyprotect_paper_specified_split91831/random_key_pool_4/metrics.json,e1ee32ea081ca0678ae6e56580c43d007a044ee3d20b062104a21fbf5c485400,94fc02f58094e34419be2a988c8aea5e6d3be4c219ebb9bacb1ca960525253e2,1754d228a3989e52684d6af90d9b71d6b8c4553973012134835ec3d505a3a666,a5ec9c6c48cf220adc8ab277a86054b521a7f1a1,bounded_validation,MOBIO,polyprotect_paper_specified,91831,91861,91867,30,random_key_pool_4,1,single_mlp,607,0.5083333333333333,0.8291666666666667,0.9007183908045976,0.16975574712643676,0.35833333333333334,0.20416666666666666,0.3875,0.6333333333333333,79,True
results/scheme_followup_2026-09-18/MOBIO_polyprotect_paper_specified_split91831/random_key_pool_4/metrics.json,e1ee32ea081ca0678ae6e56580c43d007a044ee3d20b062104a21fbf5c485400,94fc02f58094e34419be2a988c8aea5e6d3be4c219ebb9bacb1ca960525253e2,1754d228a3989e52684d6af90d9b71d6b8c4553973012134835ec3d505a3a666,a5ec9c6c48cf220adc8ab277a86054b521a7f1a1,bounded_validation,MOBIO,polyprotect_paper_specified,91831,91861,91867,30,random_key_pool_4,1,single_mlp,613,0.5083333333333333,0.8166666666666667,0.9073838601532567,0.16846264367816088,0.38333333333333336,0.22083333333333333,0.4,0.625,69,True
results/scheme_followup_2026-09-18/MOBIO_polyprotect_paper_specified_split91831/random_key_pool_4/metrics.json,e1ee32ea081ca0678ae6e56580c43d007a044ee3d20b062104a21fbf5c485400,94fc02f58094e34419be2a988c8aea5e6d3be4c219ebb9bacb1ca960525253e2,1754d228a3989e52684d6af90d9b71d6b8c4553973012134835ec3d505a3a666,a5ec9c6c48cf220adc8ab277a86054b521a7f1a1,bounded_validation,MOBIO,polyprotect_paper_specified,91831,91861,91867,30,random_key_pool_4,10,mean_mlp,601,0.6625,0.9166666666666666,0.9593408764367817,0.10323275862068965,0.575,0.3333333333333333,0.5125,0.8041666666666667,120,True
results/scheme_followup_2026-09-18/MOBIO_polyprotect_paper_specified_split91831/random_key_pool_4/metrics.json,e1ee32ea081ca0678ae6e56580c43d007a044ee3d20b062104a21fbf5c485400,94fc02f58094e34419be2a988c8aea5e6d3be4c219ebb9bacb1ca960525253e2,1754d228a3989e52684d6af90d9b71d6b8c4553973012134835ec3d505a3a666,a5ec9c6c48cf220adc8ab277a86054b521a7f1a1,bounded_validation,MOBIO,polyprotect_paper_specified,91831,91861,91867,30,random_key_pool_4,10,mean_mlp,607,0.7916666666666666,0.975,0.9785482519157088,0.08821839080459772,0.7083333333333334,0.4375,0.65,0.9166666666666666,120,True
results/scheme_followup_2026-09-18/MOBIO_polyprotect_paper_specified_split91831/random_key_pool_4/metrics.json,e1ee32ea081ca0678ae6e56580c43d007a044ee3d20b062104a21fbf5c485400,94fc02f58094e34419be2a988c8aea5e6d3be4c219ebb9bacb1ca960525253e2,1754d228a3989e52684d6af90d9b71d6b8c4553973012134835ec3d505a3a666,a5ec9c6c48cf220adc8ab277a86054b521a7f1a1,bounded_validation,MOBIO,polyprotect_paper_specified,91831,91861,91867,30,random_key_pool_4,10,mean_mlp,613,0.6833333333333333,0.9666666666666667,0.9706932471264368,0.08189655172413796,0.6375,0.30416666666666664,0.525,0.8375,120,True
results/scheme_followup_2026-09-18/MOBIO_polyprotect_paper_specified_split91831/random_key_pool_4/metrics.json,e1ee32ea081ca0678ae6e56580c43d007a044ee3d20b062104a21fbf5c485400,94fc02f58094e34419be2a988c8aea5e6d3be4c219ebb9bacb1ca960525253e2,1754d228a3989e52684d6af90d9b71d6b8c4553973012134835ec3d505a3a666,a5ec9c6c48cf220adc8ab277a86054b521a7f1a1,bounded_validation,MOBIO,polyprotect_paper_specified,91831,91861,91867,30,random_key_pool_4,10,deepsets,601,0.75,0.9625,0.9731800766283525,0.08232758620689656,0.5958333333333333,0.30833333333333335,0.5998958333333335,0.8833333333333333,118,True
results/scheme_followup_2026-09-18/MOBIO_polyprotect_paper_specified_split91831/random_key_pool_4/metrics.json,e1ee32ea081ca0678ae6e56580c43d007a044ee3d20b062104a21fbf5c485400,94fc02f58094e34419be2a988c8aea5e6d3be4c219ebb9bacb1ca960525253e2,1754d228a3989e52684d6af90d9b71d6b8c4553973012134835ec3d505a3a666,a5ec9c6c48cf220adc8ab277a86054b521a7f1a1,bounded_validation,MOBIO,polyprotect_paper_specified,91831,91861,91867,30,random_key_pool_4,10,deepsets,607,0.5708333333333333,0.8583333333333333,0.9343193247126437,0.13987068965517244,0.5666666666666667,0.07083333333333333,0.4040625000000002,0.7375,119,True
results/scheme_followup_2026-09-18/MOBIO_polyprotect_paper_specified_split91831/random_key_pool_4/metrics.json,e1ee32ea081ca0678ae6e56580c43d007a044ee3d20b062104a21fbf5c485400,94fc02f58094e34419be2a988c8aea5e6d3be4c219ebb9bacb1ca960525253e2,1754d228a3989e52684d6af90d9b71d6b8c4553973012134835ec3d505a3a666,a5ec9c6c48cf220adc8ab277a86054b521a7f1a1,bounded_validation,MOBIO,polyprotect_paper_specified,91831,91861,91867,30,random_key_pool_4,10,deepsets,613,0.7291666666666666,0.9583333333333334,0.9730040708812261,0.08326149425287357,0.5583333333333333,0.25833333333333336,0.5791666666666667,0.8666666666666667,119,True
results/scheme_followup_2026-09-18/MOBIO_polyprotect_paper_specified_split91843/independent_unseen_keys/metrics.json,d938c8e72b6c74ef3f21934fa6cf124ab6e095e3d550b47c8d8f9f434c67352b,9fb16fa1e32a8740c3bbdb99a91a35c8ccc817250006f077b64e23344fbd24c5,1754d228a3989e52684d6af90d9b71d6b8c4553973012134835ec3d505a3a666,a5ec9c6c48cf220adc8ab277a86054b521a7f1a1,bounded_validation,MOBIO,polyprotect_paper_specified,91843,91861,91867,30,independent_unseen_keys,1,single_mlp,601,0.04583333333333333,0.1625,0.4885278975095785,0.5051005747126437,0.03333333333333333,0.0,0.0,0.125,13,True
results/scheme_followup_2026-09-18/MOBIO_polyprotect_paper_specified_split91843/independent_unseen_keys/metrics.json,d938c8e72b6c74ef3f21934fa6cf124ab6e095e3d550b47c8d8f9f434c67352b,9fb16fa1e32a8740c3bbdb99a91a35c8ccc817250006f077b64e23344fbd24c5,1754d228a3989e52684d6af90d9b71d6b8c4553973012134835ec3d505a3a666,a5ec9c6c48cf220adc8ab277a86054b521a7f1a1,bounded_validation,MOBIO,polyprotect_paper_specified,91843,91861,91867,30,independent_unseen_keys,1,single_mlp,607,0.0375,0.15416666666666667,0.4927520354406131,0.5125,0.008333333333333333,0.0,0.0,0.10833333333333334,11,True
results/scheme_followup_2026-09-18/MOBIO_polyprotect_paper_specified_split91843/independent_unseen_keys/metrics.json,d938c8e72b6c74ef3f21934fa6cf124ab6e095e3d550b47c8d8f9f434c67352b,9fb16fa1e32a8740c3bbdb99a91a35c8ccc817250006f077b64e23344fbd24c5,1754d228a3989e52684d6af90d9b71d6b8c4553973012134835ec3d505a3a666,a5ec9c6c48cf220adc8ab277a86054b521a7f1a1,bounded_validation,MOBIO,polyprotect_paper_specified,91843,91861,91867,30,independent_unseen_keys,1,single_mlp,613,0.020833333333333332,0.18333333333333332,0.5137314415708812,0.49992816091954023,0.008333333333333333,0.0,0.0,0.058333333333333334,13,True
results/scheme_followup_2026-09-18/MOBIO_polyprotect_paper_specified_split91843/independent_unseen_keys/metrics.json,d938c8e72b6c74ef3f21934fa6cf124ab6e095e3d550b47c8d8f9f434c67352b,9fb16fa1e32a8740c3bbdb99a91a35c8ccc817250006f077b64e23344fbd24c5,1754d228a3989e52684d6af90d9b71d6b8c4553973012134835ec3d505a3a666,a5ec9c6c48cf220adc8ab277a86054b521a7f1a1,bounded_validation,MOBIO,polyprotect_paper_specified,91843,91861,91867,30,independent_unseen_keys,10,mean_mlp,601,0.05416666666666667,0.21666666666666667,0.49593869731800766,0.5446120689655173,0.0,0.0,0.0,0.1375,10,True
results/scheme_followup_2026-09-18/MOBIO_polyprotect_paper_specified_split91843/independent_unseen_keys/metrics.json,d938c8e72b6c74ef3f21934fa6cf124ab6e095e3d550b47c8d8f9f434c67352b,9fb16fa1e32a8740c3bbdb99a91a35c8ccc817250006f077b64e23344fbd24c5,1754d228a3989e52684d6af90d9b71d6b8c4553973012134835ec3d505a3a666,a5ec9c6c48cf220adc8ab277a86054b521a7f1a1,bounded_validation,MOBIO,polyprotect_paper_specified,91843,91861,91867,30,independent_unseen_keys,10,mean_mlp,607,0.025,0.0875,0.4809925766283525,0.47571839080459766,0.0,0.0,0.0,0.075,9,True
results/scheme_followup_2026-09-18/MOBIO_polyprotect_paper_specified_split91843/independent_unseen_keys/metrics.json,d938c8e72b6c74ef3f21934fa6cf124ab6e095e3d550b47c8d8f9f434c67352b,9fb16fa1e32a8740c3bbdb99a91a35c8ccc817250006f077b64e23344fbd24c5,1754d228a3989e52684d6af90d9b71d6b8c4553973012134835ec3d505a3a666,a5ec9c6c48cf220adc8ab277a86054b521a7f1a1,bounded_validation,MOBIO,polyprotect_paper_specified,91843,91861,91867,30,independent_unseen_keys,10,mean_mlp,613,0.03333333333333333,0.11666666666666667,0.5088876915708813,0.4670258620689655,0.025,0.0,0.0,0.1,10,True
results/scheme_followup_2026-09-18/MOBIO_polyprotect_paper_specified_split91843/independent_unseen_keys/metrics.json,d938c8e72b6c74ef3f21934fa6cf124ab6e095e3d550b47c8d8f9f434c67352b,9fb16fa1e32a8740c3bbdb99a91a35c8ccc817250006f077b64e23344fbd24c5,1754d228a3989e52684d6af90d9b71d6b8c4553973012134835ec3d505a3a666,a5ec9c6c48cf220adc8ab277a86054b521a7f1a1,bounded_validation,MOBIO,polyprotect_paper_specified,91843,91861,91867,30,independent_unseen_keys,10,deepsets,601,0.03333333333333333,0.19583333333333333,0.47407806513409956,0.5063218390804598,0.0,0.0,0.0,0.1,10,True
results/scheme_followup_2026-09-18/MOBIO_polyprotect_paper_specified_split91843/independent_unseen_keys/metrics.json,d938c8e72b6c74ef3f21934fa6cf124ab6e095e3d550b47c8d8f9f434c67352b,9fb16fa1e32a8740c3bbdb99a91a35c8ccc817250006f077b64e23344fbd24c5,1754d228a3989e52684d6af90d9b71d6b8c4553973012134835ec3d505a3a666,a5ec9c6c48cf220adc8ab277a86054b521a7f1a1,bounded_validation,MOBIO,polyprotect_paper_specified,91843,91861,91867,30,independent_unseen_keys,10,deepsets,607,0.03333333333333333,0.16666666666666666,0.5051137452107279,0.4915948275862069,0.0,0.0,0.0,0.1,11,True
results/scheme_followup_2026-09-18/MOBIO_polyprotect_paper_specified_split91843/independent_unseen_keys/metrics.json,d938c8e72b6c74ef3f21934fa6cf124ab6e095e3d550b47c8d8f9f434c67352b,9fb16fa1e32a8740c3bbdb99a91a35c8ccc817250006f077b64e23344fbd24c5,1754d228a3989e52684d6af90d9b71d6b8c4553973012134835ec3d505a3a666,a5ec9c6c48cf220adc8ab277a86054b521a7f1a1,bounded_validation,MOBIO,polyprotect_paper_specified,91843,91861,91867,30,independent_unseen_keys,10,deepsets,613,0.03333333333333333,0.15416666666666667,0.5091163793103448,0.4932471264367816,0.03333333333333333,0.03333333333333333,0.0,0.1,9,True
results/scheme_followup_2026-09-18/MOBIO_polyprotect_paper_specified_split91843/random_key_pool_1/metrics.json,2d92126bf5118df475405d25fb9a5a3a6a3393d928403654b06a3f3f46edb549,484edfcd17d6f402997b9060a2d328a87e066869dacc7172a07231f035c68610,1754d228a3989e52684d6af90d9b71d6b8c4553973012134835ec3d505a3a666,a5ec9c6c48cf220adc8ab277a86054b521a7f1a1,bounded_validation,MOBIO,polyprotect_paper_specified,91843,91861,91867,30,random_key_pool_1,1,single_mlp,601,0.9916666666666667,1.0,0.9996695402298851,0.006178160919540223,0.9958333333333333,0.9208333333333333,0.9791666666666666,1.0,120,True
results/scheme_followup_2026-09-18/MOBIO_polyprotect_paper_specified_split91843/random_key_pool_1/metrics.json,2d92126bf5118df475405d25fb9a5a3a6a3393d928403654b06a3f3f46edb549,484edfcd17d6f402997b9060a2d328a87e066869dacc7172a07231f035c68610,1754d228a3989e52684d6af90d9b71d6b8c4553973012134835ec3d505a3a666,a5ec9c6c48cf220adc8ab277a86054b521a7f1a1,bounded_validation,MOBIO,polyprotect_paper_specified,91843,91861,91867,30,random_key_pool_1,1,single_mlp,607,0.9958333333333333,1.0,0.9994851532567051,0.00869252873563217,0.9916666666666667,0.8875,0.9875,1.0,120,True
results/scheme_followup_2026-09-18/MOBIO_polyprotect_paper_specified_split91843/random_key_pool_1/metrics.json,2d92126bf5118df475405d25fb9a5a3a6a3393d928403654b06a3f3f46edb549,484edfcd17d6f402997b9060a2d328a87e066869dacc7172a07231f035c68610,1754d228a3989e52684d6af90d9b71d6b8c4553973012134835ec3d505a3a666,a5ec9c6c48cf220adc8ab277a86054b521a7f1a1,bounded_validation,MOBIO,polyprotect_paper_specified,91843,91861,91867,30,random_key_pool_1,1,single_mlp,613,0.9875,1.0,0.9995575909961686,0.00826149425287355,0.9916666666666667,0.9,0.9666666666666667,1.0,120,True
results/scheme_followup_2026-09-18/MOBIO_polyprotect_paper_specified_split91843/random_key_pool_1/metrics.json,2d92126bf5118df475405d25fb9a5a3a6a3393d928403654b06a3f3f46edb549,484edfcd17d6f402997b9060a2d328a87e066869dacc7172a07231f035c68610,1754d228a3989e52684d6af90d9b71d6b8c4553973012134835ec3d505a3a666,a5ec9c6c48cf220adc8ab277a86054b521a7f1a1,bounded_validation,MOBIO,polyprotect_paper_specified,91843,91861,91867,30,random_key_pool_1,10,mean_mlp,601,0.8958333333333334,1.0,0.9944462404214559,0.02887931034482759,0.775,0.5291666666666667,0.775,0.9916666666666667,63,True
results/scheme_followup_2026-09-18/MOBIO_polyprotect_paper_specified_split91843/random_key_pool_1/metrics.json,2d92126bf5118df475405d25fb9a5a3a6a3393d928403654b06a3f3f46edb549,484edfcd17d6f402997b9060a2d328a87e066869dacc7172a07231f035c68610,1754d228a3989e52684d6af90d9b71d6b8c4553973012134835ec3d505a3a666,a5ec9c6c48cf220adc8ab277a86054b521a7f1a1,bounded_validation,MOBIO,polyprotect_paper_specified,91843,91861,91867,30,random_key_pool_1,10,mean_mlp,607,0.9,0.9666666666666667,0.9766948036398467,0.04626436781609193,0.8333333333333334,0.44583333333333336,0.7666666666666667,1.0,120,True
results/scheme_followup_2026-09-18/MOBIO_polyprotect_paper_specified_split91843/random_key_pool_1/metrics.json,2d92126bf5118df475405d25fb9a5a3a6a3393d928403654b06a3f3f46edb549,484edfcd17d6f402997b9060a2d328a87e066869dacc7172a07231f035c68610,1754d228a3989e52684d6af90d9b71d6b8c4553973012134835ec3d505a3a666,a5ec9c6c48cf220adc8ab277a86054b521a7f1a1,bounded_validation,MOBIO,polyprotect_paper_specified,91843,91861,91867,30,random_key_pool_1,10,mean_mlp,613,0.875,1.0,0.9966936063218391,0.029669540229885053,0.8958333333333334,0.7875,0.75,0.975,120,True
results/scheme_followup_2026-09-18/MOBIO_polyprotect_paper_specified_split91843/random_key_pool_1/metrics.json,2d92126bf5118df475405d25fb9a5a3a6a3393d928403654b06a3f3f46edb549,484edfcd17d6f402997b9060a2d328a87e066869dacc7172a07231f035c68610,1754d228a3989e52684d6af90d9b71d6b8c4553973012134835ec3d505a3a666,a5ec9c6c48cf220adc8ab277a86054b521a7f1a1,bounded_validation,MOBIO,polyprotect_paper_specified,91843,91861,91867,30,random_key_pool_1,10,deepsets,601,0.7208333333333333,0.95,0.9775466954022989,0.08757183908045979,0.6333333333333333,0.23333333333333334,0.55,0.8666666666666667,120,True
results/scheme_followup_2026-09-18/MOBIO_polyprotect_paper_specified_split91843/random_key_pool_1/metrics.json,2d92126bf5118df475405d25fb9a5a3a6a3393d928403654b06a3f3f46edb549,484edfcd17d6f402997b9060a2d328a87e066869dacc7172a07231f035c68610,1754d228a3989e52684d6af90d9b71d6b8c4553973012134835ec3d505a3a666,a5ec9c6c48cf220adc8ab277a86054b521a7f1a1,bounded_validation,MOBIO,polyprotect_paper_specified,91843,91861,91867,30,random_key_pool_1,10,deepsets,607,0.875,0.9,0.9527412595785442,0.09748563218390804,0.7375,0.7083333333333334,0.75,0.975,120,True
results/scheme_followup_2026-09-18/MOBIO_polyprotect_paper_specified_split91843/random_key_pool_1/metrics.json,2d92126bf5118df475405d25fb9a5a3a6a3393d928403654b06a3f3f46edb549,484edfcd17d6f402997b9060a2d328a87e066869dacc7172a07231f035c68610,1754d228a3989e52684d6af90d9b71d6b8c4553973012134835ec3d505a3a666,a5ec9c6c48cf220adc8ab277a86054b521a7f1a1,bounded_validation,MOBIO,polyprotect_paper_specified,91843,91861,91867,30,random_key_pool_1,10,deepsets,613,0.6333333333333333,0.9416666666666667,0.9786859434865901,0.07334770114942527,0.5958333333333333,0.26666666666666666,0.4666666666666667,0.8,120,True
results/scheme_followup_2026-09-18/MOBIO_polyprotect_paper_specified_split91843/random_key_pool_4/metrics.json,77a6ea8c4481da9c171890573e30250f7f872e953af08540205e74bbb5b63558,01d41285e4df915bac4e2b5a2948c05b04e2fb8ef33bb2d132933072f1150776,1754d228a3989e52684d6af90d9b71d6b8c4553973012134835ec3d505a3a666,a5ec9c6c48cf220adc8ab277a86054b521a7f1a1,bounded_validation,MOBIO,polyprotect_paper_specified,91843,91861,91867,30,random_key_pool_4,1,single_mlp,601,0.49166666666666664,0.8125,0.8850580699233717,0.18735632183908046,0.4083333333333333,0.14583333333333334,0.4166666666666667,0.5708333333333333,86,True
results/scheme_followup_2026-09-18/MOBIO_polyprotect_paper_specified_split91843/random_key_pool_4/metrics.json,77a6ea8c4481da9c171890573e30250f7f872e953af08540205e74bbb5b63558,01d41285e4df915bac4e2b5a2948c05b04e2fb8ef33bb2d132933072f1150776,1754d228a3989e52684d6af90d9b71d6b8c4553973012134835ec3d505a3a666,a5ec9c6c48cf220adc8ab277a86054b521a7f1a1,bounded_validation,MOBIO,polyprotect_paper_specified,91843,91861,91867,30,random_key_pool_4,1,single_mlp,607,0.38333333333333336,0.7791666666666667,0.8876269157088122,0.1875,0.2791666666666667,0.08333333333333333,0.2916666666666667,0.4791666666666667,71,True
results/scheme_followup_2026-09-18/MOBIO_polyprotect_paper_specified_split91843/random_key_pool_4/metrics.json,77a6ea8c4481da9c171890573e30250f7f872e953af08540205e74bbb5b63558,01d41285e4df915bac4e2b5a2948c05b04e2fb8ef33bb2d132933072f1150776,1754d228a3989e52684d6af90d9b71d6b8c4553973012134835ec3d505a3a666,a5ec9c6c48cf220adc8ab277a86054b521a7f1a1,bounded_validation,MOBIO,polyprotect_paper_specified,91843,91861,91867,30,random_key_pool_4,1,single_mlp,613,0.42083333333333334,0.7416666666666667,0.8803214798850575,0.20833333333333337,0.3125,0.1625,0.3333333333333333,0.5125,106,True
results/scheme_followup_2026-09-18/MOBIO_polyprotect_paper_specified_split91843/random_key_pool_4/metrics.json,77a6ea8c4481da9c171890573e30250f7f872e953af08540205e74bbb5b63558,01d41285e4df915bac4e2b5a2948c05b04e2fb8ef33bb2d132933072f1150776,1754d228a3989e52684d6af90d9b71d6b8c4553973012134835ec3d505a3a666,a5ec9c6c48cf220adc8ab277a86054b521a7f1a1,bounded_validation,MOBIO,polyprotect_paper_specified,91843,91861,91867,30,random_key_pool_4,10,mean_mlp,601,0.6208333333333333,0.9916666666666667,0.9751502634099618,0.08397988505747128,0.5291666666666667,0.4041666666666667,0.45822916666666685,0.7791666666666667,120,True
results/scheme_followup_2026-09-18/MOBIO_polyprotect_paper_specified_split91843/random_key_pool_4/metrics.json,77a6ea8c4481da9c171890573e30250f7f872e953af08540205e74bbb5b63558,01d41285e4df915bac4e2b5a2948c05b04e2fb8ef33bb2d132933072f1150776,1754d228a3989e52684d6af90d9b71d6b8c4553973012134835ec3d505a3a666,a5ec9c6c48cf220adc8ab277a86054b521a7f1a1,bounded_validation,MOBIO,polyprotect_paper_specified,91843,91861,91867,30,random_key_pool_4,10,mean_mlp,607,0.75,0.95,0.9669276819923373,0.11206896551724141,0.6666666666666666,0.49166666666666664,0.5916666666666667,0.8958333333333334,120,True
results/scheme_followup_2026-09-18/MOBIO_polyprotect_paper_specified_split91843/random_key_pool_4/metrics.json,77a6ea8c4481da9c171890573e30250f7f872e953af08540205e74bbb5b63558,01d41285e4df915bac4e2b5a2948c05b04e2fb8ef33bb2d132933072f1150776,1754d228a3989e52684d6af90d9b71d6b8c4553973012134835ec3d505a3a666,a5ec9c6c48cf220adc8ab277a86054b521a7f1a1,bounded_validation,MOBIO,polyprotect_paper_specified,91843,91861,91867,30,random_key_pool_4,10,mean_mlp,613,0.8041666666666667,0.925,0.9615080220306513,0.11594827586206899,0.5875,0.22916666666666666,0.6666666666666666,0.9291666666666667,120,True
results/scheme_followup_2026-09-18/MOBIO_polyprotect_paper_specified_split91843/random_key_pool_4/metrics.json,77a6ea8c4481da9c171890573e30250f7f872e953af08540205e74bbb5b63558,01d41285e4df915bac4e2b5a2948c05b04e2fb8ef33bb2d132933072f1150776,1754d228a3989e52684d6af90d9b71d6b8c4553973012134835ec3d505a3a666,a5ec9c6c48cf220adc8ab277a86054b521a7f1a1,bounded_validation,MOBIO,polyprotect_paper_specified,91843,91861,91867,30,random_key_pool_4,10,deepsets,601,0.7375,0.9416666666666667,0.9657884339080459,0.08936781609195404,0.6166666666666667,0.31666666666666665,0.5833333333333334,0.875,120,True
results/scheme_followup_2026-09-18/MOBIO_polyprotect_paper_specified_split91843/random_key_pool_4/metrics.json,77a6ea8c4481da9c171890573e30250f7f872e953af08540205e74bbb5b63558,01d41285e4df915bac4e2b5a2948c05b04e2fb8ef33bb2d132933072f1150776,1754d228a3989e52684d6af90d9b71d6b8c4553973012134835ec3d505a3a666,a5ec9c6c48cf220adc8ab277a86054b521a7f1a1,bounded_validation,MOBIO,polyprotect_paper_specified,91843,91861,91867,30,random_key_pool_4,10,deepsets,607,0.7166666666666667,0.9291666666666667,0.9539834770114942,0.10919540229885055,0.49166666666666664,0.32916666666666666,0.5666666666666667,0.8625,120,True
results/scheme_followup_2026-09-18/MOBIO_polyprotect_paper_specified_split91843/random_key_pool_4/metrics.json,77a6ea8c4481da9c171890573e30250f7f872e953af08540205e74bbb5b63558,01d41285e4df915bac4e2b5a2948c05b04e2fb8ef33bb2d132933072f1150776,1754d228a3989e52684d6af90d9b71d6b8c4553973012134835ec3d505a3a666,a5ec9c6c48cf220adc8ab277a86054b521a7f1a1,bounded_validation,MOBIO,polyprotect_paper_specified,91843,91861,91867,30,random_key_pool_4,10,deepsets,613,0.6958333333333333,0.8291666666666667,0.9309949712643679,0.17780172413793105,0.45,0.12916666666666668,0.5291666666666667,0.8583333333333333,120,True
